store_name,department,category,item,description,qty_sold,sold_price,total_sales
Overall ,No data,No data,No data,No data,5784,,326407.36
 ALBROOK MALL,No data,No data,No data,No data,597,,31740.42
ALBROOK MALL,VIDEO JUEGO,NINTENDO 3DS,767649403752,F1 2011 3DS,1,19.99,19.99
ALBROOK MALL,ACCESORIO,NINTENDO WIIU,873124005363,Silicone procte Splatoon Wiiu ,1,19.99,19.99
ALBROOK MALL,ACCESORIO,NINTENDO WIIU,873124005509,Silicone procte Super M. Wiiu ,1,19.99,19.99
ALBROOK MALL,ACCESORIO,NINTENDO WIIU,617885001147,Super Mario Kit Wiiu,1,19.99,19.99
ALBROOK MALL,ACCESORIO,NINTENDO WIIU,873124005509,Silicone procte Super M. Wiiu ,1,19.99,19.99
ALBROOK MALL,ACCESORIO,NINTENDO 3DS,873124005394,Hard Pouch Pikachu 3DSXL NEW,1,19.99,19.99
ALBROOK MALL,VIDEO JUEGO,PLAYSTATION 3 - PS3 ,752919992173,Megamind - PS3,1,29.99,29.99
ALBROOK MALL,VIDEO JUEGO,PLAYSTATION 3 - PS3 ,662248916248,Ultimate Action T. Pack PS3,1,39.99,39.99
ALBROOK MALL,VIDEO JUEGO,NINTENDO WII U,8888187684,Rabbids land Wiiu,1,29.99,29.99
ALBROOK MALL,ACCESORIO,PLAYSTATION 4 - PS4,804551664724,Thumb Grips Black PS4 - XB1,1,12.99,12.99
ALBROOK MALL,VIDEO JUEGO,PLAYSTATION 4- PS4,883929474110,Lego marvel avengers PS4,1,69.99,69.99
ALBROOK MALL,VIDEO JUEGO,PLAYSTATION 4- PS4,883929474110,Lego marvel avengers PS4,1,69.99,69.99
ALBROOK MALL,VIDEO JUEGO,PLAYSTATION 4- PS4,883929474110,Lego marvel avengers PS4,1,69.99,69.99
ALBROOK MALL,VIDEO JUEGO,NINTENDO Wii,10086650358,Sonic & Sega All - Stars - Wii,1,29.99,29.99
ALBROOK MALL,VIDEO JUEGO,PLAYSTATION 3 - PS3 ,7506127514428,Los Caballeros del Zodiaco PS3,1,39.99,39.99
ALBROOK MALL,VIDEO JUEGO,PS VITA,883929331086,Injustice Gods Among UL PSVITA,1,29.99,29.99
ALBROOK MALL,CONSOLAS,NINTENDO 3DS,45496781330,NINTENDO 3DS XL SNES,1,219.99,219.99
ALBROOK MALL,CONSOLAS,NINTENDO 3DS,45496781330,NINTENDO 3DS XL SNES,1,219.99,219.99
ALBROOK MALL,VIDEO JUEGO,PLAYSTATION 3 - PS3 ,710425473043,GTA V PS3,1,59.99,59.99
ALBROOK MALL,VIDEO JUEGO,PLAYSTATION 3 - PS3 ,722674111904,J-STARS VICTORY + PS3,1,59.99,59.99
ALBROOK MALL,VIDEO JUEGO,PLAYSTATION 3 - PS3 ,722674111850,Dark Souls II PS3,1,29.99,29.99
ALBROOK MALL,VIDEO JUEGO,PLAYSTATION 3 - PS3 ,47875846777,COD Ghost PS3,1,0.01,0.01
ALBROOK MALL,VIDEO JUEGO,PLAYSTATION 3 - PS3 ,8888345343,Assassin's Creed 2 - PS3,1,0.01,0.01
ALBROOK MALL,VIDEO JUEGO,PLAYSTATION 3 - PS3 ,8888345343,Assassin's Creed 2 - PS3,1,0.01,0.01
ALBROOK MALL,VIDEO JUEGO,PLAYSTATION 3 - PS3 ,47875846777,COD Ghost PS3,1,0.01,0.01
ALBROOK MALL,VIDEO JUEGO,PLAYSTATION 3 - PS3 ,8888345343,Assassin's Creed 2 - PS3,1,0.01,0.01
ALBROOK MALL,VIDEO JUEGO,PLAYSTATION 3 - PS3 ,47875846777,COD Ghost PS3,1,0.01,0.01
ALBROOK MALL,VIDEO JUEGO,PLAYSTATION 3 - PS3 ,883929241309,Mortal Kombat Komplete Ed PS3,1,39.99,39.99
ALBROOK MALL,VIDEO JUEGO,PLAYSTATION 3 - PS3 ,816819011485,Sacred 3 PS3 ,1,49.99,49.99
ALBROOK MALL,VIDEO JUEGO,PLAYSTATION 3 - PS3 ,883929241309,Mortal Kombat Komplete Ed PS3,1,39.99,39.99
ALBROOK MALL,VIDEO JUEGO,PLAYSTATION 3 - PS3 ,722674110501,Dragon Ball U.Tenkaichi PS3,1,49.99,49.99
ALBROOK MALL,VIDEO JUEGO,PLAYSTATION 3 - PS3 ,710425476556,NBA 2K16 PS3,1,69.99,69.99
ALBROOK MALL,VIDEO JUEGO,PS VITA,14633368055,Fifa 15 PSVITA ,1,39.99,39.99
ALBROOK MALL,VIDEO JUEGO,PS VITA,14633368055,Fifa 15 PSVITA ,1,39.99,39.99
ALBROOK MALL,VIDEO JUEGO,PS VITA,883929331086,Injustice Gods Among UL PSVITA,1,29.99,29.99
ALBROOK MALL,VIDEO JUEGO,PS VITA,711719053095,MLB 15 The Show PSVITA,1,19.99,19.99
ALBROOK MALL,VIDEO JUEGO,PLAYSTATION 4- PS4,83717202790,Metal Gear Solid V PS4,1,69.99,69.99
ALBROOK MALL,VIDEO JUEGO,PLAYSTATION 4- PS4,887256014520,The Division PS4,1,69.99,69.99
ALBROOK MALL,VIDEO JUEGO,PLAYSTATION 4- PS4,662248915869,Just Cause 3 PS4,1,69.99,69.99
ALBROOK MALL,CONSOLAS,NINTENDO 3DS,45496781330,NINTENDO 3DS XL SNES,1,219.99,219.99
ALBROOK MALL,CONSOLAS,NINTENDO WII U,45496881733,Nintendo Wiiu Mario Kart 8 DL,1,369.99,369.99
ALBROOK MALL,CONSOLAS,NINTENDO WII U,45496881733,Nintendo Wiiu Mario Kart 8 DL,1,369.99,369.99
ALBROOK MALL,AUDIFONOS,GAMING,711719051527,Silver Wired  Sterio PS4,1,49.99,49.99
ALBROOK MALL,AUDIFONOS,GAMING,711719051527,Silver Wired  Sterio PS4,1,49.99,49.99
ALBROOK MALL,CONSOLAS,PLAYSTATION 3 - PS3,711719050537,PS3 Ultraslim The last 500 GB,1,299.99,299.99
ALBROOK MALL,CONSOLAS,PLAYSTATION 3 - PS3,711719050537,PS3 Ultraslim The last 500 GB,1,299.99,299.99
ALBROOK MALL,CONSOLAS,PLAYSTATION 3 - PS3,711719050537,PS3 Ultraslim The last 500 GB,1,299.99,299.99
ALBROOK MALL,CONSOLAS,PLAYSTATION 3 - PS3,711719050537,PS3 Ultraslim The last 500 GB,1,299.99,299.99
ALBROOK MALL,VIDEO JUEGO,PLAYSTATION 4- PS4,887256300340,Assassins Creed Unity PS4,1,0.01,0.01
ALBROOK MALL,VIDEO JUEGO,PLAYSTATION 4- PS4,887256300340,Assassins Creed Unity PS4,1,0.01,0.01
ALBROOK MALL,VIDEO JUEGO,PLAYSTATION 4- PS4,887256300340,Assassins Creed Unity PS4,1,39.99,39.99
ALBROOK MALL,VIDEO JUEGO,PLAYSTATION 4- PS4,887256300340,Assassins Creed Unity PS4,1,39.99,39.99
ALBROOK MALL,CONSOLAS,PLAYSTATION 3 - PS3,711719992097,PS3 Ultraslim 250 GB,1,279.99,279.99
ALBROOK MALL,CONSOLAS,PS VITA,711719050681,PS Vita 2.0 Borderland 2,1,249.99,249.99
ALBROOK MALL,CONSOLAS,PS VITA,711719050681,PS Vita 2.0 Borderland 2,1,249.99,249.99
ALBROOK MALL,VIDEO JUEGO,NINTENDO WII U,883929280483,Game Party Champions Wiiu,1,0.01,0.01
ALBROOK MALL,VIDEO JUEGO,PLAYSTATION 3 - PS3 ,47875874367,COD Black Ops I + II C. PS3,1,49.99,49.99
ALBROOK MALL,VIDEO JUEGO,PLAYSTATION 3 - PS3 ,711719822929,God of War Col FAV - PS3,1,19.99,19.99
ALBROOK MALL,VIDEO JUEGO,PLAYSTATION 3 - PS3 ,47875874367,COD Black Ops I + II C. PS3,1,49.99,49.99
ALBROOK MALL,VIDEO JUEGO,PLAYSTATION 3 - PS3 ,887256000615,AssassinCreed The  A.C. PS3,1,49.99,49.99
ALBROOK MALL,VIDEO JUEGO,PS VITA,13388370030,Street fighter X Tekken PSV,1,39.99,39.99
ALBROOK MALL,VIDEO JUEGO,PS VITA,47875767997,The Amazing Spiderman PSVITA,1,39.99,39.99
ALBROOK MALL,VIDEO JUEGO,PS VITA,8888317371,Assassins Creed Liberation PSV,1,39.99,39.99
ALBROOK MALL,VIDEO JUEGO,PS VITA,8888317371,Assassins Creed Liberation PSV,1,39.99,39.99
ALBROOK MALL,VIDEO JUEGO,PS VITA,47875843899,COD Black Ops Psvita,1,49.99,49.99
ALBROOK MALL,VIDEO JUEGO,PS VITA,711719220268,Uncharted Golden Abyss PSV,1,29.99,29.99
ALBROOK MALL,VIDEO JUEGO,PS VITA,711719220268,Uncharted Golden Abyss PSV,1,29.99,29.99
ALBROOK MALL,VIDEO JUEGO,NINTENDO WII U,883929326969,Lego Marvel Super Heroes WII U,1,29.99,29.99
ALBROOK MALL,VIDEO JUEGO,NINTENDO WII U,883929280483,Game Party Champions Wiiu,1,0.01,0.01
ALBROOK MALL,VIDEO JUEGO,PLAYSTATION 3 - PS3 ,887256000615,AssassinCreed The  A.C. PS3,1,49.99,49.99
ALBROOK MALL,VIDEO JUEGO,PLAYSTATION 3 - PS3 ,47875874367,COD Black Ops I + II C. PS3,1,49.99,49.99
ALBROOK MALL,VIDEO JUEGO,PLAYSTATION 3 - PS3 ,47875874367,COD Black Ops I + II C. PS3,1,49.99,49.99
ALBROOK MALL,VIDEO JUEGO,PLAYSTATION 3 - PS3 ,711719992479,Gran Turismo 6 PS3,1,49.99,49.99
ALBROOK MALL,VIDEO JUEGO,PLAYSTATION 4- PS4,883929323371,Injustice Gods Among Us UL PS4,1,39.99,39.99
ALBROOK MALL,VIDEO JUEGO,PS VITA,711719220268,Uncharted Golden Abyss PSV,1,29.99,29.99
ALBROOK MALL,VIDEO JUEGO,NINTENDO Wii,14633152715,NFS Carbon  - Wii,1,39.99,39.99
ALBROOK MALL,VIDEO JUEGO,NINTENDO Wii,14633195910,NFS The Run Wii,1,39.99,39.99
ALBROOK MALL,VIDEO JUEGO,PLAYSTATION 4- PS4,711719053293,Minecraft PS4,1,29.99,29.99
ALBROOK MALL,VIDEO JUEGO,PLAYSTATION 4- PS4,887256014711,Rainbow Six PS4,1,69.99,69.99
ALBROOK MALL,VIDEO JUEGO,PLAYSTATION 4- PS4,711719053293,Minecraft PS4,1,29.99,29.99
ALBROOK MALL,VIDEO JUEGO,PLAYSTATION 4- PS4,887256015084,Assassins Creed Syndicate- PS4,1,69.99,69.99
ALBROOK MALL,VIDEO JUEGO,PLAYSTATION 4- PS4,887256014711,Rainbow Six PS4,1,69.99,69.99
ALBROOK MALL,VIDEO JUEGO,PLAYSTATION 3 - PS3 ,711719982814,Jak & Daxter Col FAV PS3,1,19.99,19.99
ALBROOK MALL,VIDEO JUEGO,PLAYSTATION 3 - PS3 ,711719052722,Silent Hill HD Col FAV PS3,1,19.99,19.99
ALBROOK MALL,VIDEO JUEGO,PLAYSTATION 3 - PS3 ,711719053057,Dead or Alive 5 Ulti FAV PS3,1,19.99,19.99
ALBROOK MALL,VIDEO JUEGO,PLAYSTATION 3 - PS3 ,711719053033,Ninja Gaiden 3  PS3,1,19.99,19.99
ALBROOK MALL,VIDEO JUEGO,PLAYSTATION 3 - PS3 ,8888347484,Just Dance 4 PS3,1,19.99,19.99
ALBROOK MALL,VIDEO JUEGO,PLAYSTATION 3 - PS3 ,711719825722,Uncharted 2 (G.O.T.Y) - PS3,1,29.99,29.99
ALBROOK MALL,VIDEO JUEGO,PLAYSTATION 3 - PS3 ,711719817727,Sport Champions PS3,1,19.99,19.99
ALBROOK MALL,VIDEO JUEGO,PLAYSTATION 3 - PS3 ,14633196436,SSX PS3,1,0.01,0.01
ALBROOK MALL,VIDEO JUEGO,PS VITA,711719220602,Allstars Battle Royale PSVITA,1,29.99,29.99
ALBROOK MALL,VIDEO JUEGO,PS VITA,711719051589,The wolf Amongus PSVITA ,1,29.99,29.99
ALBROOK MALL,VIDEO JUEGO,PS VITA,711719220602,Allstars Battle Royale PSVITA,1,0.01,0.01
ALBROOK MALL,VIDEO JUEGO,PS VITA,711719220602,Allstars Battle Royale PSVITA,1,0.01,0.01
ALBROOK MALL,VIDEO JUEGO,PS VITA,883929319664,Batman Arkham Origins PSVITA,1,29.99,29.99
ALBROOK MALL,VIDEO JUEGO,PS VITA,711719221241,Tearaway PSVITA,1,29.99,29.99
ALBROOK MALL,VIDEO JUEGO,PLAYSTATION 4- PS4,711719100447,The Order 1886 PS4,1,39.99,39.99
ALBROOK MALL,ACCESORIO,TARJETAS,711719478102,PSN $20,1,29.99,29.99
ALBROOK MALL,ACCESORIO,TARJETAS,711719478102,PSN $20,1,29.99,29.99
ALBROOK MALL,ACCESORIO,TARJETAS,711719432500,PSN $10,1,15.99,15.99
ALBROOK MALL,ACCESORIO,TARJETAS,711719478102,PSN $20,1,29.99,29.99
ALBROOK MALL,ACCESORIO,TARJETAS,711719478102,PSN $20,1,29.99,29.99
ALBROOK MALL,VIDEO JUEGO,NINTENDO WII U,47875846371,The Amazing Spiderman Wiiu,1,39.99,39.99
ALBROOK MALL,ACCESORIO,TOYS 2 LIFE,712725027506,Disney infinity 3.0 Dark V Lig,1,19.99,19.99
ALBROOK MALL,ACCESORIO,TOYS 2 LIFE,712725023768,Disney infinity power disc pac,1,1.0,1.0
ALBROOK MALL,ACCESORIO,TOYS 2 LIFE,712725025700,Disney infinity 2.0 Hulk,1,19.99,19.99
ALBROOK MALL,ACCESORIO,TOYS 2 LIFE,712725026332,Disney infinity 2.0 Falcon ,1,19.99,19.99
ALBROOK MALL,ACCESORIO,TOYS 2 LIFE,712725023768,Disney infinity power disc pac,1,1.0,1.0
ALBROOK MALL,ACCESORIO,TOYS 2 LIFE,712725023829,Disney infinity Violet ,1,9.99,9.99
ALBROOK MALL,ACCESORIO,TOYS 2 LIFE,712725023768,Disney infinity power disc pac,1,1.0,1.0
ALBROOK MALL,ACCESORIO,TOYS 2 LIFE,712725027285,Disney infinity 3.0 Power Disc,1,9.99,9.99
ALBROOK MALL,VIDEO JUEGO,XBOX 360,83717301806,Metal Gear Solid V X360,1,59.99,59.99
ALBROOK MALL,VIDEO JUEGO,XBOX 360,722674210423,Body & Brain Connection - XBOX,1,19.99,19.99
ALBROOK MALL,VIDEO JUEGO,XBOX 360,8888528746,Assassins Creed Revelation X3,1,19.99,19.99
ALBROOK MALL,VIDEO JUEGO,XBOX 360,883929408191,Shadow of Mordor Xbox 360,1,69.99,69.99
ALBROOK MALL,VIDEO JUEGO,NINTENDO 3DS,883929474189,Lego marvel avengers 3DS,-1,39.99,-39.99
ALBROOK MALL,VIDEO JUEGO,NINTENDO 3DS,662248916576,Final fantasy Explorers 3DS ,1,49.99,49.99
ALBROOK MALL,VIDEO JUEGO,NINTENDO 3DS,883929474189,Lego marvel avengers 3DS,1,39.99,39.99
ALBROOK MALL,VIDEO JUEGO,NINTENDO 3DS,722674700641,Project X Zone 2 3DS ,1,49.99,49.99
ALBROOK MALL,ACCESORIO,TARJETAS,799366086444,Google Play $15,1,19.99,19.99
ALBROOK MALL,ACCESORIO,TARJETAS,799366086444,Google Play $15,1,19.99,19.99
ALBROOK MALL,ACCESORIO,TARJETAS,711719478102,PSN $20,1,29.99,29.99
ALBROOK MALL,ACCESORIO,TARJETAS,799366114901,Nintendo eShop $10,1,15.99,15.99
ALBROOK MALL,ACCESORIO,TARJETAS,799366552260,PSN $50,1,69.99,69.99
ALBROOK MALL,ACCESORIO,TARJETAS,799366114901,Nintendo eShop $10,1,15.99,15.99
ALBROOK MALL,ACCESORIO,TARJETAS,799366086444,Google Play $15,2,19.99,39.98
ALBROOK MALL,ACCESORIO,TARJETAS,799366104667,Nintendo eShop $20,1,29.99,29.99
ALBROOK MALL,ACCESORIO,TARJETAS,711719478102,PSN $20,1,29.99,29.99
ALBROOK MALL,ACCESORIO,TARJETAS,711719432500,PSN $10,1,15.99,15.99
ALBROOK MALL,ACCESORIO,TARJETAS,711719432500,PSN $10,1,15.99,15.99
ALBROOK MALL,ACCESORIO,TARJETAS,711719478102,PSN $20,1,29.99,29.99
ALBROOK MALL,ACCESORIO,TARJETAS,799366114901,Nintendo eShop $10,1,15.99,15.99
ALBROOK MALL,ACCESORIO,TARJETAS,799366552260,PSN $50,1,69.99,69.99
ALBROOK MALL,ACCESORIO,TARJETAS,799366552260,PSN $50,1,69.99,69.99
ALBROOK MALL,ACCESORIO,TARJETAS,711719478102,PSN $20,2,29.99,59.98
ALBROOK MALL,ACCESORIO,TARJETAS,799366552260,PSN $50,1,69.99,69.99
ALBROOK MALL,ACCESORIO,TARJETAS,711719478102,PSN $20,1,29.99,29.99
ALBROOK MALL,ACCESORIO,TARJETAS,711719478102,PSN $20,1,29.99,29.99
ALBROOK MALL,ACCESORIO,TARJETAS,799366086444,Google Play $15,2,19.99,39.98
ALBROOK MALL,ACCESORIO,TARJETAS,711719478102,PSN $20,1,29.99,29.99
ALBROOK MALL,ACCESORIO,TARJETAS,76750020322,iTunes $25,1,26.99,26.99
ALBROOK MALL,ACCESORIO,TARJETAS,711719478102,PSN $20,1,29.99,29.99
ALBROOK MALL,VIDEO JUEGO,NINTENDO 3DS,722674700641,Project X Zone 2 3DS ,1,49.99,49.99
ALBROOK MALL,ACCESORIO,TARJETAS,711719478102,PSN $20,1,29.99,29.99
ALBROOK MALL,ACCESORIO,TARJETAS,799366552260,PSN $50,1,69.99,69.99
ALBROOK MALL,ACCESORIO,TARJETAS,799366552260,PSN $50,1,69.99,69.99
ALBROOK MALL,ACCESORIO,TARJETAS,711719432500,PSN $10,1,15.99,15.99
ALBROOK MALL,ACCESORIO,TARJETAS,711719478102,PSN $20,2,29.99,59.98
ALBROOK MALL,ACCESORIO,TARJETAS,799366114901,Nintendo eShop $10,1,15.99,15.99
ALBROOK MALL,ACCESORIO,TARJETAS,799366104667,Nintendo eShop $20,1,29.99,29.99
ALBROOK MALL,ACCESORIO,TARJETAS,799366552260,PSN $50,1,69.99,69.99
ALBROOK MALL,ACCESORIO,TARJETAS,711719478102,PSN $20,1,29.99,29.99
ALBROOK MALL,ACCESORIO,TARJETAS,711719432500,PSN $10,2,15.99,31.98
ALBROOK MALL,ACCESORIO,TARJETAS,799366104667,Nintendo eShop $20,1,29.99,29.99
ALBROOK MALL,ACCESORIO,TARJETAS,799366552260,PSN $50,1,69.99,69.99
ALBROOK MALL,ACCESORIO,TARJETAS,711719478102,PSN $20,1,29.99,29.99
ALBROOK MALL,ACCESORIO,TARJETAS,711719478102,PSN $20,1,29.99,29.99
ALBROOK MALL,ACCESORIO,TARJETAS,799366552260,PSN $50,3,69.99,209.97
ALBROOK MALL,VIDEO JUEGO,NINTENDO WII U,883929474066,Lego marvel avengers Wiiu,1,59.99,59.99
ALBROOK MALL,VIDEO JUEGO,NINTENDO WII U,883929474066,Lego marvel avengers Wiiu,1,59.99,59.99
ALBROOK MALL,VIDEO JUEGO,PLAYSTATION 3 - PS3 ,47875846777,COD Ghost PS3,1,0.01,0.01
ALBROOK MALL,VIDEO JUEGO,PLAYSTATION 3 - PS3 ,8888345343,Assassin's Creed 2 - PS3,1,29.99,29.99
ALBROOK MALL,VIDEO JUEGO,PLAYSTATION 3 - PS3 ,47875846777,COD Ghost PS3,1,0.01,0.01
ALBROOK MALL,VIDEO JUEGO,PLAYSTATION 3 - PS3 ,710425476808,WWE 2k16 -PS3,1,69.99,69.99
ALBROOK MALL,VIDEO JUEGO,PLAYSTATION 3 - PS3 ,710425476808,WWE 2k16 -PS3,1,69.99,69.99
ALBROOK MALL,VIDEO JUEGO,XBOX ONE,83717302094,PES 16 XONE,1,34.99,34.99
ALBROOK MALL,VIDEO JUEGO,XBOX ONE,722674220248,Naruto Shippuden UNS4 XONE,1,69.99,69.99
ALBROOK MALL,VIDEO JUEGO,XBOX ONE,883929426539,Mortal Kombat X XONE,1,69.99,69.99
ALBROOK MALL,VIDEO JUEGO,XBOX ONE,722674220248,Naruto Shippuden UNS4 XONE,1,69.99,69.99
ALBROOK MALL,VIDEO JUEGO,XBOX ONE,722674220248,Naruto Shippuden UNS4 XONE,1,69.99,69.99
ALBROOK MALL,VIDEO JUEGO,XBOX ONE,722674220248,Naruto Shippuden UNS4 XONE,1,69.99,69.99
ALBROOK MALL,VIDEO JUEGO,NINTENDO 3DS,14633194661,Madden NFL 3DS,1,9.99,9.99
ALBROOK MALL,VIDEO JUEGO,NINTENDO 3DS,815403010811,Barbie Puppy rescue 3ds,1,39.99,39.99
ALBROOK MALL,VIDEO JUEGO,NINTENDO 3DS,883929326945,Lego Chima  3DS,1,0.01,0.01
ALBROOK MALL,VIDEO JUEGO,NINTENDO 3DS,883929326945,Lego Chima  3DS,1,0.01,0.01
ALBROOK MALL,VIDEO JUEGO,XBOX 360,710425491504,Spec Ops The  Line XBOX 360,1,29.99,29.99
ALBROOK MALL,VIDEO JUEGO,XBOX 360,83717302131,PES 16- XBOX 360,1,24.99,24.99
ALBROOK MALL,VIDEO JUEGO,XBOX 360,83717302131,PES 16- XBOX 360,1,39.99,39.99
ALBROOK MALL,VIDEO JUEGO,XBOX 360,83717302131,PES 16- XBOX 360,1,59.99,59.99
ALBROOK MALL,VIDEO JUEGO,XBOX ONE,710425496462,NBA 2K16  XONE,1,69.99,69.99
ALBROOK MALL,VIDEO JUEGO,XBOX ONE,887256014728,Rainbow Six XONE,1,69.99,69.99
ALBROOK MALL,VIDEO JUEGO,XBOX ONE,662248915852,Just Cause 3 XONE,1,69.99,69.99
ALBROOK MALL,VIDEO JUEGO,XBOX ONE,885370982299,Tomb Raider Rise of XB1,1,69.99,69.99
ALBROOK MALL,VIDEO JUEGO,XBOX ONE,887256015091,Assassins Creed Syndicate XONE,1,69.99,69.99
ALBROOK MALL,VIDEO JUEGO,XBOX ONE,14633369472,NFS XONE,1,69.99,69.99
ALBROOK MALL,VIDEO JUEGO,XBOX ONE,83717301912,Metal GearSolidVGrund Z - XONE,1,29.99,29.99
ALBROOK MALL,VIDEO JUEGO,XBOX ONE,13388550135,Resident Evil Origins Col XONE,1,49.99,49.99
ALBROOK MALL,VIDEO JUEGO,NINTENDO 3DS,883929474189,Lego marvel avengers 3DS,1,39.99,39.99
ALBROOK MALL,VIDEO JUEGO,PLAYSTATION 3 - PS3 ,8888346784,Splinter Cell Trilogy PS3,1,39.99,39.99
ALBROOK MALL,VIDEO JUEGO,PLAYSTATION 3 - PS3 ,14633735444,Fifa 16 PS3,1,59.99,59.99
ALBROOK MALL,VIDEO JUEGO,PLAYSTATION 3 - PS3 ,887256301156,Just Dance 2015 PS3,1,39.99,39.99
ALBROOK MALL,VIDEO JUEGO,PLAYSTATION 3 - PS3 ,722674111607,F1 2014 PS3,1,39.99,39.99
ALBROOK MALL,VIDEO JUEGO,PLAYSTATION 3 - PS3 ,883929474080,Lego marvel avengers PS3,1,59.99,59.99
ALBROOK MALL,VIDEO JUEGO,PLAYSTATION 3 - PS3 ,83717203087,PES 16-PS3,1,39.99,39.99
ALBROOK MALL,VIDEO JUEGO,NINTENDO DS,712725023508,Disney Planes DS,1,19.99,19.99
ALBROOK MALL,VIDEO JUEGO,XBOX 360,47875874855,GH Software + Guitar X360,1,129.99,129.99
ALBROOK MALL,VIDEO JUEGO,NINTENDO 3DS,45496742928,Pokemon Omega Ruby 3DS,1,49.99,49.99
ALBROOK MALL,VIDEO JUEGO,NINTENDO 3DS,45496742904,Super Smash Bros 3DS,1,49.99,49.99
ALBROOK MALL,VIDEO JUEGO,NINTENDO 3DS,45496741747,Mario Kart 7 3DS,1,39.99,39.99
ALBROOK MALL,VIDEO JUEGO,NINTENDO 3DS,45496743598,Mario & Luigi: Paper Jam 3DS,1,49.99,49.99
ALBROOK MALL,VIDEO JUEGO,NINTENDO 3DS,45496743598,Mario & Luigi: Paper Jam 3DS,1,49.99,49.99
ALBROOK MALL,VIDEO JUEGO,NINTENDO 3DS,13388305193,Monster Hunter 4 Ultimate 3DS,1,49.99,49.99
ALBROOK MALL,VIDEO JUEGO,NINTENDO 3DS,712725020422,Cars 2 3DS,1,29.99,29.99
ALBROOK MALL,VIDEO JUEGO,NINTENDO 3DS,45496742904,Super Smash Bros 3DS,1,49.99,49.99
ALBROOK MALL,VIDEO JUEGO,NINTENDO 3DS,45496742317,Lego city Undercover SEL 3DS,1,29.99,29.99
ALBROOK MALL,VIDEO JUEGO,NINTENDO 3DS,45496741747,Mario Kart 7 3DS,1,39.99,39.99
ALBROOK MALL,VIDEO JUEGO,NINTENDO 3DS,45496742072,New Super Mario Bros 2 3DS,1,37.91,37.91
ALBROOK MALL,VIDEO JUEGO,NINTENDO 3DS,45496741747,Mario Kart 7 3DS,1,39.99,39.99
ALBROOK MALL,VIDEO JUEGO,NINTENDO 3DS,45496742805,Zelda Majora´s Mask 3DS,1,49.99,49.99
ALBROOK MALL,CONSOLAS,NINTENDO 3DS,45496781866,NINTENDO NEW 3DSXL Hyrule edit,1,259.99,259.99
ALBROOK MALL,CONSOLAS,NINTENDO 3DS,45496781866,NINTENDO NEW 3DSXL Hyrule edit,1,259.99,259.99
ALBROOK MALL,VIDEO JUEGO,NINTENDO 3DS,45496743406,Fire Emblem Fates Conquest 3DS,1,49.99,49.99
ALBROOK MALL,VIDEO JUEGO,NINTENDO 3DS,45496743154,Fire Emblem Fates Birth 3DS,1,49.99,49.99
ALBROOK MALL,VIDEO JUEGO,NINTENDO 3DS,45496743154,Fire Emblem Fates Birth 3DS,1,49.99,49.99
ALBROOK MALL,VIDEO JUEGO,NINTENDO 3DS,45496743314,Pokemon Super Mystery Dung.3DS,1,49.99,49.99
ALBROOK MALL,VIDEO JUEGO,NINTENDO 3DS,45496743178,Xenoblade Chronicles 3DS,1,49.99,49.99
ALBROOK MALL,VIDEO JUEGO,NINTENDO 3DS,45496741747,Mario Kart 7 3DS,1,39.99,39.99
ALBROOK MALL,VIDEO JUEGO,NINTENDO 3DS,45496743581,Fire Emblem Fates S.E 3DS,1,89.99,89.99
ALBROOK MALL,VIDEO JUEGO,NINTENDO 3DS,45496742904,Super Smash Bros 3DS,1,49.99,49.99
ALBROOK MALL,VIDEO JUEGO,NINTENDO 3DS,45496743154,Fire Emblem Fates Birth 3DS,1,49.99,49.99
ALBROOK MALL,VIDEO JUEGO,NINTENDO 3DS,45496743406,Fire Emblem Fates Conquest 3DS,1,49.99,49.99
ALBROOK MALL,VIDEO JUEGO,NINTENDO 3DS,45496743345,Zelda Tri Force 3DS,1,49.99,49.99
ALBROOK MALL,VIDEO JUEGO,NINTENDO 3DS,45496743581,Fire Emblem Fates S.E 3DS,1,89.99,89.99
ALBROOK MALL,VIDEO JUEGO,NINTENDO 3DS,45496743406,Fire Emblem Fates Conquest 3DS,1,49.99,49.99
ALBROOK MALL,VIDEO JUEGO,NINTENDO 3DS,45496743406,Fire Emblem Fates Conquest 3DS,1,49.99,49.99
ALBROOK MALL,VIDEO JUEGO,NINTENDO 3DS,45496742904,Super Smash Bros 3DS,1,49.99,49.99
ALBROOK MALL,VIDEO JUEGO,NINTENDO 3DS,45496742553,Mario Party Island Tou SEL 3DS,1,49.99,49.99
ALBROOK MALL,VIDEO JUEGO,NINTENDO 3DS,45496743581,Fire Emblem Fates S.E 3DS,1,89.99,89.99
ALBROOK MALL,VIDEO JUEGO,NINTENDO 3DS,45496743406,Fire Emblem Fates Conquest 3DS,1,49.99,49.99
ALBROOK MALL,ACCESORIO,NINTENDO WIIU,45496891022,Wii U Pro Controller Black,1,69.99,69.99
ALBROOK MALL,ACCESORIO,NINTENDO WIIU,45496891022,Wii U Pro Controller Black,1,69.99,69.99
ALBROOK MALL,ACCESORIO,NINTENDO WIIU,45496892531,Amiibo Card Animal Crossin 2,1,9.99,9.99
ALBROOK MALL,ACCESORIO,NINTENDO WIIU,45496891053,Nunchuk Blanco Wiiu,1,24.99,24.99
ALBROOK MALL,ACCESORIO,NINTENDO WIIU,45496891053,Nunchuk Blanco Wiiu,1,24.99,24.99
ALBROOK MALL,VIDEO JUEGO,PLAYSTATION 4- PS4,722674120388,Naruto Shippuden UNS4 PS4,1,69.99,69.99
ALBROOK MALL,VIDEO JUEGO,PLAYSTATION 4- PS4,83717203063,PES 16 PS4,1,69.99,69.99
ALBROOK MALL,VIDEO JUEGO,PLAYSTATION 4- PS4,710425475290,GTA V PS4,1,69.99,69.99
ALBROOK MALL,VIDEO JUEGO,PLAYSTATION 3 - PS3 ,14633735444,Fifa 16 PS3,1,59.99,59.99
ALBROOK MALL,VIDEO JUEGO,PLAYSTATION 3 - PS3 ,83717202776,Metal Gear Solid V PS3,1,59.99,59.99
ALBROOK MALL,VIDEO JUEGO,PLAYSTATION 3 - PS3 ,14633735444,Fifa 16 PS3,1,59.99,59.99
ALBROOK MALL,VIDEO JUEGO,PLAYSTATION 3 - PS3 ,14633735444,Fifa 16 PS3,1,59.99,59.99
ALBROOK MALL,VIDEO JUEGO,PLAYSTATION 3 - PS3 ,722674110334,Dragon Ball RB 2 - PS3,1,49.99,49.99
ALBROOK MALL,ACCESORIO,TARJETAS,711719478102,PSN $20,1,29.99,29.99
ALBROOK MALL,ACCESORIO,TARJETAS,711719478102,PSN $20,1,29.99,29.99
ALBROOK MALL,ACCESORIO,TARJETAS,76750020322,iTunes $25,1,26.99,26.99
ALBROOK MALL,ACCESORIO,TARJETAS,711719478102,PSN $20,1,29.99,29.99
ALBROOK MALL,ACCESORIO,TARJETAS,711719478102,PSN $20,1,29.99,29.99
ALBROOK MALL,ACCESORIO,TARJETAS,711719478102,PSN $20,1,29.99,29.99
ALBROOK MALL,ACCESORIO,TARJETAS,711719478102,PSN $20,1,29.99,29.99
ALBROOK MALL,ACCESORIO,TARJETAS,711719478102,PSN $20,1,29.99,29.99
ALBROOK MALL,ACCESORIO,TARJETAS,799366552260,PSN $50,1,69.99,69.99
ALBROOK MALL,ACCESORIO,TARJETAS,799366552260,PSN $50,1,69.99,69.99
ALBROOK MALL,ACCESORIO,TARJETAS,711719432500,PSN $10,1,15.99,15.99
ALBROOK MALL,VIDEO JUEGO,PLAYSTATION 3 - PS3 ,14633152753,NFS Carbon - PS3,1,29.99,29.99
ALBROOK MALL,VIDEO JUEGO,PLAYSTATION 3 - PS3 ,712725024727,Star Wars The Force U.2 - PS3,1,29.99,29.99
ALBROOK MALL,VIDEO JUEGO,PLAYSTATION 3 - PS3 ,83717203087,PES 16-PS3,1,39.99,39.99
ALBROOK MALL,VIDEO JUEGO,PLAYSTATION 3 - PS3 ,14633152753,NFS Carbon - PS3,1,29.99,29.99
ALBROOK MALL,VIDEO JUEGO,PLAYSTATION 3 - PS3 ,83717202882,Metal Gear Solid VGrund Z.-PS3,1,29.99,29.99
ALBROOK MALL,VIDEO JUEGO,PLAYSTATION 3 - PS3 ,8888346258,Assassins Creed: BrotherH- PS3,1,29.99,29.99
ALBROOK MALL,VIDEO JUEGO,PLAYSTATION 3 - PS3 ,14633368567,Madden 16- PS3,1,69.99,69.99
ALBROOK MALL,VIDEO JUEGO,PLAYSTATION 3 - PS3 ,887256000172,Assassin Creed Rogue PS3,1,39.99,39.99
ALBROOK MALL,VIDEO JUEGO,PLAYSTATION 3 - PS3 ,14633735444,Fifa 16 PS3,1,59.99,59.99
ALBROOK MALL,VIDEO JUEGO,PLAYSTATION 3 - PS3 ,788687501088,Batman Arkham Asylum 3D - PS3,1,29.99,29.99
ALBROOK MALL,VIDEO JUEGO,PLAYSTATION 3 - PS3 ,83717203087,PES 16-PS3,1,24.99,24.99
ALBROOK MALL,VIDEO JUEGO,PLAYSTATION 3 - PS3 ,14633735444,Fifa 16 PS3,1,59.99,59.99
ALBROOK MALL,VIDEO JUEGO,PLAYSTATION 3 - PS3 ,14633735444,Fifa 16 PS3,1,59.99,59.99
ALBROOK MALL,VIDEO JUEGO,PLAYSTATION 3 - PS3 ,883929474080,Lego marvel avengers PS3,1,59.99,59.99
ALBROOK MALL,VIDEO JUEGO,PLAYSTATION 3 - PS3 ,883929474080,Lego marvel avengers PS3,1,59.99,59.99
ALBROOK MALL,VIDEO JUEGO,PLAYSTATION 3 - PS3 ,83717203087,PES 16-PS3,1,24.99,24.99
ALBROOK MALL,VIDEO JUEGO,PLAYSTATION 3 - PS3 ,14633735444,Fifa 16 PS3,-1,59.99,-59.99
ALBROOK MALL,VIDEO JUEGO,PLAYSTATION 3 - PS3 ,83717203087,PES 16-PS3,1,59.99,59.99
ALBROOK MALL,VIDEO JUEGO,PLAYSTATION 3 - PS3 ,83717203087,PES 16-PS3,1,24.99,24.99
ALBROOK MALL,VIDEO JUEGO,PLAYSTATION 3 - PS3 ,887256000172,Assassin Creed Rogue PS3,1,39.99,39.99
ALBROOK MALL,VIDEO JUEGO,PLAYSTATION 3 - PS3 ,811994020079,Mx vs Atv Supercross PS3 ,1,39.99,39.99
ALBROOK MALL,VIDEO JUEGO,PLAYSTATION 3 - PS3 ,710425474132,NBA 2K15 PS3,1,39.99,39.99
ALBROOK MALL,VIDEO JUEGO,NINTENDO Wii,10086650020,Sonic and The Secret R. - Wii,1,29.99,29.99
ALBROOK MALL,VIDEO JUEGO,NINTENDO Wii,815403010828,Barbie Puppy rescue Wii,1,39.99,39.99
ALBROOK MALL,ACCESORIO,TOYS 2 LIFE,712725027476,Disney infinity 3.0 Hulkbuster,1,19.99,19.99
ALBROOK MALL,VIDEO JUEGO,XBOX ONE,887256014629,Just Dance 2016 XONE,1,59.99,59.99
ALBROOK MALL,VIDEO JUEGO,NINTENDO WII U,45496903664,Xenoblade Chronicles X Wiii U,1,69.99,69.99
ALBROOK MALL,VIDEO JUEGO,NINTENDO WII U,45496903756,Super Mario Maker Wii U,1,69.99,69.99
ALBROOK MALL,VIDEO JUEGO,NINTENDO WII U,45496903190,Donkey Kong Coun T.F SEL WiiU,1,59.99,59.99
ALBROOK MALL,VIDEO JUEGO,NINTENDO WII U,45496903404,Super Smash Bros Wii U,1,69.99,69.99
ALBROOK MALL,VIDEO JUEGO,NINTENDO WII U,45496903510,MARIO PARTY 10 WII U,1,59.99,59.99
ALBROOK MALL,VIDEO JUEGO,NINTENDO WII U,45496903404,Super Smash Bros Wii U,1,69.99,69.99
ALBROOK MALL,VIDEO JUEGO,NINTENDO WII U,45496903664,Xenoblade Chronicles X Wiii U,1,69.99,69.99
ALBROOK MALL,VIDEO JUEGO,NINTENDO WII U,45496903459,Captain Toad Wiiu ,1,49.99,49.99
ALBROOK MALL,VIDEO JUEGO,NINTENDO WII U,45496903404,Super Smash Bros Wii U,1,69.99,69.99
ALBROOK MALL,VIDEO JUEGO,NINTENDO WII U,887256014605,Just Dance 2016 Wii U,1,59.99,59.99
ALBROOK MALL,VIDEO JUEGO,NINTENDO WII U,45496903213,Super Mario 3D World SEL Wiiu,1,69.99,69.99
ALBROOK MALL,VIDEO JUEGO,NINTENDO WII U,45496903756,Super Mario Maker Wii U,1,69.99,69.99
ALBROOK MALL,ACCESORIO,NINTENDO 3DS,45496721435,NFC Reader Write 3ds,1,24.99,24.99
ALBROOK MALL,VIDEO JUEGO,PLAYSTATION 3 - PS3 ,47875874565,COD BLACK OPS III PS3,1,59.99,59.99
ALBROOK MALL,VIDEO JUEGO,PLAYSTATION 3 - PS3 ,47875874817,GH Software + Guitar  PS3,1,129.99,129.99
ALBROOK MALL,VIDEO JUEGO,PLAYSTATION 3 - PS3 ,887256014285,Just Dance 2016- PS3,1,49.99,49.99
ALBROOK MALL,VIDEO JUEGO,NINTENDO WII U,45496903367,Mario Kart 8 Wii U,1,69.99,69.99
ALBROOK MALL,VIDEO JUEGO,NINTENDO WII U,45496903213,Super Mario 3D World SEL Wiiu,1,69.99,69.99
ALBROOK MALL,VIDEO JUEGO,NINTENDO WII U,8888188056,Watchdogs Wiiu,1,39.99,39.99
ALBROOK MALL,VIDEO JUEGO,NINTENDO WII U,45496903404,Super Smash Bros Wii U,1,69.99,69.99
ALBROOK MALL,VIDEO JUEGO,PLAYSTATION 3 - PS3 ,47875874817,GH Software + Guitar  PS3,1,129.99,129.99
ALBROOK MALL,VIDEO JUEGO,PLAYSTATION 3 - PS3 ,47875874565,COD BLACK OPS III PS3,1,59.99,59.99
ALBROOK MALL,VIDEO JUEGO,NINTENDO WII U,45496903213,Super Mario 3D World SEL Wiiu,1,69.99,69.99
ALBROOK MALL,VIDEO JUEGO,NINTENDO WII U,45496903404,Super Smash Bros Wii U,1,69.99,69.99
ALBROOK MALL,VIDEO JUEGO,NINTENDO WII U,45496903367,Mario Kart 8 Wii U,1,69.99,69.99
ALBROOK MALL,VIDEO JUEGO,NINTENDO WII U,45496903527,Splatoon Wii U,1,69.99,69.99
ALBROOK MALL,VIDEO JUEGO,NINTENDO Wii,887256014599,Just Dance 2016- Wii,1,49.99,49.99
ALBROOK MALL,VIDEO JUEGO,NINTENDO Wii,887256014599,Just Dance 2016- Wii,1,49.99,49.99
ALBROOK MALL,VIDEO JUEGO,NINTENDO Wii,887256014599,Just Dance 2016- Wii,1,49.99,49.99
ALBROOK MALL,VIDEO JUEGO,NINTENDO WII U,45496903756,Super Mario Maker Wii U,1,69.99,69.99
ALBROOK MALL,VIDEO JUEGO,NINTENDO WII U,45496903367,Mario Kart 8 Wii U,1,69.99,69.99
ALBROOK MALL,VIDEO JUEGO,NINTENDO WII U,45496903404,Super Smash Bros Wii U,1,69.99,69.99
ALBROOK MALL,VIDEO JUEGO,PLAYSTATION 4- PS4,894515001689,Minecraft Story Mode  PS4,1,39.99,39.99
ALBROOK MALL,ACCESORIO,TOYS 2 LIFE,712725024529,Disney infinity Phineas ,1,9.99,9.99
ALBROOK MALL,ACCESORIO,TOYS 2 LIFE,712725024499,Disney infinity Vanellope ,1,9.99,9.99
ALBROOK MALL,VIDEO JUEGO,PLAYSTATION 4- PS4,722674120388,Naruto Shippuden UNS4 PS4,1,69.99,69.99
ALBROOK MALL,VIDEO JUEGO,PLAYSTATION 4- PS4,722674120388,Naruto Shippuden UNS4 PS4,1,69.99,69.99
ALBROOK MALL,VIDEO JUEGO,PLAYSTATION 4- PS4,722674120388,Naruto Shippuden UNS4 PS4,1,69.99,69.99
ALBROOK MALL,VIDEO JUEGO,PLAYSTATION 4- PS4,722674120388,Naruto Shippuden UNS4 PS4,1,69.99,69.99
ALBROOK MALL,VIDEO JUEGO,PLAYSTATION 4- PS4,83717203063,PES 16 PS4,1,0.01,0.01
ALBROOK MALL,VIDEO JUEGO,PLAYSTATION 4- PS4,883929426546,Mortal Kombat X PS4,1,69.99,69.99
ALBROOK MALL,VIDEO JUEGO,PLAYSTATION 4- PS4,722674120388,Naruto Shippuden UNS4 PS4,1,69.99,69.99
ALBROOK MALL,VIDEO JUEGO,PLAYSTATION 4- PS4,722674120388,Naruto Shippuden UNS4 PS4,1,69.99,69.99
ALBROOK MALL,VIDEO JUEGO,PLAYSTATION 4- PS4,722674120388,Naruto Shippuden UNS4 PS4,1,69.99,69.99
ALBROOK MALL,VIDEO JUEGO,PLAYSTATION 4- PS4,894515001689,Minecraft Story Mode  PS4,1,39.99,39.99
ALBROOK MALL,VIDEO JUEGO,PLAYSTATION 4- PS4,722674120388,Naruto Shippuden UNS4 PS4,1,69.99,69.99
ALBROOK MALL,VIDEO JUEGO,PLAYSTATION 4- PS4,710425476570,NBA 2K16 PS4,1,69.99,69.99
ALBROOK MALL,VIDEO JUEGO,PLAYSTATION 4- PS4,722674120388,Naruto Shippuden UNS4 PS4,1,69.99,69.99
ALBROOK MALL,VIDEO JUEGO,PLAYSTATION 4- PS4,722674120388,Naruto Shippuden UNS4 PS4,1,69.99,69.99
ALBROOK MALL,VIDEO JUEGO,PLAYSTATION 4- PS4,722674120388,Naruto Shippuden UNS4 PS4,1,69.99,69.99
ALBROOK MALL,VIDEO JUEGO,PLAYSTATION 4- PS4,722674120388,Naruto Shippuden UNS4 PS4,1,69.99,69.99
ALBROOK MALL,VIDEO JUEGO,PLAYSTATION 4- PS4,722674120388,Naruto Shippuden UNS4 PS4,1,69.99,69.99
ALBROOK MALL,VIDEO JUEGO,PLAYSTATION 4- PS4,722674120388,Naruto Shippuden UNS4 PS4,1,69.99,69.99
ALBROOK MALL,VIDEO JUEGO,PLAYSTATION 4- PS4,722674120388,Naruto Shippuden UNS4 PS4,1,69.99,69.99
ALBROOK MALL,VIDEO JUEGO,PLAYSTATION 4- PS4,894515001689,Minecraft Story Mode  PS4,1,39.99,39.99
ALBROOK MALL,VIDEO JUEGO,PLAYSTATION 4- PS4,83717203063,PES 16 PS4,1,49.99,49.99
ALBROOK MALL,VIDEO JUEGO,PLAYSTATION 4- PS4,722674120388,Naruto Shippuden UNS4 PS4,1,69.99,69.99
ALBROOK MALL,VIDEO JUEGO,PLAYSTATION 4- PS4,83717203063,PES 16 PS4,1,34.99,34.99
ALBROOK MALL,VIDEO JUEGO,PLAYSTATION 4- PS4,722674120388,Naruto Shippuden UNS4 PS4,1,69.99,69.99
ALBROOK MALL,VIDEO JUEGO,PLAYSTATION 4- PS4,883929426546,Mortal Kombat X PS4,1,69.99,69.99
ALBROOK MALL,VIDEO JUEGO,PLAYSTATION 4- PS4,722674120388,Naruto Shippuden UNS4 PS4,1,69.99,69.99
ALBROOK MALL,VIDEO JUEGO,PLAYSTATION 4- PS4,722674120388,Naruto Shippuden UNS4 PS4,1,69.99,69.99
ALBROOK MALL,VIDEO JUEGO,PLAYSTATION 4- PS4,710425476570,NBA 2K16 PS4,1,69.99,69.99
ALBROOK MALL,VIDEO JUEGO,PLAYSTATION 4- PS4,711719500575,PES 15 PS4,1,39.99,39.99
ALBROOK MALL,VIDEO JUEGO,PLAYSTATION 4- PS4,722674120388,Naruto Shippuden UNS4 PS4,1,69.99,69.99
ALBROOK MALL,VIDEO JUEGO,PLAYSTATION 4- PS4,722674120388,Naruto Shippuden UNS4 PS4,1,69.99,69.99
ALBROOK MALL,VIDEO JUEGO,PLAYSTATION 4- PS4,722674120388,Naruto Shippuden UNS4 PS4,1,69.99,69.99
ALBROOK MALL,VIDEO JUEGO,PLAYSTATION 4- PS4,722674120388,Naruto Shippuden UNS4 PS4,1,69.99,69.99
ALBROOK MALL,VIDEO JUEGO,PLAYSTATION 4- PS4,722674120388,Naruto Shippuden UNS4 PS4,1,69.99,69.99
ALBROOK MALL,VIDEO JUEGO,PLAYSTATION 4- PS4,47875848986,Destiny PS4,1,39.99,39.99
ALBROOK MALL,VIDEO JUEGO,PLAYSTATION 4- PS4,83717203063,PES 16 PS4,1,49.99,49.99
ALBROOK MALL,VIDEO JUEGO,PLAYSTATION 4- PS4,710425475290,GTA V PS4,1,69.99,69.99
ALBROOK MALL,VIDEO JUEGO,PLAYSTATION 4- PS4,812872018010,Sniper Elite 3 PS4,1,39.99,39.99
ALBROOK MALL,VIDEO JUEGO,PLAYSTATION 4- PS4,722674120388,Naruto Shippuden UNS4 PS4,1,69.99,69.99
ALBROOK MALL,VIDEO JUEGO,PLAYSTATION 4- PS4,883929426546,Mortal Kombat X PS4,1,69.99,69.99
ALBROOK MALL,VIDEO JUEGO,PLAYSTATION 4- PS4,83717203063,PES 16 PS4,1,69.99,69.99
ALBROOK MALL,VIDEO JUEGO,PLAYSTATION 4- PS4,728658046514,RB Software + Guitar PS4,1,169.99,169.99
ALBROOK MALL,VIDEO JUEGO,PLAYSTATION 4- PS4,722674120166,Dragon Ball Xenoverse PS4,1,69.99,69.99
ALBROOK MALL,VIDEO JUEGO,PLAYSTATION 4- PS4,722674120081,Ride PS4,1,49.99,49.99
ALBROOK MALL,VIDEO JUEGO,PLAYSTATION 4- PS4,13388937028,Street Fighter V - PS4,1,69.99,69.99
ALBROOK MALL,VIDEO JUEGO,PLAYSTATION 4- PS4,722674120456,Digimon Story Cyber Sleuth PS4,1,69.99,69.99
ALBROOK MALL,VIDEO JUEGO,PLAYSTATION 4- PS4,13388560233,Resident Evil Origins Col PS4,1,49.99,49.99
ALBROOK MALL,VIDEO JUEGO,PLAYSTATION 4- PS4,14633735499,Fifa 16 PS4,1,59.99,59.99
ALBROOK MALL,VIDEO JUEGO,PLAYSTATION 4- PS4,662248915869,Just Cause 3 PS4,1,69.99,69.99
ALBROOK MALL,VIDEO JUEGO,PLAYSTATION 4- PS4,13388937028,Street Fighter V - PS4,1,69.99,69.99
ALBROOK MALL,VIDEO JUEGO,PLAYSTATION 4- PS4,13388937028,Street Fighter V - PS4,1,69.99,69.99
ALBROOK MALL,VIDEO JUEGO,PLAYSTATION 4- PS4,13388937028,Street Fighter V - PS4,1,69.99,69.99
ALBROOK MALL,VIDEO JUEGO,PLAYSTATION 4- PS4,13388560233,Resident Evil Origins Col PS4,1,49.99,49.99
ALBROOK MALL,VIDEO JUEGO,PLAYSTATION 4- PS4,14633735499,Fifa 16 PS4,1,59.99,59.99
ALBROOK MALL,VIDEO JUEGO,PLAYSTATION 4- PS4,722674120456,Digimon Story Cyber Sleuth PS4,1,69.99,69.99
ALBROOK MALL,VIDEO JUEGO,PLAYSTATION 4- PS4,14633735499,Fifa 16 PS4,1,59.99,59.99
ALBROOK MALL,VIDEO JUEGO,PLAYSTATION 4- PS4,13388937028,Street Fighter V - PS4,1,69.99,69.99
ALBROOK MALL,VIDEO JUEGO,PLAYSTATION 4- PS4,14633735499,Fifa 16 PS4,1,59.99,59.99
ALBROOK MALL,VIDEO JUEGO,PLAYSTATION 4- PS4,812872018522,Payday 2  PS4,1,39.99,39.99
ALBROOK MALL,VIDEO JUEGO,PLAYSTATION 4- PS4,14633731781,Plants vs Zombies GW PS4,1,49.99,49.99
ALBROOK MALL,VIDEO JUEGO,PLAYSTATION 4- PS4,13388560233,Resident Evil Origins Col PS4,1,49.99,49.99
ALBROOK MALL,VIDEO JUEGO,PLAYSTATION 4- PS4,887256014520,The Division PS4,1,69.99,69.99
ALBROOK MALL,VIDEO JUEGO,PLAYSTATION 4- PS4,13388937004,Resident Evil Revelation 2 PS4,1,39.99,39.99
ALBROOK MALL,ACCESORIO,TOYS 2 LIFE,4902370523034,Amiibo Sheik,1,29.99,29.99
ALBROOK MALL,ACCESORIO,TARJETAS,799366086444,Google Play $15,1,19.99,19.99
ALBROOK MALL,ACCESORIO,TARJETAS,711719478102,PSN $20,1,29.99,29.99
ALBROOK MALL,ACCESORIO,TARJETAS,711719478102,PSN $20,1,29.99,29.99
ALBROOK MALL,ACCESORIO,TARJETAS,711719478102,PSN $20,1,29.99,29.99
ALBROOK MALL,ACCESORIO,TARJETAS,711719432500,PSN $10,1,15.99,15.99
ALBROOK MALL,ACCESORIO,TARJETAS,711719432500,PSN $10,1,15.99,15.99
ALBROOK MALL,ACCESORIO,TARJETAS,711719478102,PSN $20,1,29.99,29.99
ALBROOK MALL,ACCESORIO,TARJETAS,799366552260,PSN $50,1,69.99,69.99
ALBROOK MALL,ACCESORIO,TARJETAS,711719432500,PSN $10,1,15.99,15.99
ALBROOK MALL,ACCESORIO,TARJETAS,799366114901,Nintendo eShop $10,1,15.99,15.99
ALBROOK MALL,ACCESORIO,TARJETAS,799366086444,Google Play $15,2,19.99,39.98
ALBROOK MALL,ACCESORIO,NINTENDO WIIU,708056051747,Wired Fight pad Wiiu Mario,1,26.99,26.99
ALBROOK MALL,VIDEO JUEGO,XBOX 360,883929326723,Batman Arkham Origins XBOX,1,39.99,39.99
ALBROOK MALL,VIDEO JUEGO,NINTENDO Wii,47875842076,COD Modern Warfare 3 Wii,1,39.99,39.99
ALBROOK MALL,VIDEO JUEGO,NINTENDO Wii,887256014599,Just Dance 2016- Wii,1,49.99,49.99
ALBROOK MALL,VIDEO JUEGO,NINTENDO Wii,887256014599,Just Dance 2016- Wii,1,49.99,49.99
ALBROOK MALL,VIDEO JUEGO,PLAYSTATION 4- PS4,47875874602,COD BLACK OPS III PS4,1,69.99,69.99
ALBROOK MALL,VIDEO JUEGO,PLAYSTATION 4- PS4,47875874602,COD BLACK OPS III PS4,1,69.99,69.99
ALBROOK MALL,VIDEO JUEGO,PLAYSTATION 4- PS4,47875874602,COD BLACK OPS III PS4,1,69.99,69.99
ALBROOK MALL,VIDEO JUEGO,PLAYSTATION 4- PS4,47875874602,COD BLACK OPS III PS4,1,69.99,69.99
ALBROOK MALL,VIDEO JUEGO,PLAYSTATION 4- PS4,47875874602,COD BLACK OPS III PS4,1,69.99,69.99
ALBROOK MALL,VIDEO JUEGO,PLAYSTATION 4- PS4,47875874602,COD BLACK OPS III PS4,1,69.99,69.99
ALBROOK MALL,ACCESORIO,TOYS 2 LIFE,45496892159,Amiibo Greninja,1,19.99,19.99
ALBROOK MALL,ACCESORIO,TOYS 2 LIFE,45496892319,Amiibo Dr. Mario,1,19.99,19.99
ALBROOK MALL,ACCESORIO,TOYS 2 LIFE,45496892739,Amiibo Blathers,1,19.99,19.99
ALBROOK MALL,ACCESORIO,TOYS 2 LIFE,45496892241,Amiibo Yoshi Green ,1,24.99,24.99
ALBROOK MALL,ACCESORIO,TOYS 2 LIFE,45496892227,Amiibo Yoshi Pink Yarn,1,24.99,24.99
ALBROOK MALL,ACCESORIO,TOYS 2 LIFE,45496891923,Amiibo Ike,1,19.99,19.99
ALBROOK MALL,ACCESORIO,TOYS 2 LIFE,45496892159,Amiibo Greninja,1,19.99,19.99
ALBROOK MALL,ACCESORIO,TOYS 2 LIFE,45496892043,Amiibo Super Bowser,1,19.99,19.99
ALBROOK MALL,ACCESORIO,TOYS 2 LIFE,45496892340,Amiibo Falco,1,19.99,19.99
ALBROOK MALL,ACCESORIO,TOYS 2 LIFE,45496891817,Amiibo Lucario,1,19.99,19.99
ALBROOK MALL,ACCESORIO,TOYS 2 LIFE,45496892753,Amiibo  Mr Resetti,1,19.99,19.99
ALBROOK MALL,ACCESORIO,TOYS 2 LIFE,45496892517,Amiibo Mario Modern color,1,19.99,19.99
ALBROOK MALL,ACCESORIO,TOYS 2 LIFE,45496891725,Amiibo Donkey Kong ,1,19.99,19.99
ALBROOK MALL,ACCESORIO,TOYS 2 LIFE,45496892517,Amiibo Mario Modern color,1,19.99,19.99
ALBROOK MALL,ACCESORIO,TOYS 2 LIFE,45496892050,Amiibo Super Mario,1,19.99,19.99
ALBROOK MALL,ACCESORIO,TOYS 2 LIFE,45496891695,Amiibo Villager,1,19.99,19.99
ALBROOK MALL,ACCESORIO,TOYS 2 LIFE,45496892265,Amiibo Dark Pit ,1,19.99,19.99
ALBROOK MALL,ACCESORIO,TOYS 2 LIFE,45496892715,Amiibo Lucas,1,19.99,19.99
ALBROOK MALL,ACCESORIO,TOYS 2 LIFE,45496891923,Amiibo Ike,1,19.99,19.99
ALBROOK MALL,ACCESORIO,TOYS 2 LIFE,45496892500,Amiibo Mario Classic color,1,19.99,19.99
ALBROOK MALL,ACCESORIO,TOYS 2 LIFE,45496892159,Amiibo Greninja,1,19.99,19.99
ALBROOK MALL,ACCESORIO,TOYS 2 LIFE,45496891831,Amiibo Little Mac,1,19.99,19.99
ALBROOK MALL,ACCESORIO,TOYS 2 LIFE,45496891947,Amiibo Shulk,1,19.99,19.99
ALBROOK MALL,ACCESORIO,TOYS 2 LIFE,45496892418,Amiibo Mewtwo ,1,19.99,19.99
ALBROOK MALL,VIDEO JUEGO,PLAYSTATION 4- PS4,47875874602,COD BLACK OPS III PS4,1,69.99,69.99
ALBROOK MALL,VIDEO JUEGO,PLAYSTATION 4- PS4,47875874602,COD BLACK OPS III PS4,1,69.99,69.99
ALBROOK MALL,VIDEO JUEGO,PLAYSTATION 4- PS4,47875874602,COD BLACK OPS III PS4,1,69.99,69.99
ALBROOK MALL,VIDEO JUEGO,PLAYSTATION 4- PS4,47875874602,COD BLACK OPS III PS4,1,0.01,0.01
ALBROOK MALL,VIDEO JUEGO,PLAYSTATION 4- PS4,47875874831,GH Software + Guitar  PS4,1,129.99,129.99
ALBROOK MALL,VIDEO JUEGO,PLAYSTATION 4- PS4,887256014582,Just Dance 2016 PS4,1,59.99,59.99
ALBROOK MALL,VIDEO JUEGO,PLAYSTATION 4- PS4,47875874602,COD BLACK OPS III PS4,1,69.99,69.99
ALBROOK MALL,VIDEO JUEGO,PLAYSTATION 4- PS4,47875874831,GH Software + Guitar  PS4,1,129.99,129.99
ALBROOK MALL,VIDEO JUEGO,PLAYSTATION 4- PS4,47875874602,COD BLACK OPS III PS4,1,62.99,62.99
ALBROOK MALL,VIDEO JUEGO,PLAYSTATION 4- PS4,47875874602,COD BLACK OPS III PS4,1,69.99,69.99
ALBROOK MALL,VIDEO JUEGO,PLAYSTATION 4- PS4,47875874602,COD BLACK OPS III PS4,1,69.99,69.99
ALBROOK MALL,VIDEO JUEGO,PLAYSTATION 4- PS4,47875874602,COD BLACK OPS III PS4,1,69.99,69.99
ALBROOK MALL,VIDEO JUEGO,PLAYSTATION 4- PS4,47875874602,COD BLACK OPS III PS4,1,0.01,0.01
ALBROOK MALL,ACCESORIO,PLAYSTATION 4 - PS4,849172003064,Siliconeskin negrocontroll PS4,1,9.99,9.99
ALBROOK MALL,ACCESORIO,PLAYSTATION 4 - PS4,849172002944,Cable cargador KMD - PS4,1,12.99,12.99
ALBROOK MALL,ACCESORIO,PLAYSTATION 4 - PS4,663293106080,Mochila (SONY) - PS4,1,69.99,69.99
ALBROOK MALL,ACCESORIO,PLAYSTATION 4 - PS4,849172003064,Siliconeskin negrocontroll PS4,1,9.99,9.99
ALBROOK MALL,ACCESORIO,PLAYSTATION 4 - PS4,849172003057,Dual Charging Station KMD PS4,1,29.99,29.99
ALBROOK MALL,ACCESORIO,PLAYSTATION 4 - PS4,849172003071,Siliconeskin azul controll PS4,1,9.99,9.99
ALBROOK MALL,ACCESORIO,PLAYSTATION 4 - PS4,743840832003,Charging Station Nyko PS4 ,1,39.99,39.99
ALBROOK MALL,ACCESORIO,PLAYSTATION 4 - PS4,849172002944,Cable cargador KMD - PS4,1,12.99,12.99
ALBROOK MALL,ACCESORIO,PLAYSTATION 4 - PS4,849172003071,Siliconeskin azul controll PS4,1,9.99,9.99
ALBROOK MALL,ACCESORIO,PLAYSTATION 4 - PS4,849172003071,Siliconeskin azul controll PS4,1,9.99,9.99
ALBROOK MALL,ACCESORIO,PLAYSTATION 4 - PS4,849172003064,Siliconeskin negrocontroll PS4,1,9.99,9.99
ALBROOK MALL,ACCESORIO,PLAYSTATION 4 - PS4,849172003071,Siliconeskin azul controll PS4,1,9.99,9.99
ALBROOK MALL,AUDIFONOS,GAMING,728658042066,Headset Kama PS4,1,39.99,39.99
ALBROOK MALL,AUDIFONOS,GAMING,728658042189,Headset Kaiken PS4,1,29.99,29.99
ALBROOK MALL,AUDIFONOS,GAMING,885370604061,Headset  stereo verd- XB1,1,99.99,99.99
ALBROOK MALL,AUDIFONOS,GAMING,728658041731,Headset Wired Kunai Rojo,1,79.99,79.99
ALBROOK MALL,AUDIFONOS,GAMING,728658041724,Headset Wired Kunai Negro ,1,79.99,79.99
ALBROOK MALL,AUDIFONOS,GAMING,728658042066,Headset Kama PS4,1,39.99,39.99
ALBROOK MALL,ACCESORIO,PSVita,708056004958,Trigger Grips PSVITA 2000,1,19.99,19.99
ALBROOK MALL,ACCESORIO,PSVita,708056004965,Silicone Skin Psvita,1,15.99,15.99
ALBROOK MALL,ACCESORIO,PSVita,812820046904,Protective shield psvita,1,9.99,9.99
ALBROOK MALL,ACCESORIO,PSVita,812820049554,8 in 1 charge and dock PSVITA,1,29.99,29.99
ALBROOK MALL,ACCESORIO,PSVita,849172003644,Ac Adacter Psvita,1,19.99,19.99
ALBROOK MALL,ACCESORIO,PLAYSTATION 3,849172003446,Cable cargador Twin  KMD - PS3,1,19.99,19.99
ALBROOK MALL,ACCESORIO,PLAYSTATION 3,708056063870,Dual Trigger Double Pack - PS3,1,9.99,9.99
ALBROOK MALL,ACCESORIO,PLAYSTATION 3,708056063870,Dual Trigger Double Pack - PS3,1,9.99,9.99
ALBROOK MALL,ACCESORIO,NINTENDO WII,45496891435,Wii Remote Plus Mario,1,49.99,49.99
ALBROOK MALL,ACCESORIO,NINTENDO 3DS,873124005288,Case dura flexi clear 3dsxl,1,12.99,12.99
ALBROOK MALL,ACCESORIO,NINTENDO 3DS,663293105571,Traveler Game 3DS/XL/DSI,1,19.99,19.99
ALBROOK MALL,ACCESORIO,XBOX ONE,885370603903,Control inalambrico xbox one,1,69.99,69.99
ALBROOK MALL,ACCESORIO,XBOX ONE,743840861058,Batterie rechargeable XB1,1,19.99,19.99
ALBROOK MALL,ACCESORIO,XBOX ONE,885370603903,Control inalambrico xbox one,1,69.99,69.99
ALBROOK MALL,ACCESORIO,XBOX ONE,849172003118,Controller Si. Grip Blue  XO,1,9.99,9.99
ALBROOK MALL,ACCESORIO,XBOX ONE,885370603903,Control inalambrico xbox one,1,69.99,69.99
ALBROOK MALL,ACCESORIO,XBOX 360,885370145717,Wired Control - XBOX360,1,49.99,49.99
ALBROOK MALL,ACCESORIO,XBOX 360,849172003965,Thumb Grips Xbox 360,1,9.99,9.99
ALBROOK MALL,ACCESORIO,XBOX 360,885370114843,Control Inala/Negro - XBOX 360,1,59.99,59.99
ALBROOK MALL,ACCESORIO,XBOX 360,885370114843,Control Inala/Negro - XBOX 360,1,59.99,59.99
ALBROOK MALL,ACCESORIO,XBOX 360,885370145717,Wired Control - XBOX360,1,49.99,49.99
ALBROOK MALL,VIDEO JUEGO,PLAYSTATION 4- PS4,711719500575,PES 15 PS4,1,0.01,0.01
ALBROOK MALL,VIDEO JUEGO,PLAYSTATION 4- PS4,710425475290,GTA V PS4,1,0.01,0.01
ALBROOK MALL,VIDEO JUEGO,PLAYSTATION 4- PS4,722674120388,Naruto Shippuden UNS4 PS4,1,69.99,69.99
ALBROOK MALL,VIDEO JUEGO,PLAYSTATION 4- PS4,14633368611,NFS PS4,1,69.99,69.99
ALBROOK MALL,VIDEO JUEGO,PLAYSTATION 4- PS4,710425475290,GTA V PS4,1,69.99,69.99
ALBROOK MALL,VIDEO JUEGO,PLAYSTATION 4- PS4,83717203063,PES 16 PS4,1,34.99,34.99
ALBROOK MALL,VIDEO JUEGO,PLAYSTATION 4- PS4,722674120388,Naruto Shippuden UNS4 PS4,1,69.99,69.99
ALBROOK MALL,VIDEO JUEGO,PLAYSTATION 4- PS4,722674120388,Naruto Shippuden UNS4 PS4,1,69.99,69.99
ALBROOK MALL,VIDEO JUEGO,PLAYSTATION 4- PS4,722674120388,Naruto Shippuden UNS4 PS4,1,69.99,69.99
ALBROOK MALL,ACCESORIO,PLAYSTATION 4 - PS4,711719051503,Dualshock 4 Camo - PS4,1,79.99,79.99
ALBROOK MALL,ACCESORIO,PLAYSTATION 4 - PS4,711719051503,Dualshock 4 Camo - PS4,1,79.99,79.99
ALBROOK MALL,ACCESORIO,PLAYSTATION 4 - PS4,711719051503,Dualshock 4 Camo - PS4,1,79.99,79.99
ALBROOK MALL,ACCESORIO,PLAYSTATION 4 - PS4,711719100423,Camara - PS4,1,69.99,69.99
ALBROOK MALL,ACCESORIO,PLAYSTATION 4 - PS4,711719051503,Dualshock 4 Camo - PS4,1,79.99,79.99
ALBROOK MALL,ACCESORIO,TOYS 2 LIFE,712725027261,Disney infinity 3.0 Kylo Ren ,1,19.99,19.99
ALBROOK MALL,ACCESORIO,TOYS 2 LIFE,712725027261,Disney infinity 3.0 Kylo Ren ,1,19.99,19.99
ALBROOK MALL,ACCESORIO,PLAYSTATION 4 - PS4,711719051503,Dualshock 4 Camo - PS4,1,79.99,79.99
ALBROOK MALL,ACCESORIO,TOYS 2 LIFE,47875875777,Skylanders Schargers 3 pack,1,49.99,49.99
ALBROOK MALL,ACCESORIO,TOYS 2 LIFE,712725027254,Disney infinity 3.0 The fo.3PA,1,49.99,49.99
ALBROOK MALL,ACCESORIO,PLAYSTATION 4 - PS4,711719051503,Dualshock 4 Camo - PS4,1,79.99,79.99
ALBROOK MALL,ACCESORIO,TARJETAS,711719039792,PSN Plus 3 Month,1,24.99,24.99
ALBROOK MALL,ACCESORIO,TARJETAS,711719039792,PSN Plus 3 Month,1,24.99,24.99
ALBROOK MALL,ACCESORIO,TARJETAS,711719039792,PSN Plus 3 Month,1,24.99,24.99
ALBROOK MALL,ACCESORIO,NINTENDO WIIU,849172001251,Cable cargador KMD - Wiiu,1,12.99,12.99
ALBROOK MALL,ACCESORIO,NINTENDO WIIU,849172000551,Silicone proctective Whi Wiiu ,1,12.99,12.99
ALBROOK MALL,ACCESORIO,NINTENDO WIIU,849172001251,Cable cargador KMD - Wiiu,1,12.99,12.99
ALBROOK MALL,ACCESORIO,NINTENDO WIIU,708056585303,Nerf Game Pad Armor Wiiu,1,29.99,29.99
ALBROOK MALL,ACCESORIO,NINTENDO WIIU,708056585303,Nerf Game Pad Armor Wiiu,1,29.99,29.99
ALBROOK MALL,ACCESORIO,NINTENDO WIIU,849172001251,Cable cargador KMD - Wiiu,1,12.99,12.99
ALBROOK MALL,ACCESORIO,NINTENDO WIIU,849172003330,Sensor de Barra  Wiiu ,1,19.99,19.99
ALBROOK MALL,ACCESORIO,TARJETAS,711719039792,PSN Plus 3 Month,1,24.99,24.99
ALBROOK MALL,ACCESORIO,TARJETAS,711719039792,PSN Plus 3 Month,1,24.99,24.99
ALBROOK MALL,ACCESORIO,TARJETAS,711719039792,PSN Plus 3 Month,1,24.99,24.99
ALBROOK MALL,ACCESORIO,NINTENDO WIIU,849172000551,Silicone proctective Whi Wiiu ,1,12.99,12.99
ALBROOK MALL,ACCESORIO,TARJETAS,711719039792,PSN Plus 3 Month,1,24.99,24.99
ALBROOK MALL,ACCESORIO,XBOX 360,849172003323,Battery Shell Black xbox 360,1,2.99,2.99
ALBROOK MALL,VIDEO JUEGO,XBOX 360,14633155600,NFS Pro Street -  XBOX 360,1,29.99,29.99
ALBROOK MALL,VIDEO JUEGO,XBOX 360,14633152692,NFS Carbon - XBOX 360,1,29.99,29.99
ALBROOK MALL,VIDEO JUEGO,XBOX 360,13388330102,Resident Evil 5 - XBOX 360,1,29.99,29.99
ALBROOK MALL,VIDEO JUEGO,XBOX 360,882224927291,Gears of War 2 (G.Y.) - XBOX 3,1,29.99,29.99
ALBROOK MALL,VIDEO JUEGO,NINTENDO 3DS,45496742768,Kirby Triple Deluxe 3DS,1,29.99,29.99
ALBROOK MALL,VIDEO JUEGO,NINTENDO DS,23272330613,Lego Star Wars: T.C.S. - DS,1,19.99,19.99
ALBROOK MALL,VIDEO JUEGO,NINTENDO 3DS,722674700634,Dragon Ball Z extr. butome 3DS,1,39.99,39.99
ALBROOK MALL,ACCESORIO,NINTENDO 3DS,45496891503,AC Adapter Nintendo 3DS ,1,19.99,19.99
ALBROOK MALL,ACCESORIO,NINTENDO 3DS,45496891503,AC Adapter Nintendo 3DS ,1,19.99,19.99
ALBROOK MALL,VIDEO JUEGO,PLAYSTATION 3 - PS3 ,722674111195,Dragon Ball Z Battle of Z-PS3,1,39.99,39.99
ALBROOK MALL,ACCESORIO,XBOX ONE,885370898118,Control inalambrico Halo maste,1,79.99,79.99
ALBROOK MALL,AUDIFONOS,SKULLCANDY,878615071131,SkullCandy Ink'd 2.0 Paul FMic,1,9.99,9.99
ALBROOK MALL,AUDIFONOS,SKULLCANDY,878615071131,SkullCandy Ink'd 2.0 Paul FMic,1,9.99,9.99
ALBROOK MALL,AUDIFONOS,SKULLCANDY,878615071131,SkullCandy Ink'd 2.0 Paul FMic,1,9.99,9.99
ALBROOK MALL,AUDIFONOS,SKULLCANDY,878615024267,SkullCandy JIB PINK,1,9.99,9.99
ALBROOK MALL,AUDIFONOS,SKULLCANDY,878615071131,SkullCandy Ink'd 2.0 Paul FMic,1,9.99,9.99
ALBROOK MALL,ACCESORIO,TARJETAS,711719039808,PSN Plus 1 Year,1,69.99,69.99
ALBROOK MALL,ACCESORIO,TARJETAS,711719039808,PSN Plus 1 Year,1,69.99,69.99
ALBROOK MALL,ACCESORIO,TARJETAS,711719039808,PSN Plus 1 Year,1,69.99,69.99
ALBROOK MALL,ACCESORIO,TARJETAS,711719039808,PSN Plus 1 Year,1,69.99,69.99
ALBROOK MALL,ACCESORIO,TARJETAS,711719039808,PSN Plus 1 Year,1,69.99,69.99
ALBROOK MALL,VIDEO JUEGO,PS VITA,14633197488,NFS Most Wanted PSV,1,29.99,29.99
ALBROOK MALL,ACCESORIO,TARJETAS,711719039792,PSN Plus 3 Month,1,24.99,24.99
ALBROOK MALL,ACCESORIO,TARJETAS,711719039792,PSN Plus 3 Month,1,24.99,24.99
ALBROOK MALL,ACCESORIO,TARJETAS,711719039792,PSN Plus 3 Month,1,24.99,24.99
ALBROOK MALL,ACCESORIO,TARJETAS,711719039792,PSN Plus 3 Month,1,24.99,24.99
ALBROOK MALL,VIDEO JUEGO,PS VITA,14633197488,NFS Most Wanted PSV,1,29.99,29.99
ALBROOK MALL,ACCESORIO,PLAYSTATION 3,711719990154,Dualshock 3 Rosado,1,59.99,59.99
ALBROOK MALL,ACCESORIO,PLAYSTATION 3,711719990048,Dualshock 3 Negro PS3,1,59.99,59.99
ALBROOK MALL,ACCESORIO,PLAYSTATION 3,711719990154,Dualshock 3 Rosado,1,59.99,59.99
ALBROOK MALL,ACCESORIO,TARJETAS,711719039792,PSN Plus 3 Month,1,24.99,24.99
ALBROOK MALL,ACCESORIO,TARJETAS,885370611250,Xbox Live $50,1,69.99,69.99
ALBROOK MALL,ACCESORIO,TARJETAS,711719039792,PSN Plus 3 Month,1,24.99,24.99
ALBROOK MALL,VIDEO JUEGO,PLAYSTATION 3 - PS3 ,887256300579,Far Cry 4 PS3,1,49.99,49.99
ALBROOK MALL,VIDEO JUEGO,PLAYSTATION 3 - PS3 ,887256300579,Far Cry 4 PS3,1,49.99,49.99
ALBROOK MALL,VIDEO JUEGO,PLAYSTATION 3 - PS3 ,711719051343,Minecraft PS3,1,29.99,29.99
ALBROOK MALL,ACCESORIO,TARJETAS,711719039792,PSN Plus 3 Month,1,24.99,24.99
ALBROOK MALL,VIDEO JUEGO,PLAYSTATION 3 - PS3 ,711719051343,Minecraft PS3,1,29.99,29.99
ALBROOK MALL,VIDEO JUEGO,PLAYSTATION 3 - PS3 ,711719051343,Minecraft PS3,1,29.99,29.99
ALBROOK MALL,VIDEO JUEGO,PLAYSTATION 3 - PS3 ,711719051343,Minecraft PS3,1,29.99,29.99
ALBROOK MALL,ACCESORIO,TOYS 2 LIFE,47875877450,Skylanders Schargers BO 3 pack,1,49.99,49.99
ALBROOK MALL,ACCESORIO,TOYS 2 LIFE,47875875821,Skylanders Schargers 2PK Shark,1,34.99,34.99
ALBROOK MALL,ACCESORIO,TOYS 2 LIFE,712725027254,Disney infinity 3.0 The fo.3PA,1,49.99,49.99
ALBROOK MALL,VIDEO JUEGO,PLAYSTATION 4- PS4,711719043430,MLB 14 The Show PS4,1,49.99,49.99
ALBROOK MALL,VIDEO JUEGO,PLAYSTATION 4- PS4,883929366927,Lego MarvelSuper Heroes - PS4,1,39.99,39.99
ALBROOK MALL,ACCESORIO,TARJETAS,711719039808,PSN Plus 1 Year,1,69.99,69.99
ALBROOK MALL,ACCESORIO,TARJETAS,711719039808,PSN Plus 1 Year,1,69.99,69.99
ALBROOK MALL,ACCESORIO,PLAYSTATION 4 - PS4,711719100393,Dualshock 4 Negro - PS4,1,69.99,69.99
ALBROOK MALL,ACCESORIO,PLAYSTATION 4 - PS4,711719100393,Dualshock 4 Negro - PS4,1,69.99,69.99
ALBROOK MALL,ACCESORIO,PLAYSTATION 4 - PS4,711719039631,Dualshock 4 Azul - PS4,1,69.99,69.99
ALBROOK MALL,ACCESORIO,PLAYSTATION 4 - PS4,711719051473,Dualshock 4 Blanco - PS4,1,69.99,69.99
ALBROOK MALL,ACCESORIO,PLAYSTATION 4 - PS4,711719051473,Dualshock 4 Blanco - PS4,1,69.99,69.99
ALBROOK MALL,ACCESORIO,PLAYSTATION 4 - PS4,711719039631,Dualshock 4 Azul - PS4,1,69.99,69.99
ALBROOK MALL,ACCESORIO,PLAYSTATION 4 - PS4,711719039631,Dualshock 4 Azul - PS4,1,69.99,69.99
ALBROOK MALL,ACCESORIO,PLAYSTATION 4 - PS4,711719051473,Dualshock 4 Blanco - PS4,1,69.99,69.99
ALBROOK MALL,ACCESORIO,PLAYSTATION 4 - PS4,711719039617,Dualshock 4 Rojo - PS4,1,69.99,69.99
ALBROOK MALL,ACCESORIO,PLAYSTATION 4 - PS4,711719051473,Dualshock 4 Blanco - PS4,1,69.99,69.99
ALBROOK MALL,VIDEO JUEGO,PLAYSTATION 4- PS4,711719100461,Infamous Second Son PS4,1,49.99,49.99
ALBROOK MALL,ACCESORIO,PLAYSTATION 4 - PS4,711719039631,Dualshock 4 Azul - PS4,1,69.99,69.99
ALBROOK MALL,ACCESORIO,PLAYSTATION 4 - PS4,711719039617,Dualshock 4 Rojo - PS4,1,69.99,69.99
ALBROOK MALL,ACCESORIO,PLAYSTATION 4 - PS4,711719051473,Dualshock 4 Blanco - PS4,1,69.99,69.99
ALBROOK MALL,ACCESORIO,PLAYSTATION 4 - PS4,711719051473,Dualshock 4 Blanco - PS4,1,69.99,69.99
ALBROOK MALL,VIDEO JUEGO,PLAYSTATION 3 - PS3 ,722674111911,Saint Seiya Soldiers Soul PS3,1,39.99,39.99
ALBROOK MALL,VIDEO JUEGO,PLAYSTATION 3 - PS3 ,13388340576,Street Figther 4 Arcad FAV PS3,1,19.99,19.99
ALBROOK MALL,VIDEO JUEGO,PLAYSTATION 3 - PS3 ,10086690552,Sonic Generations FAV PS3,1,19.99,19.99
ALBROOK MALL,VIDEO JUEGO,PLAYSTATION 3 - PS3 ,711719811121,God Of War III FAV - PS3,1,19.99,19.99
ALBROOK MALL,VIDEO JUEGO,PLAYSTATION 3 - PS3 ,13388922017,Devil May Cry HD Collect PS3,1,19.99,19.99
ALBROOK MALL,ACCESORIO,PLAYSTATION 3,711719990062,Dualshock negro PS3,1,59.99,59.99
ALBROOK MALL,CONSOLAS,PLAYSTATION 4 - PS4,711719502470,PS4 Uncharted Collect Bundle ,1,449.99,449.99
ALBROOK MALL,AUDIFONOS,GAMING,711719100294,Wireless Headset Gold ,1,129.99,129.99
ALBROOK MALL,ACCESORIO,PLAYSTATION 3,711719990000,Dualshock 3 Urban Camo PS3,1,59.99,59.99
ALBROOK MALL,ACCESORIO,PLAYSTATION 3,711719990000,Dualshock 3 Urban Camo PS3,1,59.99,59.99
ALBROOK MALL,ACCESORIO,PLAYSTATION 3,711719990062,Dualshock negro PS3,1,59.99,59.99
ALBROOK MALL,ACCESORIO,PLAYSTATION 3,711719990062,Dualshock negro PS3,1,59.99,59.99
ALBROOK MALL,CONSOLAS,PLAYSTATION 4 - PS4,711719502470,PS4 Uncharted Collect Bundle ,1,449.99,449.99
ALBROOK MALL,CONSOLAS,PLAYSTATION 4 - PS4,711719502470,PS4 Uncharted Collect Bundle ,1,499.99,499.99
ALBROOK MALL,CONSOLAS,PLAYSTATION 4 - PS4,711719502470,PS4 Uncharted Collect Bundle ,1,499.99,499.99
ALBROOK MALL,CONSOLAS,PLAYSTATION 4 - PS4,711719502104,PS4 God of War Bundle,1,499.99,499.99
ALBROOK MALL,VIDEO JUEGO,PLAYSTATION 4- PS4,711719051817,The Last of Us PS4,1,59.99,59.99
ALBROOK MALL,VIDEO JUEGO,PLAYSTATION 4- PS4,711719501381,Uncharted The Nathan Dra. PS4,1,69.99,69.99
ALBROOK MALL,VIDEO JUEGO,PLAYSTATION 4- PS4,711719501312,God of war III remast.PS4,1,49.99,49.99
 CHIRIQUI,No data,No data,No data,No data,363,,19666.43
CHIRIQUI,ACCESORIO,NINTENDO WIIU,873124005363,Silicone procte Splatoon Wiiu ,1,19.99,19.99
CHIRIQUI,ACCESORIO,NINTENDO WIIU,873124005363,Silicone procte Splatoon Wiiu ,1,19.99,19.99
CHIRIQUI,VIDEO JUEGO,PLAYSTATION 4- PS4,883929474110,Lego marvel avengers PS4,1,69.99,69.99
CHIRIQUI,VIDEO JUEGO,PLAYSTATION 4- PS4,883929474110,Lego marvel avengers PS4,1,69.99,69.99
CHIRIQUI,VIDEO JUEGO,PLAYSTATION 4- PS4,883929474110,Lego marvel avengers PS4,1,69.99,69.99
CHIRIQUI,VIDEO JUEGO,PLAYSTATION 4- PS4,883929474110,Lego marvel avengers PS4,1,69.99,69.99
CHIRIQUI,VIDEO JUEGO,PLAYSTATION 4- PS4,883929474110,Lego marvel avengers PS4,1,69.99,69.99
CHIRIQUI,VIDEO JUEGO,PLAYSTATION 3 - PS3 ,710425476556,NBA 2K16 PS3,1,69.99,69.99
CHIRIQUI,VIDEO JUEGO,PLAYSTATION 3 - PS3 ,710425473043,GTA V PS3,1,49.99,49.99
CHIRIQUI,VIDEO JUEGO,PLAYSTATION 3 - PS3 ,883929241309,Mortal Kombat Komplete Ed PS3,1,39.99,39.99
CHIRIQUI,VIDEO JUEGO,PLAYSTATION 3 - PS3 ,883929241309,Mortal Kombat Komplete Ed PS3,1,39.99,39.99
CHIRIQUI,VIDEO JUEGO,PLAYSTATION 3 - PS3 ,710425473043,GTA V PS3,1,59.99,59.99
CHIRIQUI,VIDEO JUEGO,PLAYSTATION 4- PS4,13388937028,Street Fighter V - PS4,1,69.99,69.99
CHIRIQUI,VIDEO JUEGO,PLAYSTATION 4- PS4,13388937028,Street Fighter V - PS4,1,69.99,69.99
CHIRIQUI,VIDEO JUEGO,PLAYSTATION 4- PS4,722674120456,Digimon Story Cyber Sleuth PS4,1,69.99,69.99
CHIRIQUI,CONSOLAS,PLAYSTATION 3 - PS3,711719990819,PS3 Ultraslim 500 GB,1,299.99,299.99
CHIRIQUI,CONSOLAS,NINTENDO 3DS,45496780586,Nintendo 3DSXL  Azul/ Negro,1,149.99,149.99
CHIRIQUI,VIDEO JUEGO,PLAYSTATION 3 - PS3 ,711719052722,Silent Hill HD Col FAV PS3,1,19.99,19.99
CHIRIQUI,VIDEO JUEGO,PLAYSTATION 3 - PS3 ,894515001672,Minecraft Story Mode  PS3,1,39.99,39.99
CHIRIQUI,VIDEO JUEGO,PLAYSTATION 4- PS4,13388560233,Resident Evil Origins Col PS4,1,49.99,49.99
CHIRIQUI,VIDEO JUEGO,PLAYSTATION 4- PS4,722674120166,Dragon Ball Xenoverse PS4,1,69.99,69.99
CHIRIQUI,VIDEO JUEGO,PLAYSTATION 4- PS4,13388937028,Street Fighter V - PS4,1,69.99,69.99
CHIRIQUI,VIDEO JUEGO,PLAYSTATION 4- PS4,662248915869,Just Cause 3 PS4,1,69.99,69.99
CHIRIQUI,VIDEO JUEGO,PLAYSTATION 4- PS4,710425476785,WWE 2k16 -PS4,1,69.99,69.99
CHIRIQUI,VIDEO JUEGO,PLAYSTATION 4- PS4,13388560233,Resident Evil Origins Col PS4,1,49.99,49.99
CHIRIQUI,VIDEO JUEGO,PLAYSTATION 4- PS4,14633735499,Fifa 16 PS4,1,59.99,59.99
CHIRIQUI,VIDEO JUEGO,PLAYSTATION 4- PS4,13388560233,Resident Evil Origins Col PS4,1,49.99,49.99
CHIRIQUI,VIDEO JUEGO,PLAYSTATION 4- PS4,722674120166,Dragon Ball Xenoverse PS4,1,69.99,69.99
CHIRIQUI,VIDEO JUEGO,PLAYSTATION 4- PS4,14633735529,Fifa 16 Deluxe Edition PS4,1,69.99,69.99
CHIRIQUI,VIDEO JUEGO,PLAYSTATION 4- PS4,47875874268,COD Advanced Wa.15 BONU  PS4,1,69.99,69.99
CHIRIQUI,VIDEO JUEGO,PLAYSTATION 4- PS4,14633735529,Fifa 16 Deluxe Edition PS4,-1,69.99,-69.99
CHIRIQUI,VIDEO JUEGO,PLAYSTATION 4- PS4,14633735499,Fifa 16 PS4,1,59.99,59.99
CHIRIQUI,VIDEO JUEGO,PLAYSTATION 4- PS4,662248915869,Just Cause 3 PS4,1,69.99,69.99
CHIRIQUI,VIDEO JUEGO,PLAYSTATION 4- PS4,662248915869,Just Cause 3 PS4,1,69.99,69.99
CHIRIQUI,VIDEO JUEGO,PLAYSTATION 4- PS4,14633368277,UFC PS4 ,1,59.99,59.99
CHIRIQUI,VIDEO JUEGO,PLAYSTATION 4- PS4,14633735499,Fifa 16 PS4,1,59.99,59.99
CHIRIQUI,VIDEO JUEGO,PLAYSTATION 4- PS4,722674120166,Dragon Ball Xenoverse PS4,1,69.99,69.99
CHIRIQUI,VIDEO JUEGO,PLAYSTATION 4- PS4,13388560233,Resident Evil Origins Col PS4,1,49.99,49.99
CHIRIQUI,VIDEO JUEGO,PLAYSTATION 4- PS4,722674120456,Digimon Story Cyber Sleuth PS4,1,69.99,69.99
CHIRIQUI,VIDEO JUEGO,PLAYSTATION 4- PS4,662248916682,Life is Strange PS4,1,49.99,49.99
CHIRIQUI,CONSOLAS,NINTENDO 3DS,45496780586,Nintendo 3DSXL  Azul/ Negro,-1,149.99,-149.99
CHIRIQUI,CONSOLAS,NINTENDO WII U,45496881733,Nintendo Wiiu Mario Kart 8 DL,1,369.99,369.99
CHIRIQUI,CONSOLAS,NINTENDO WII U,45496881733,Nintendo Wiiu Mario Kart 8 DL,1,369.99,369.99
CHIRIQUI,VIDEO JUEGO,PLAYSTATION 4- PS4,887256300340,Assassins Creed Unity PS4,1,39.99,39.99
CHIRIQUI,CONSOLAS,PS VITA,711719050681,PS Vita 2.0 Borderland 2,1,249.99,249.99
CHIRIQUI,CONSOLAS,XBOX ONE,885370982343,Xbox One Gear Of War 500 GB,1,429.99,429.99
CHIRIQUI,ACCESORIO,XBOX ONE,885370818260,Control inalambrico Camo X1,1,74.99,74.99
CHIRIQUI,ACCESORIO,XBOX ONE,885370818260,Control inalambrico Camo X1,1,74.99,74.99
CHIRIQUI,VIDEO JUEGO,NINTENDO WII U,883929280483,Game Party Champions Wiiu,1,0.01,0.01
CHIRIQUI,VIDEO JUEGO,NINTENDO WII U,883929280483,Game Party Champions Wiiu,1,0.01,0.01
CHIRIQUI,VIDEO JUEGO,NINTENDO 3DS,883929472925,Lego jurassic World 3DS,1,49.99,49.99
CHIRIQUI,VIDEO JUEGO,PLAYSTATION 3 - PS3 ,47875874367,COD Black Ops I + II C. PS3,1,49.99,49.99
CHIRIQUI,VIDEO JUEGO,PLAYSTATION 3 - PS3 ,887256000615,AssassinCreed The  A.C. PS3,1,44.99,44.99
CHIRIQUI,VIDEO JUEGO,PLAYSTATION 3 - PS3 ,14633731804,Plants vs Zombies GW PS3,1,39.99,39.99
CHIRIQUI,VIDEO JUEGO,PLAYSTATION 3 - PS3 ,47875874367,COD Black Ops I + II C. PS3,1,49.99,49.99
CHIRIQUI,VIDEO JUEGO,PLAYSTATION 3 - PS3 ,47875874367,COD Black Ops I + II C. PS3,1,49.99,49.99
CHIRIQUI,VIDEO JUEGO,PLAYSTATION 3 - PS3 ,47875874367,COD Black Ops I + II C. PS3,1,59.99,59.99
CHIRIQUI,VIDEO JUEGO,PLAYSTATION 3 - PS3 ,14633731804,Plants vs Zombies GW PS3,1,39.99,39.99
CHIRIQUI,VIDEO JUEGO,PLAYSTATION 3 - PS3 ,883929326976,Lego Marvel Super Heroes PS3,1,29.99,29.99
CHIRIQUI,VIDEO JUEGO,PLAYSTATION 3 - PS3 ,710425470066,Red Dead Redemption G.Y PS3,1,39.99,39.99
CHIRIQUI,VIDEO JUEGO,PLAYSTATION 3 - PS3 ,14633732290,Battlefield 4 PS3,1,29.99,29.99
CHIRIQUI,VIDEO JUEGO,PS VITA,10086620023,Sonic all stars racing PSVITA,1,39.99,39.99
CHIRIQUI,VIDEO JUEGO,PLAYSTATION 4- PS4,887256014711,Rainbow Six PS4,1,69.99,69.99
CHIRIQUI,VIDEO JUEGO,PLAYSTATION 4- PS4,887256014711,Rainbow Six PS4,1,69.99,69.99
CHIRIQUI,VIDEO JUEGO,NINTENDO Wii,14633195910,NFS The Run Wii,1,39.99,39.99
CHIRIQUI,VIDEO JUEGO,NINTENDO Wii,14633155273,Medal of Honor 2 - Wii,1,29.99,29.99
CHIRIQUI,VIDEO JUEGO,PLAYSTATION 4- PS4,711719053293,Minecraft PS4,1,29.99,29.99
CHIRIQUI,VIDEO JUEGO,PLAYSTATION 4- PS4,887256014711,Rainbow Six PS4,1,69.99,69.99
CHIRIQUI,VIDEO JUEGO,PLAYSTATION 4- PS4,887256014711,Rainbow Six PS4,1,69.99,69.99
CHIRIQUI,VIDEO JUEGO,PLAYSTATION 4- PS4,887256015084,Assassins Creed Syndicate- PS4,1,69.99,69.99
CHIRIQUI,VIDEO JUEGO,PLAYSTATION 4- PS4,887256014711,Rainbow Six PS4,1,69.99,69.99
CHIRIQUI,VIDEO JUEGO,PS VITA,883929380596,Lego Marvel Super HeroesPSVITA,1,29.99,29.99
CHIRIQUI,VIDEO JUEGO,PLAYSTATION 4- PS4,711719100447,The Order 1886 PS4,1,39.99,39.99
CHIRIQUI,VIDEO JUEGO,NINTENDO WII U,883929326730,Batman Arkham Origins Wiiu ,1,29.99,29.99
CHIRIQUI,ACCESORIO,TOYS 2 LIFE,712725023706,Disney infinity Randy ,1,9.99,9.99
CHIRIQUI,ACCESORIO,TOYS 2 LIFE,712725026981,Disney infinity 3.0 Mickey,1,19.99,19.99
CHIRIQUI,ACCESORIO,TOYS 2 LIFE,712725024512,Disney infinity Rapunzel ,1,19.99,19.99
CHIRIQUI,VIDEO JUEGO,XBOX 360,47875874275,COD Advanced Wa.15 BONU X360,1,69.99,69.99
CHIRIQUI,VIDEO JUEGO,XBOX 360,816819011751,Escape Dead Island X360,1,29.99,29.99
CHIRIQUI,VIDEO JUEGO,XBOX 360,14633729368,Dragon Age Inquisition X360,1,39.99,39.99
CHIRIQUI,VIDEO JUEGO,NINTENDO 3DS,883929474189,Lego marvel avengers 3DS,1,44.99,44.99
CHIRIQUI,VIDEO JUEGO,PLAYSTATION 3 - PS3 ,883929474080,Lego marvel avengers PS3,1,59.99,59.99
CHIRIQUI,VIDEO JUEGO,PLAYSTATION 3 - PS3 ,14633195866,NFS The Run - PS3,1,29.99,29.99
CHIRIQUI,VIDEO JUEGO,PLAYSTATION 3 - PS3 ,83717201601,Metal Gear Solid 4 - PS3,1,19.99,19.99
CHIRIQUI,VIDEO JUEGO,PLAYSTATION 3 - PS3 ,14633735444,Fifa 16 PS3,1,59.99,59.99
CHIRIQUI,VIDEO JUEGO,PLAYSTATION 3 - PS3 ,83717203087,PES 16-PS3,1,24.99,24.99
CHIRIQUI,VIDEO JUEGO,PLAYSTATION 3 - PS3 ,883929472888,Lego jurassic World PS3,1,69.99,69.99
CHIRIQUI,VIDEO JUEGO,PLAYSTATION 3 - PS3 ,14633154207,NFS  Pro Street - PS3,1,29.99,29.99
CHIRIQUI,VIDEO JUEGO,PLAYSTATION 3 - PS3 ,83717202776,Metal Gear Solid V PS3,1,59.99,59.99
CHIRIQUI,VIDEO JUEGO,PLAYSTATION 3 - PS3 ,722674110822,Naruto Shippuden U.N.S 3 PS3,1,39.99,39.99
CHIRIQUI,VIDEO JUEGO,PLAYSTATION 3 - PS3 ,14633735444,Fifa 16 PS3,1,59.99,59.99
CHIRIQUI,VIDEO JUEGO,PLAYSTATION 3 - PS3 ,14633732719,BattleField Hard.L PS3,1,69.99,69.99
CHIRIQUI,VIDEO JUEGO,PLAYSTATION 3 - PS3 ,14633735444,Fifa 16 PS3,1,59.99,59.99
CHIRIQUI,VIDEO JUEGO,PLAYSTATION 3 - PS3 ,14633152753,NFS Carbon - PS3,1,29.99,29.99
CHIRIQUI,VIDEO JUEGO,PLAYSTATION 3 - PS3 ,710425476969,GTA San Andreas  PS3,1,29.99,29.99
CHIRIQUI,VIDEO JUEGO,PLAYSTATION 3 - PS3 ,722674110822,Naruto Shippuden U.N.S 3 PS3,1,39.99,39.99
CHIRIQUI,ACCESORIO,TARJETAS,799366552260,PSN $50,1,69.99,69.99
CHIRIQUI,ACCESORIO,TARJETAS,799366086444,Google Play $15,1,19.99,19.99
CHIRIQUI,ACCESORIO,TARJETAS,799366552260,PSN $50,1,69.99,69.99
CHIRIQUI,ACCESORIO,TARJETAS,799366552260,PSN $50,1,69.99,69.99
CHIRIQUI,VIDEO JUEGO,PLAYSTATION 4- PS4,722674120388,Naruto Shippuden UNS4 PS4,1,69.99,69.99
CHIRIQUI,VIDEO JUEGO,PS VITA,14633368055,Fifa 15 PSVITA ,1,39.99,39.99
CHIRIQUI,VIDEO JUEGO,NINTENDO WII U,883929474066,Lego marvel avengers Wiiu,1,59.99,59.99
CHIRIQUI,VIDEO JUEGO,PLAYSTATION 3 - PS3 ,710425473043,GTA V PS3,1,59.99,59.99
CHIRIQUI,VIDEO JUEGO,PLAYSTATION 3 - PS3 ,883929241309,Mortal Kombat Komplete Ed PS3,1,39.99,39.99
CHIRIQUI,VIDEO JUEGO,PLAYSTATION 3 - PS3 ,710425473043,GTA V PS3,1,59.99,59.99
CHIRIQUI,VIDEO JUEGO,XBOX ONE,8888538127,Assassins Creed BlackFlag XONE,1,39.99,39.99
CHIRIQUI,VIDEO JUEGO,XBOX ONE,722674220385,Dark Souls III XONE,1,69.99,69.99
CHIRIQUI,VIDEO JUEGO,PLAYSTATION 3 - PS3 ,883929427284,Lego Batman 3 B. G PS3,1,54.99,54.99
CHIRIQUI,VIDEO JUEGO,PLAYSTATION 3 - PS3 ,722674111904,J-STARS VICTORY + PS3,1,59.99,59.99
CHIRIQUI,VIDEO JUEGO,PLAYSTATION 3 - PS3 ,722674111904,J-STARS VICTORY + PS3,1,59.99,59.99
CHIRIQUI,VIDEO JUEGO,PLAYSTATION 3 - PS3 ,710425473043,GTA V PS3,1,49.99,49.99
CHIRIQUI,VIDEO JUEGO,PLAYSTATION 3 - PS3 ,722674110501,Dragon Ball U.Tenkaichi PS3,1,49.99,49.99
CHIRIQUI,VIDEO JUEGO,PLAYSTATION 3 - PS3 ,710425473043,GTA V PS3,1,59.99,59.99
CHIRIQUI,VIDEO JUEGO,PLAYSTATION 3 - PS3 ,710425473043,GTA V PS3,-1,69.99,-69.99
CHIRIQUI,VIDEO JUEGO,PLAYSTATION 3 - PS3 ,710425473043,GTA V PS3,1,59.99,59.99
CHIRIQUI,VIDEO JUEGO,PLAYSTATION 3 - PS3 ,710425473043,GTA V PS3,1,69.99,69.99
CHIRIQUI,VIDEO JUEGO,NINTENDO 3DS,883929326945,Lego Chima  3DS,1,19.99,19.99
CHIRIQUI,VIDEO JUEGO,PLAYSTATION 3 - PS3 ,722674110501,Dragon Ball U.Tenkaichi PS3,1,59.99,59.99
CHIRIQUI,VIDEO JUEGO,PLAYSTATION 3 - PS3 ,722674110501,Dragon Ball U.Tenkaichi PS3,1,49.99,49.99
CHIRIQUI,VIDEO JUEGO,PLAYSTATION 3 - PS3 ,722674110501,Dragon Ball U.Tenkaichi PS3,-1,59.99,-59.99
CHIRIQUI,VIDEO JUEGO,XBOX 360,83717302131,PES 16- XBOX 360,1,24.99,24.99
CHIRIQUI,VIDEO JUEGO,XBOX 360,83717302131,PES 16- XBOX 360,1,24.99,24.99
CHIRIQUI,VIDEO JUEGO,XBOX 360,710425493034,GTA V X360,1,69.99,69.99
CHIRIQUI,VIDEO JUEGO,XBOX ONE,710425496462,NBA 2K16  XONE,1,69.99,69.99
CHIRIQUI,VIDEO JUEGO,XBOX ONE,13388550135,Resident Evil Origins Col XONE,1,49.99,49.99
CHIRIQUI,VIDEO JUEGO,PLAYSTATION 3 - PS3 ,711719828921,God of War Origins PS3,1,29.99,29.99
CHIRIQUI,VIDEO JUEGO,PLAYSTATION 3 - PS3 ,710425476969,GTA San Andreas  PS3,1,29.99,29.99
CHIRIQUI,VIDEO JUEGO,PLAYSTATION 3 - PS3 ,883929474080,Lego marvel avengers PS3,1,59.99,59.99
CHIRIQUI,VIDEO JUEGO,PLAYSTATION 3 - PS3 ,887256000172,Assassin Creed Rogue PS3,1,49.99,49.99
CHIRIQUI,VIDEO JUEGO,PLAYSTATION 3 - PS3 ,83717203087,PES 16-PS3,1,24.99,24.99
CHIRIQUI,VIDEO JUEGO,PLAYSTATION 3 - PS3 ,83717203087,PES 16-PS3,1,24.99,24.99
CHIRIQUI,VIDEO JUEGO,PLAYSTATION 3 - PS3 ,83717203087,PES 16-PS3,1,24.99,24.99
CHIRIQUI,VIDEO JUEGO,PLAYSTATION 3 - PS3 ,14633735444,Fifa 16 PS3,1,59.99,59.99
CHIRIQUI,VIDEO JUEGO,PLAYSTATION 3 - PS3 ,710425377808,GTA Episod.  Liberty City -PS3,1,29.99,29.99
CHIRIQUI,VIDEO JUEGO,PLAYSTATION 3 - PS3 ,883929240814,Batman Arkham City GoY PS3,1,29.99,29.99
CHIRIQUI,VIDEO JUEGO,NINTENDO 3DS,45496742928,Pokemon Omega Ruby 3DS,1,44.99,44.99
CHIRIQUI,VIDEO JUEGO,NINTENDO 3DS,45496742423,Donkey kong cou returs SEL 3DS,1,39.99,39.99
CHIRIQUI,VIDEO JUEGO,NINTENDO 3DS,45496743598,Mario & Luigi: Paper Jam 3DS,1,49.99,49.99
CHIRIQUI,VIDEO JUEGO,NINTENDO 3DS,45496742904,Super Smash Bros 3DS,1,49.99,49.99
CHIRIQUI,VIDEO JUEGO,NINTENDO 3DS,45496743406,Fire Emblem Fates Conquest 3DS,1,49.99,49.99
CHIRIQUI,VIDEO JUEGO,NINTENDO 3DS,45496741747,Mario Kart 7 3DS,1,39.99,39.99
CHIRIQUI,VIDEO JUEGO,NINTENDO 3DS,45496743154,Fire Emblem Fates Birth 3DS,1,49.99,49.99
CHIRIQUI,VIDEO JUEGO,NINTENDO 3DS,45496742904,Super Smash Bros 3DS,1,49.99,49.99
CHIRIQUI,VIDEO JUEGO,NINTENDO 3DS,45496743598,Mario & Luigi: Paper Jam 3DS,1,49.99,49.99
CHIRIQUI,VIDEO JUEGO,NINTENDO 3DS,45496743598,Mario & Luigi: Paper Jam 3DS,1,49.99,49.99
CHIRIQUI,VIDEO JUEGO,NINTENDO 3DS,45496743598,Mario & Luigi: Paper Jam 3DS,1,49.99,49.99
CHIRIQUI,VIDEO JUEGO,NINTENDO 3DS,45496742904,Super Smash Bros 3DS,1,49.99,49.99
CHIRIQUI,VIDEO JUEGO,NINTENDO 3DS,45496743314,Pokemon Super Mystery Dung.3DS,1,49.99,49.99
CHIRIQUI,VIDEO JUEGO,NINTENDO 3DS,45496742805,Zelda Majora´s Mask 3DS,1,49.99,49.99
CHIRIQUI,VIDEO JUEGO,NINTENDO 3DS,45496742072,New Super Mario Bros 2 3DS,1,39.99,39.99
CHIRIQUI,CONSOLAS,NINTENDO 3DS,45496781866,NINTENDO NEW 3DSXL Hyrule edit,1,259.99,259.99
CHIRIQUI,ACCESORIO,NINTENDO 3DS,45496721435,NFC Reader Write 3ds,1,24.99,24.99
CHIRIQUI,ACCESORIO,NINTENDO WIIU,45496892470,Wii Remote Plus Yoshi,1,49.99,49.99
CHIRIQUI,VIDEO JUEGO,XBOX 360,83717302131,PES 16- XBOX 360,1,24.99,24.99
CHIRIQUI,VIDEO JUEGO,PLAYSTATION 4- PS4,883929426546,Mortal Kombat X PS4,1,69.99,69.99
CHIRIQUI,ACCESORIO,TARJETAS,799366114901,Nintendo eShop $10,4,15.99,63.96
CHIRIQUI,ACCESORIO,TARJETAS,799366104667,Nintendo eShop $20,1,29.99,29.99
CHIRIQUI,ACCESORIO,TARJETAS,799366552260,PSN $50,1,69.99,69.99
CHIRIQUI,ACCESORIO,TARJETAS,799366552260,PSN $50,1,69.99,69.99
CHIRIQUI,ACCESORIO,TARJETAS,711719478102,PSN $20,1,29.99,29.99
CHIRIQUI,ACCESORIO,TARJETAS,711719478102,PSN $20,1,29.99,29.99
CHIRIQUI,ACCESORIO,TARJETAS,711719478102,PSN $20,1,29.99,29.99
CHIRIQUI,ACCESORIO,TARJETAS,711719478102,PSN $20,1,29.99,29.99
CHIRIQUI,ACCESORIO,TARJETAS,711719432500,PSN $10,1,15.99,15.99
CHIRIQUI,ACCESORIO,TARJETAS,799366104667,Nintendo eShop $20,1,29.99,29.99
CHIRIQUI,ACCESORIO,TARJETAS,711719432500,PSN $10,1,15.99,15.99
CHIRIQUI,ACCESORIO,TARJETAS,711719478102,PSN $20,1,29.99,29.99
CHIRIQUI,ACCESORIO,TARJETAS,711719478102,PSN $20,1,29.99,29.99
CHIRIQUI,ACCESORIO,TARJETAS,711719478102,PSN $20,1,29.99,29.99
CHIRIQUI,ACCESORIO,TARJETAS,799366552260,PSN $50,1,69.99,69.99
CHIRIQUI,ACCESORIO,TARJETAS,711719478102,PSN $20,1,29.99,29.99
CHIRIQUI,ACCESORIO,TARJETAS,711719478102,PSN $20,1,29.99,29.99
CHIRIQUI,ACCESORIO,TARJETAS,711719432500,PSN $10,1,15.99,15.99
CHIRIQUI,ACCESORIO,TARJETAS,711719478102,PSN $20,1,29.99,29.99
CHIRIQUI,ACCESORIO,TARJETAS,711719478102,PSN $20,1,29.99,29.99
CHIRIQUI,ACCESORIO,TARJETAS,711719478102,PSN $20,1,29.99,29.99
CHIRIQUI,ACCESORIO,TARJETAS,711719478102,PSN $20,2,29.99,59.98
CHIRIQUI,ACCESORIO,TARJETAS,711719478102,PSN $20,1,29.99,29.99
CHIRIQUI,ACCESORIO,TARJETAS,799366104667,Nintendo eShop $20,1,29.99,29.99
CHIRIQUI,ACCESORIO,TARJETAS,799366104667,Nintendo eShop $20,1,29.99,29.99
CHIRIQUI,ACCESORIO,TARJETAS,799366114901,Nintendo eShop $10,1,15.99,15.99
CHIRIQUI,ACCESORIO,TARJETAS,711719432500,PSN $10,5,15.99,79.95
CHIRIQUI,ACCESORIO,TARJETAS,711719432500,PSN $10,1,15.99,15.99
CHIRIQUI,ACCESORIO,TARJETAS,799366104667,Nintendo eShop $20,1,29.99,29.99
CHIRIQUI,ACCESORIO,TARJETAS,799366552260,PSN $50,1,69.99,69.99
CHIRIQUI,ACCESORIO,TARJETAS,799366552260,PSN $50,1,69.99,69.99
CHIRIQUI,ACCESORIO,TARJETAS,711719432500,PSN $10,1,15.99,15.99
CHIRIQUI,ACCESORIO,TARJETAS,711719478102,PSN $20,1,29.99,29.99
CHIRIQUI,ACCESORIO,TARJETAS,711719478102,PSN $20,1,29.99,29.99
CHIRIQUI,ACCESORIO,TARJETAS,711719478102,PSN $20,1,29.99,29.99
CHIRIQUI,ACCESORIO,TARJETAS,711719478102,PSN $20,1,29.99,29.99
CHIRIQUI,ACCESORIO,TARJETAS,711719432500,PSN $10,2,15.99,31.98
CHIRIQUI,ACCESORIO,TARJETAS,799366114901,Nintendo eShop $10,1,15.99,15.99
CHIRIQUI,ACCESORIO,TARJETAS,799366552260,PSN $50,2,69.99,139.98
CHIRIQUI,ACCESORIO,TARJETAS,799366552260,PSN $50,1,69.99,69.99
CHIRIQUI,ACCESORIO,TARJETAS,799366552260,PSN $50,1,69.99,69.99
CHIRIQUI,ACCESORIO,TARJETAS,799366552260,PSN $50,1,69.99,69.99
CHIRIQUI,VIDEO JUEGO,PLAYSTATION 4- PS4,722674120371,J-STARS VICTORY + PS4,1,64.99,64.99
CHIRIQUI,VIDEO JUEGO,PLAYSTATION 4- PS4,883929426546,Mortal Kombat X PS4,1,69.99,69.99
CHIRIQUI,AUDIFONOS,GAMING,728658041182,Headset Wireless Kunai Blanco,1,89.99,89.99
CHIRIQUI,VIDEO JUEGO,PLAYSTATION 4- PS4,883929426546,Mortal Kombat X PS4,1,69.99,69.99
CHIRIQUI,VIDEO JUEGO,PLAYSTATION 4- PS4,722674120388,Naruto Shippuden UNS4 PS4,1,69.99,69.99
CHIRIQUI,VIDEO JUEGO,PLAYSTATION 4- PS4,710425475290,GTA V PS4,1,69.99,69.99
CHIRIQUI,VIDEO JUEGO,PLAYSTATION 4- PS4,722674120388,Naruto Shippuden UNS4 PS4,1,69.99,69.99
CHIRIQUI,VIDEO JUEGO,PLAYSTATION 4- PS4,722674120388,Naruto Shippuden UNS4 PS4,1,69.99,69.99
CHIRIQUI,VIDEO JUEGO,PLAYSTATION 4- PS4,722674120388,Naruto Shippuden UNS4 PS4,1,69.99,69.99
CHIRIQUI,VIDEO JUEGO,PLAYSTATION 4- PS4,722674120388,Naruto Shippuden UNS4 PS4,1,69.99,69.99
CHIRIQUI,VIDEO JUEGO,PLAYSTATION 4- PS4,722674120388,Naruto Shippuden UNS4 PS4,1,69.99,69.99
CHIRIQUI,VIDEO JUEGO,PLAYSTATION 4- PS4,710425475290,GTA V PS4,1,69.99,69.99
CHIRIQUI,VIDEO JUEGO,PLAYSTATION 4- PS4,14633368611,NFS PS4,1,69.99,69.99
CHIRIQUI,VIDEO JUEGO,PLAYSTATION 4- PS4,14633368611,NFS PS4,1,69.99,69.99
CHIRIQUI,VIDEO JUEGO,PLAYSTATION 4- PS4,722674120388,Naruto Shippuden UNS4 PS4,1,69.99,69.99
CHIRIQUI,VIDEO JUEGO,PLAYSTATION 4- PS4,710425475290,GTA V PS4,1,69.99,69.99
CHIRIQUI,VIDEO JUEGO,PLAYSTATION 4- PS4,14633368611,NFS PS4,1,69.99,69.99
CHIRIQUI,VIDEO JUEGO,PLAYSTATION 4- PS4,722674120388,Naruto Shippuden UNS4 PS4,1,69.99,69.99
CHIRIQUI,VIDEO JUEGO,PLAYSTATION 4- PS4,722674120388,Naruto Shippuden UNS4 PS4,1,69.99,69.99
CHIRIQUI,VIDEO JUEGO,PLAYSTATION 4- PS4,722674120388,Naruto Shippuden UNS4 PS4,1,69.99,69.99
CHIRIQUI,VIDEO JUEGO,PLAYSTATION 4- PS4,722674120388,Naruto Shippuden UNS4 PS4,1,69.99,69.99
CHIRIQUI,VIDEO JUEGO,PLAYSTATION 4- PS4,722674120388,Naruto Shippuden UNS4 PS4,1,69.99,69.99
CHIRIQUI,VIDEO JUEGO,PLAYSTATION 4- PS4,710425475290,GTA V PS4,1,69.99,69.99
CHIRIQUI,VIDEO JUEGO,PLAYSTATION 4- PS4,722674120388,Naruto Shippuden UNS4 PS4,1,69.99,69.99
CHIRIQUI,VIDEO JUEGO,PLAYSTATION 4- PS4,14633368611,NFS PS4,1,69.99,69.99
CHIRIQUI,VIDEO JUEGO,PLAYSTATION 4- PS4,883929426546,Mortal Kombat X PS4,1,69.99,69.99
CHIRIQUI,VIDEO JUEGO,PLAYSTATION 4- PS4,14633368611,NFS PS4,1,69.99,69.99
CHIRIQUI,VIDEO JUEGO,PLAYSTATION 4- PS4,722674120388,Naruto Shippuden UNS4 PS4,1,69.99,69.99
CHIRIQUI,VIDEO JUEGO,PLAYSTATION 4- PS4,722674120388,Naruto Shippuden UNS4 PS4,1,69.99,69.99
CHIRIQUI,VIDEO JUEGO,PLAYSTATION 4- PS4,722674120388,Naruto Shippuden UNS4 PS4,1,69.99,69.99
CHIRIQUI,VIDEO JUEGO,PLAYSTATION 4- PS4,722674120388,Naruto Shippuden UNS4 PS4,1,69.99,69.99
CHIRIQUI,VIDEO JUEGO,PLAYSTATION 4- PS4,722674120388,Naruto Shippuden UNS4 PS4,1,69.99,69.99
CHIRIQUI,VIDEO JUEGO,PLAYSTATION 4- PS4,883929426546,Mortal Kombat X PS4,1,0.01,0.01
CHIRIQUI,VIDEO JUEGO,PLAYSTATION 4- PS4,83717203063,PES 16 PS4,1,34.99,34.99
CHIRIQUI,VIDEO JUEGO,PLAYSTATION 4- PS4,722674120388,Naruto Shippuden UNS4 PS4,1,69.99,69.99
CHIRIQUI,VIDEO JUEGO,PLAYSTATION 4- PS4,722674120388,Naruto Shippuden UNS4 PS4,1,69.99,69.99
CHIRIQUI,VIDEO JUEGO,PLAYSTATION 4- PS4,883929426546,Mortal Kombat X PS4,1,69.99,69.99
CHIRIQUI,ACCESORIO,TOYS 2 LIFE,712725027216,Disney infinity 3.0 Sabine Wre,1,19.99,19.99
CHIRIQUI,ACCESORIO,TOYS 2 LIFE,712725027155,Disney infinity 3.0 Darth Maul,1,19.99,19.99
CHIRIQUI,ACCESORIO,TOYS 2 LIFE,712725027537,Disney infinity 3.0 Yoda Lig,1,19.99,19.99
CHIRIQUI,ACCESORIO,NINTENDO WIIU,45496891046,Nunchuk Negro Wiiu,1,24.99,24.99
CHIRIQUI,VIDEO JUEGO,PLAYSTATION 3 - PS3 ,47875874404,Destiny The Taken King  PS3,1,69.99,69.99
CHIRIQUI,VIDEO JUEGO,XBOX ONE,47875874688,COD BLACK OPS III XONE,1,69.99,69.99
CHIRIQUI,VIDEO JUEGO,NINTENDO WII U,45496903527,Splatoon Wii U,1,69.99,69.99
CHIRIQUI,VIDEO JUEGO,NINTENDO WII U,45496903527,Splatoon Wii U,1,69.99,69.99
CHIRIQUI,VIDEO JUEGO,NINTENDO WII U,45496903404,Super Smash Bros Wii U,1,69.99,69.99
CHIRIQUI,VIDEO JUEGO,NINTENDO WII U,45496903404,Super Smash Bros Wii U,1,69.99,69.99
CHIRIQUI,VIDEO JUEGO,NINTENDO WII U,45496903213,Super Mario 3D World SEL Wiiu,1,69.99,69.99
CHIRIQUI,VIDEO JUEGO,NINTENDO WII U,887256014605,Just Dance 2016 Wii U,1,59.99,59.99
CHIRIQUI,VIDEO JUEGO,NINTENDO WII U,45496903367,Mario Kart 8 Wii U,1,69.99,69.99
CHIRIQUI,VIDEO JUEGO,NINTENDO WII U,45496903213,Super Mario 3D World SEL Wiiu,1,69.99,69.99
CHIRIQUI,VIDEO JUEGO,NINTENDO WII U,887256014605,Just Dance 2016 Wii U,1,59.99,59.99
CHIRIQUI,VIDEO JUEGO,NINTENDO WII U,45496903527,Splatoon Wii U,1,69.99,69.99
CHIRIQUI,VIDEO JUEGO,NINTENDO WII U,45496903404,Super Smash Bros Wii U,1,69.99,69.99
CHIRIQUI,VIDEO JUEGO,NINTENDO WII U,45496903527,Splatoon Wii U,1,69.99,69.99
CHIRIQUI,VIDEO JUEGO,NINTENDO WII U,45496903367,Mario Kart 8 Wii U,1,69.99,69.99
CHIRIQUI,ACCESORIO,NINTENDO WIIU,45496891022,Wii U Pro Controller Black,1,69.99,69.99
CHIRIQUI,ACCESORIO,NINTENDO WIIU,45496891022,Wii U Pro Controller Black,1,69.99,69.99
CHIRIQUI,VIDEO JUEGO,NINTENDO Wii,887256014599,Just Dance 2016- Wii,1,49.99,49.99
CHIRIQUI,VIDEO JUEGO,NINTENDO Wii,45496900397,Super Smash Bros. Brawl - Wii,1,39.99,39.99
CHIRIQUI,VIDEO JUEGO,NINTENDO Wii,887256014599,Just Dance 2016- Wii,1,49.99,49.99
CHIRIQUI,VIDEO JUEGO,PLAYSTATION 4- PS4,722674120388,Naruto Shippuden UNS4 PS4,1,69.99,69.99
CHIRIQUI,VIDEO JUEGO,PLAYSTATION 4- PS4,722674120388,Naruto Shippuden UNS4 PS4,1,69.99,69.99
CHIRIQUI,VIDEO JUEGO,PLAYSTATION 4- PS4,883929426546,Mortal Kombat X PS4,1,69.99,69.99
CHIRIQUI,VIDEO JUEGO,PLAYSTATION 4- PS4,710425475290,GTA V PS4,1,69.99,69.99
CHIRIQUI,VIDEO JUEGO,PLAYSTATION 4- PS4,722674120388,Naruto Shippuden UNS4 PS4,1,69.99,69.99
CHIRIQUI,VIDEO JUEGO,PLAYSTATION 4- PS4,722674120388,Naruto Shippuden UNS4 PS4,1,69.99,69.99
CHIRIQUI,VIDEO JUEGO,PLAYSTATION 4- PS4,710425475290,GTA V PS4,1,69.99,69.99
CHIRIQUI,VIDEO JUEGO,PLAYSTATION 4- PS4,710425475290,GTA V PS4,1,69.99,69.99
CHIRIQUI,VIDEO JUEGO,PLAYSTATION 4- PS4,710425475290,GTA V PS4,1,69.99,69.99
CHIRIQUI,ACCESORIO,NINTENDO WII,45496890605,Wii Remote Plus Azul,1,49.99,49.99
CHIRIQUI,ACCESORIO,TOYS 2 LIFE,712725027476,Disney infinity 3.0 Hulkbuster,1,19.99,19.99
CHIRIQUI,VIDEO JUEGO,PLAYSTATION 4- PS4,13388937028,Street Fighter V - PS4,1,69.99,69.99
CHIRIQUI,ACCESORIO,TARJETAS,799366086444,Google Play $15,2,19.99,39.98
CHIRIQUI,ACCESORIO,TARJETAS,711719478102,PSN $20,1,29.99,29.99
CHIRIQUI,VIDEO JUEGO,PLAYSTATION 4- PS4,47875874602,COD BLACK OPS III PS4,1,69.99,69.99
CHIRIQUI,VIDEO JUEGO,PLAYSTATION 4- PS4,47875874602,COD BLACK OPS III PS4,1,69.99,69.99
CHIRIQUI,VIDEO JUEGO,PLAYSTATION 4- PS4,47875874602,COD BLACK OPS III PS4,1,69.99,69.99
CHIRIQUI,VIDEO JUEGO,PLAYSTATION 4- PS4,47875874602,COD BLACK OPS III PS4,1,69.99,69.99
CHIRIQUI,VIDEO JUEGO,PLAYSTATION 4- PS4,47875874602,COD BLACK OPS III PS4,1,69.99,69.99
CHIRIQUI,VIDEO JUEGO,PLAYSTATION 4- PS4,47875874602,COD BLACK OPS III PS4,1,69.99,69.99
CHIRIQUI,VIDEO JUEGO,PLAYSTATION 4- PS4,47875874602,COD BLACK OPS III PS4,1,69.99,69.99
CHIRIQUI,VIDEO JUEGO,PLAYSTATION 4- PS4,47875874602,COD BLACK OPS III PS4,1,69.99,69.99
CHIRIQUI,VIDEO JUEGO,PLAYSTATION 4- PS4,47875874602,COD BLACK OPS III PS4,1,69.99,69.99
CHIRIQUI,VIDEO JUEGO,PLAYSTATION 4- PS4,47875874602,COD BLACK OPS III PS4,1,69.99,69.99
CHIRIQUI,VIDEO JUEGO,PLAYSTATION 4- PS4,47875874602,COD BLACK OPS III PS4,1,69.99,69.99
CHIRIQUI,VIDEO JUEGO,PLAYSTATION 4- PS4,47875874602,COD BLACK OPS III PS4,1,62.99,62.99
CHIRIQUI,VIDEO JUEGO,PLAYSTATION 4- PS4,47875874602,COD BLACK OPS III PS4,1,69.99,69.99
CHIRIQUI,VIDEO JUEGO,PLAYSTATION 4- PS4,47875874442,Destiny The Taken King  PS4,1,69.99,69.99
CHIRIQUI,VIDEO JUEGO,PLAYSTATION 4- PS4,47875874602,COD BLACK OPS III PS4,1,69.99,69.99
CHIRIQUI,ACCESORIO,TOYS 2 LIFE,45496892159,Amiibo Greninja,1,19.99,19.99
CHIRIQUI,ACCESORIO,TOYS 2 LIFE,45496891701,Amiibo Link,1,19.99,19.99
CHIRIQUI,ACCESORIO,PLAYSTATION 4 - PS4,849172003064,Siliconeskin negrocontroll PS4,1,9.99,9.99
CHIRIQUI,ACCESORIO,PLAYSTATION 4 - PS4,849172003071,Siliconeskin azul controll PS4,1,9.99,9.99
CHIRIQUI,ACCESORIO,PLAYSTATION 4 - PS4,663293106080,Mochila (SONY) - PS4,1,69.99,69.99
CHIRIQUI,ACCESORIO,PLAYSTATION 4 - PS4,849172003064,Siliconeskin negrocontroll PS4,1,9.99,9.99
CHIRIQUI,ACCESORIO,PLAYSTATION 4 - PS4,849172003064,Siliconeskin negrocontroll PS4,1,9.99,9.99
CHIRIQUI,ACCESORIO,PLAYSTATION 4 - PS4,849172001787,Thumb Grips PS4 ,1,12.99,12.99
CHIRIQUI,ACCESORIO,PLAYSTATION 4 - PS4,849172001787,Thumb Grips PS4 ,1,12.99,12.99
CHIRIQUI,ACCESORIO,PLAYSTATION 4 - PS4,849172003071,Siliconeskin azul controll PS4,1,9.99,9.99
CHIRIQUI,ACCESORIO,PLAYSTATION 4 - PS4,849172001787,Thumb Grips PS4 ,1,12.99,12.99
CHIRIQUI,ACCESORIO,PLAYSTATION 4 - PS4,849172003064,Siliconeskin negrocontroll PS4,1,9.99,9.99
CHIRIQUI,ACCESORIO,PLAYSTATION 4 - PS4,849172002944,Cable cargador KMD - PS4,1,12.99,12.99
CHIRIQUI,ACCESORIO,PLAYSTATION 4 - PS4,849172003071,Siliconeskin azul controll PS4,1,9.99,9.99
CHIRIQUI,ACCESORIO,PLAYSTATION 3,849172003446,Cable cargador Twin  KMD - PS3,1,19.99,19.99
CHIRIQUI,ACCESORIO,PSVita,849172003644,Ac Adacter Psvita,1,19.99,19.99
CHIRIQUI,ACCESORIO,PSVita,708056004958,Trigger Grips PSVITA 2000,1,19.99,19.99
CHIRIQUI,ACCESORIO,PSVita,849172003644,Ac Adacter Psvita,1,19.99,19.99
CHIRIQUI,ACCESORIO,NINTENDO WII,45496891442,Wii Remote Plus Luigi,1,49.99,49.99
CHIRIQUI,ACCESORIO,NINTENDO WIIU,849172001251,Cable cargador KMD - Wiiu,1,12.99,12.99
CHIRIQUI,ACCESORIO,NINTENDO WIIU,708056585303,Nerf Game Pad Armor Wiiu,1,29.99,29.99
CHIRIQUI,ACCESORIO,XBOX ONE,885370603989,Play and Charge Kit - Xboxone,1,39.99,39.99
CHIRIQUI,ACCESORIO,XBOX 360,885370769050,Play & Charge KIt X360,1,29.99,29.99
CHIRIQUI,ACCESORIO,XBOX 360,885370114843,Control Inala/Negro - XBOX 360,1,59.99,59.99
CHIRIQUI,ACCESORIO,PLAYSTATION 4 - PS4,711719100423,Camara - PS4,1,69.99,69.99
CHIRIQUI,ACCESORIO,PLAYSTATION 4 - PS4,711719051503,Dualshock 4 Camo - PS4,1,79.99,79.99
CHIRIQUI,ACCESORIO,TOYS 2 LIFE,712725025830,Disney infinity 2.0 Stitch ,1,19.99,19.99
CHIRIQUI,VIDEO JUEGO,PLAYSTATION 4- PS4,14633733808,Madden 16- PS4,1,69.99,69.99
CHIRIQUI,ACCESORIO,PLAYSTATION 4 - PS4,711719051503,Dualshock 4 Camo - PS4,1,79.99,79.99
CHIRIQUI,ACCESORIO,PLAYSTATION 4 - PS4,711719100423,Camara - PS4,1,69.99,69.99
CHIRIQUI,ACCESORIO,PLAYSTATION 4 - PS4,711719100423,Camara - PS4,1,69.99,69.99
CHIRIQUI,ACCESORIO,NINTENDO 3DS,708056054311,Clip Armor Super mario New3dsx,1,19.99,19.99
CHIRIQUI,ACCESORIO,NINTENDO 3DS,708056054311,Clip Armor Super mario New3dsx,1,19.99,19.99
CHIRIQUI,ACCESORIO,VARIADO,708056581077,Rainbow Stylus 8 PACK,1,8.99,8.99
CHIRIQUI,VIDEO JUEGO,NINTENDO 3DS,722674700634,Dragon Ball Z extr. butome 3DS,1,49.99,49.99
CHIRIQUI,VIDEO JUEGO,PLAYSTATION 3 - PS3 ,887256300579,Far Cry 4 PS3,1,49.99,49.99
CHIRIQUI,ACCESORIO,NINTENDO 3DS,45496891503,AC Adapter Nintendo 3DS ,1,19.99,19.99
CHIRIQUI,ACCESORIO,TARJETAS,711719039792,PSN Plus 3 Month,1,24.99,24.99
CHIRIQUI,ACCESORIO,TARJETAS,711719039792,PSN Plus 3 Month,1,24.99,24.99
CHIRIQUI,ACCESORIO,TARJETAS,711719039792,PSN Plus 3 Month,1,24.99,24.99
CHIRIQUI,ACCESORIO,TARJETAS,711719039792,PSN Plus 3 Month,1,24.99,24.99
CHIRIQUI,ACCESORIO,TARJETAS,711719039792,PSN Plus 3 Month,1,24.99,24.99
CHIRIQUI,VIDEO JUEGO,PLAYSTATION 3 - PS3 ,711719051343,Minecraft PS3,1,29.99,29.99
CHIRIQUI,VIDEO JUEGO,PLAYSTATION 3 - PS3 ,711719051343,Minecraft PS3,1,29.99,29.99
CHIRIQUI,VIDEO JUEGO,PLAYSTATION 3 - PS3 ,711719051343,Minecraft PS3,1,29.99,29.99
CHIRIQUI,ACCESORIO,TARJETAS,711719039792,PSN Plus 3 Month,1,24.99,24.99
CHIRIQUI,ACCESORIO,TARJETAS,711719039792,PSN Plus 3 Month,1,24.99,24.99
CHIRIQUI,ACCESORIO,XBOX 360,885370622041,Control Inal Gold - XBOX,1,64.99,64.99
CHIRIQUI,AUDIFONOS,SKULLCANDY,878615035713,SkullCandy Ink'd 2.0 Pink,1,19.99,19.99
CHIRIQUI,AUDIFONOS,SKULLCANDY,878615067813,SkullCandy Smokin´Buds 2 FLORA,1,29.99,29.99
CHIRIQUI,ACCESORIO,TARJETAS,711719039808,PSN Plus 1 Year,1,69.99,69.99
CHIRIQUI,ACCESORIO,TARJETAS,711719039792,PSN Plus 3 Month,1,24.99,24.99
CHIRIQUI,ACCESORIO,TARJETAS,711719039792,PSN Plus 3 Month,1,24.99,24.99
CHIRIQUI,ACCESORIO,PLAYSTATION 4 - PS4,711719051473,Dualshock 4 Blanco - PS4,1,69.99,69.99
CHIRIQUI,ACCESORIO,PLAYSTATION 4 - PS4,711719039617,Dualshock 4 Rojo - PS4,1,69.99,69.99
CHIRIQUI,ACCESORIO,PLAYSTATION 4 - PS4,711719039631,Dualshock 4 Azul - PS4,1,69.99,69.99
CHIRIQUI,ACCESORIO,PLAYSTATION 4 - PS4,711719039631,Dualshock 4 Azul - PS4,1,69.99,69.99
CHIRIQUI,ACCESORIO,PLAYSTATION 4 - PS4,711719039617,Dualshock 4 Rojo - PS4,1,69.99,69.99
CHIRIQUI,VIDEO JUEGO,PLAYSTATION 4- PS4,711719501312,God of war III remast.PS4,1,49.99,49.99
CHIRIQUI,ACCESORIO,PLAYSTATION 4 - PS4,711719039631,Dualshock 4 Azul - PS4,1,69.99,69.99
CHIRIQUI,ACCESORIO,PLAYSTATION 4 - PS4,711719039631,Dualshock 4 Azul - PS4,1,69.99,69.99
CHIRIQUI,ACCESORIO,PLAYSTATION 4 - PS4,711719039617,Dualshock 4 Rojo - PS4,1,69.99,69.99
CHIRIQUI,ACCESORIO,PLAYSTATION 4 - PS4,711719051473,Dualshock 4 Blanco - PS4,1,69.99,69.99
CHIRIQUI,ACCESORIO,PLAYSTATION 4 - PS4,711719039631,Dualshock 4 Azul - PS4,1,69.99,69.99
CHIRIQUI,VIDEO JUEGO,PLAYSTATION 3 - PS3 ,13388922017,Devil May Cry HD Collect PS3,1,19.99,19.99
CHIRIQUI,VIDEO JUEGO,PLAYSTATION 3 - PS3 ,10086690552,Sonic Generations FAV PS3,1,29.99,29.99
CHIRIQUI,VIDEO JUEGO,PLAYSTATION 3 - PS3 ,722674111911,Saint Seiya Soldiers Soul PS3,1,39.99,39.99
CHIRIQUI,ACCESORIO,PLAYSTATION 3,711719990000,Dualshock 3 Urban Camo PS3,1,59.99,59.99
CHIRIQUI,ACCESORIO,PLAYSTATION 3,711719984757,Dualshock 3 Azul PS3,1,59.99,59.99
CHIRIQUI,ACCESORIO,PLAYSTATION 4 - PS4,711719039617,Dualshock 4 Rojo - PS4,1,69.99,69.99
CHIRIQUI,ACCESORIO,PLAYSTATION 4 - PS4,711719039617,Dualshock 4 Rojo - PS4,1,69.99,69.99
CHIRIQUI,CONSOLAS,PLAYSTATION 4 - PS4,711719502470,PS4 Uncharted Collect Bundle ,1,449.99,449.99
 ESTIGAMES KIOSCO WESTLAND,No data,No data,No data,No data,88,,4596.32
ESTIGAMES KIOSCO WESTLAND,ACCESORIO,NINTENDO WIIU,873124005363,Silicone procte Splatoon Wiiu ,1,19.99,19.99
ESTIGAMES KIOSCO WESTLAND,ACCESORIO,NINTENDO 3DS,708056055165,Nerf Armor New 3DSXL,1,29.99,29.99
ESTIGAMES KIOSCO WESTLAND,ACCESORIO,NINTENDO WIIU,873124005363,Silicone procte Splatoon Wiiu ,1,19.99,19.99
ESTIGAMES KIOSCO WESTLAND,VIDEO JUEGO,PLAYSTATION 3 - PS3 ,710425473043,GTA V PS3,1,59.99,59.99
ESTIGAMES KIOSCO WESTLAND,VIDEO JUEGO,PLAYSTATION 4- PS4,14633370461,Star Wars Battlefront PS4,1,69.99,69.99
ESTIGAMES KIOSCO WESTLAND,VIDEO JUEGO,PLAYSTATION 4- PS4,710425476785,WWE 2k16 -PS4,1,69.99,69.99
ESTIGAMES KIOSCO WESTLAND,No data,No data,No data,No data,1,69.99,69.99
ESTIGAMES KIOSCO WESTLAND,VIDEO JUEGO,PLAYSTATION 3 - PS3 ,710425476808,WWE 2k16 -PS3,1,69.99,69.99
ESTIGAMES KIOSCO WESTLAND,VIDEO JUEGO,PLAYSTATION 4- PS4,14633735499,Fifa 16 PS4,1,59.99,59.99
ESTIGAMES KIOSCO WESTLAND,VIDEO JUEGO,PLAYSTATION 4- PS4,662248915654,Final Fantasy XIV HeavenswaPS4,1,49.99,49.99
ESTIGAMES KIOSCO WESTLAND,VIDEO JUEGO,PLAYSTATION 4- PS4,40198002608,Dead or Alive 5 Last Round PS4,1,49.99,49.99
ESTIGAMES KIOSCO WESTLAND,VIDEO JUEGO,PLAYSTATION 4- PS4,14633735499,Fifa 16 PS4,1,59.99,59.99
ESTIGAMES KIOSCO WESTLAND,VIDEO JUEGO,NINTENDO WII U,47875849426,The Amazing Spiderman 2-Wii U,1,49.99,49.99
ESTIGAMES KIOSCO WESTLAND,VIDEO JUEGO,PLAYSTATION 3 - PS3 ,711719982548,Little Big Planet Karting PS3,1,29.99,29.99
ESTIGAMES KIOSCO WESTLAND,VIDEO JUEGO,PLAYSTATION 4- PS4,711719053293,Minecraft PS4,1,29.99,29.99
ESTIGAMES KIOSCO WESTLAND,VIDEO JUEGO,PLAYSTATION 4- PS4,887256014711,Rainbow Six PS4,1,69.99,69.99
ESTIGAMES KIOSCO WESTLAND,VIDEO JUEGO,PLAYSTATION 4- PS4,711719053293,Minecraft PS4,1,29.99,29.99
ESTIGAMES KIOSCO WESTLAND,ACCESORIO,TOYS 2 LIFE,712725027018,Disney infinity 3.0 Chewbacca,1,18.59,18.59
ESTIGAMES KIOSCO WESTLAND,ACCESORIO,TOYS 2 LIFE,712725027117,Disney infinity 3.0 Ultron,1,18.59,18.59
ESTIGAMES KIOSCO WESTLAND,VIDEO JUEGO,PLAYSTATION 3 - PS3 ,722674110532,Naruto Shippuden Gen PS3,1,39.99,39.99
ESTIGAMES KIOSCO WESTLAND,VIDEO JUEGO,PLAYSTATION 3 - PS3 ,710425377808,GTA Episod.  Liberty City -PS3,1,29.99,29.99
ESTIGAMES KIOSCO WESTLAND,ACCESORIO,TARJETAS,711719432500,PSN $10,1,15.99,15.99
ESTIGAMES KIOSCO WESTLAND,ACCESORIO,TARJETAS,799366552260,PSN $50,1,69.99,69.99
ESTIGAMES KIOSCO WESTLAND,VIDEO JUEGO,PLAYSTATION 3 - PS3 ,710425375736,Red Dead Redemption - PS3,1,29.99,29.99
ESTIGAMES KIOSCO WESTLAND,VIDEO JUEGO,PLAYSTATION 3 - PS3 ,722674110822,Naruto Shippuden U.N.S 3 PS3,1,39.99,39.99
ESTIGAMES KIOSCO WESTLAND,VIDEO JUEGO,PS VITA,883929474240,Lego marvel avengers PSVITA,1,39.99,39.99
ESTIGAMES KIOSCO WESTLAND,VIDEO JUEGO,PLAYSTATION 3 - PS3 ,722674111560,Dragon Ball Xenoverse PS3,1,59.99,59.99
ESTIGAMES KIOSCO WESTLAND,VIDEO JUEGO,PLAYSTATION 3 - PS3 ,883929331246,Injustice Gods Among UL PS3,1,39.99,39.99
ESTIGAMES KIOSCO WESTLAND,VIDEO JUEGO,PLAYSTATION 3 - PS3 ,722674111850,Dark Souls II PS3,1,49.99,49.99
ESTIGAMES KIOSCO WESTLAND,VIDEO JUEGO,PLAYSTATION 3 - PS3 ,883929241309,Mortal Kombat Komplete Ed PS3,1,39.99,39.99
ESTIGAMES KIOSCO WESTLAND,VIDEO JUEGO,PLAYSTATION 3 - PS3 ,83717203087,PES 16-PS3,1,24.99,24.99
ESTIGAMES KIOSCO WESTLAND,VIDEO JUEGO,PLAYSTATION 3 - PS3 ,711719991830,The Last of Us PS3,1,49.99,49.99
ESTIGAMES KIOSCO WESTLAND,VIDEO JUEGO,PLAYSTATION 3 - PS3 ,13388340330,Resident Evil 5 (G.E.) - PS3,1,29.99,29.99
ESTIGAMES KIOSCO WESTLAND,VIDEO JUEGO,NINTENDO 3DS,45496742904,Super Smash Bros 3DS,1,49.99,49.99
ESTIGAMES KIOSCO WESTLAND,VIDEO JUEGO,NINTENDO 3DS,45496743598,Mario & Luigi: Paper Jam 3DS,1,49.99,49.99
ESTIGAMES KIOSCO WESTLAND,VIDEO JUEGO,XBOX 360,710425493034,GTA V X360,1,69.99,69.99
ESTIGAMES KIOSCO WESTLAND,VIDEO JUEGO,XBOX 360,83717302131,PES 16- XBOX 360,1,39.99,39.99
ESTIGAMES KIOSCO WESTLAND,ACCESORIO,TARJETAS,711719478102,PSN $20,1,29.99,29.99
ESTIGAMES KIOSCO WESTLAND,ACCESORIO,TARJETAS,711719478102,PSN $20,1,29.99,29.99
ESTIGAMES KIOSCO WESTLAND,ACCESORIO,TARJETAS,711719478102,PSN $20,1,29.99,29.99
ESTIGAMES KIOSCO WESTLAND,ACCESORIO,TARJETAS,799366114901,Nintendo eShop $10,1,15.99,15.99
ESTIGAMES KIOSCO WESTLAND,ACCESORIO,TARJETAS,711719432500,PSN $10,1,15.99,15.99
ESTIGAMES KIOSCO WESTLAND,ACCESORIO,TARJETAS,711719478102,PSN $20,1,29.99,29.99
ESTIGAMES KIOSCO WESTLAND,ACCESORIO,TARJETAS,711719478102,PSN $20,1,29.99,29.99
ESTIGAMES KIOSCO WESTLAND,ACCESORIO,TARJETAS,799366114901,Nintendo eShop $10,1,15.99,15.99
ESTIGAMES KIOSCO WESTLAND,ACCESORIO,TARJETAS,711719432500,PSN $10,1,15.99,15.99
ESTIGAMES KIOSCO WESTLAND,ACCESORIO,TARJETAS,799366086444,Google Play $15,1,19.99,19.99
ESTIGAMES KIOSCO WESTLAND,ACCESORIO,TARJETAS,711719478102,PSN $20,1,29.99,29.99
ESTIGAMES KIOSCO WESTLAND,ACCESORIO,TARJETAS,799366114901,Nintendo eShop $10,1,15.99,15.99
ESTIGAMES KIOSCO WESTLAND,VIDEO JUEGO,PLAYSTATION 4- PS4,710425475290,GTA V PS4,1,69.99,69.99
ESTIGAMES KIOSCO WESTLAND,VIDEO JUEGO,PLAYSTATION 4- PS4,722674120388,Naruto Shippuden UNS4 PS4,1,69.99,69.99
ESTIGAMES KIOSCO WESTLAND,VIDEO JUEGO,PLAYSTATION 4- PS4,722674120388,Naruto Shippuden UNS4 PS4,1,69.99,69.99
ESTIGAMES KIOSCO WESTLAND,VIDEO JUEGO,PLAYSTATION 4- PS4,722674120388,Naruto Shippuden UNS4 PS4,1,69.99,69.99
ESTIGAMES KIOSCO WESTLAND,VIDEO JUEGO,PLAYSTATION 4- PS4,722674120388,Naruto Shippuden UNS4 PS4,1,62.99,62.99
ESTIGAMES KIOSCO WESTLAND,VIDEO JUEGO,PLAYSTATION 4- PS4,710425475290,GTA V PS4,1,69.99,69.99
ESTIGAMES KIOSCO WESTLAND,VIDEO JUEGO,PLAYSTATION 4- PS4,722674120388,Naruto Shippuden UNS4 PS4,1,69.99,69.99
ESTIGAMES KIOSCO WESTLAND,VIDEO JUEGO,PLAYSTATION 3 - PS3 ,47875874565,COD BLACK OPS III PS3,1,59.99,59.99
ESTIGAMES KIOSCO WESTLAND,VIDEO JUEGO,NINTENDO WII U,96427018001,Phineas and Ferb QFCST- WIIU,1,29.99,29.99
ESTIGAMES KIOSCO WESTLAND,VIDEO JUEGO,NINTENDO WII U,45496903527,Splatoon Wii U,1,69.99,69.99
ESTIGAMES KIOSCO WESTLAND,VIDEO JUEGO,PLAYSTATION 3 - PS3 ,887256014285,Just Dance 2016- PS3,1,49.99,49.99
ESTIGAMES KIOSCO WESTLAND,VIDEO JUEGO,PLAYSTATION 3 - PS3 ,47875874565,COD BLACK OPS III PS3,1,59.99,59.99
ESTIGAMES KIOSCO WESTLAND,VIDEO JUEGO,NINTENDO Wii,45496900397,Super Smash Bros. Brawl - Wii,1,39.99,39.99
ESTIGAMES KIOSCO WESTLAND,VIDEO JUEGO,NINTENDO Wii,887256014599,Just Dance 2016- Wii,1,49.99,49.99
ESTIGAMES KIOSCO WESTLAND,ACCESORIO,TARJETAS,711719478102,PSN $20,1,29.99,29.99
ESTIGAMES KIOSCO WESTLAND,ACCESORIO,TARJETAS,799366114901,Nintendo eShop $10,1,15.99,15.99
ESTIGAMES KIOSCO WESTLAND,ACCESORIO,TARJETAS,711719478102,PSN $20,1,29.99,29.99
ESTIGAMES KIOSCO WESTLAND,ACCESORIO,TARJETAS,799366114901,Nintendo eShop $10,1,15.99,15.99
ESTIGAMES KIOSCO WESTLAND,ACCESORIO,NINTENDO WII,45496891534,Wii Remote Plus Peach,1,49.99,49.99
ESTIGAMES KIOSCO WESTLAND,VIDEO JUEGO,PLAYSTATION 4- PS4,47875874602,COD BLACK OPS III PS4,1,69.99,69.99
ESTIGAMES KIOSCO WESTLAND,VIDEO JUEGO,PLAYSTATION 4- PS4,47875874602,COD BLACK OPS III PS4,1,69.99,69.99
ESTIGAMES KIOSCO WESTLAND,VIDEO JUEGO,PLAYSTATION 4- PS4,47875874602,COD BLACK OPS III PS4,1,69.99,69.99
ESTIGAMES KIOSCO WESTLAND,VIDEO JUEGO,PLAYSTATION 4- PS4,47875874602,COD BLACK OPS III PS4,1,69.99,69.99
ESTIGAMES KIOSCO WESTLAND,ACCESORIO,PLAYSTATION 4 - PS4,849172003071,Siliconeskin azul controll PS4,1,9.99,9.99
ESTIGAMES KIOSCO WESTLAND,ACCESORIO,NINTENDO WIIU,873124005035,Wii Wheel Mario 8 Wiiu HORI,1,15.99,15.99
ESTIGAMES KIOSCO WESTLAND,ACCESORIO,PLAYSTATION 4 - PS4,711719051503,Dualshock 4 Camo - PS4,1,79.99,79.99
ESTIGAMES KIOSCO WESTLAND,ACCESORIO,NINTENDO WIIU,849172001251,Cable cargador KMD - Wiiu,1,12.99,12.99
ESTIGAMES KIOSCO WESTLAND,ACCESORIO,NINTENDO 3DS,873124005592,Case duraflex yokai azul 3ds,1,19.99,19.99
ESTIGAMES KIOSCO WESTLAND,ACCESORIO,TARJETAS,711719039792,PSN Plus 3 Month,1,24.99,24.99
ESTIGAMES KIOSCO WESTLAND,VIDEO JUEGO,PLAYSTATION 3 - PS3 ,711719051343,Minecraft PS3,1,29.99,29.99
ESTIGAMES KIOSCO WESTLAND,ACCESORIO,TARJETAS,711719039808,PSN Plus 1 Year,1,69.99,69.99
ESTIGAMES KIOSCO WESTLAND,ACCESORIO,TARJETAS,711719039808,PSN Plus 1 Year,1,69.99,69.99
ESTIGAMES KIOSCO WESTLAND,ACCESORIO,TARJETAS,711719039808,PSN Plus 1 Year,1,69.99,69.99
ESTIGAMES KIOSCO WESTLAND,VIDEO JUEGO,PS VITA,711719221883,God of War - PSVITA,1,39.99,39.99
ESTIGAMES KIOSCO WESTLAND,ACCESORIO,TARJETAS,711719039792,PSN Plus 3 Month,1,24.99,24.99
ESTIGAMES KIOSCO WESTLAND,ACCESORIO,TARJETAS,711719039792,PSN Plus 3 Month,1,24.99,24.99
ESTIGAMES KIOSCO WESTLAND,ACCESORIO,PLAYSTATION 3,711719984757,Dualshock 3 Azul PS3,1,59.99,59.99
ESTIGAMES KIOSCO WESTLAND,CONSOLAS,PLAYSTATION 4 - PS4,711719502470,PS4 Uncharted Collect Bundle ,1,399.99,399.99
ESTIGAMES KIOSCO WESTLAND,CONSOLAS,PLAYSTATION 4 - PS4,711719502470,PS4 Uncharted Collect Bundle ,1,449.99,449.99
 GM EL GORILA,No data,No data,No data,No data,364,,25588.16
GM EL GORILA,ACCESORIO,NINTENDO WIIU,873124005417,WiiU Wheel Link Wiiu HORI,1,15.99,15.99
GM EL GORILA,ACCESORIO,NINTENDO WIIU,45496892456,Wii Remote Plus Bowser,1,49.99,49.99
GM EL GORILA,ACCESORIO,NINTENDO 3DS,708056055165,Nerf Armor New 3DSXL,1,29.99,29.99
GM EL GORILA,AUDIFONOS,TURTLEBEACH,731855042081,Head Set C.O.D-Spectre,1,129.99,129.99
GM EL GORILA,VIDEO JUEGO,PLAYSTATION 3 - PS3 ,722674110303,Knights Contract PS3,1,29.99,29.99
GM EL GORILA,VIDEO JUEGO,PLAYSTATION 4- PS4,883929474110,Lego marvel avengers PS4,1,69.99,69.99
GM EL GORILA,VIDEO JUEGO,PLAYSTATION 4- PS4,883929474110,Lego marvel avengers PS4,-1,69.99,-69.99
GM EL GORILA,VIDEO JUEGO,PLAYSTATION 4- PS4,883929474110,Lego marvel avengers PS4,1,69.99,69.99
GM EL GORILA,VIDEO JUEGO,PLAYSTATION 4- PS4,883929474110,Lego marvel avengers PS4,1,69.99,69.99
GM EL GORILA,VIDEO JUEGO,NINTENDO Wii,13388350186,Resident Evil Zero - Wii,1,29.99,29.99
GM EL GORILA,VIDEO JUEGO,PLAYSTATION 3 - PS3 ,47875846777,COD Ghost PS3,1,0.01,0.01
GM EL GORILA,VIDEO JUEGO,NINTENDO Wii,47875760691,Hot Wheels  Battle Force - Wii,1,29.99,29.99
GM EL GORILA,VIDEO JUEGO,PLAYSTATION 3 - PS3 ,711719837220,Little Big Planet 2 SE FAV PS3,1,19.99,19.99
GM EL GORILA,VIDEO JUEGO,PLAYSTATION 4- PS4,722674120388,Naruto Shippuden UNS4 PS4,1,69.99,69.99
GM EL GORILA,VIDEO JUEGO,PLAYSTATION 4- PS4,722674120388,Naruto Shippuden UNS4 PS4,1,69.99,69.99
GM EL GORILA,VIDEO JUEGO,PLAYSTATION 4- PS4,894515001689,Minecraft Story Mode  PS4,1,39.99,39.99
GM EL GORILA,VIDEO JUEGO,PLAYSTATION 4- PS4,83717203063,PES 16 PS4,1,34.99,34.99
GM EL GORILA,VIDEO JUEGO,PLAYSTATION 4- PS4,722674120388,Naruto Shippuden UNS4 PS4,1,69.99,69.99
GM EL GORILA,VIDEO JUEGO,PLAYSTATION 4- PS4,722674120388,Naruto Shippuden UNS4 PS4,1,69.99,69.99
GM EL GORILA,VIDEO JUEGO,PLAYSTATION 4- PS4,722674120388,Naruto Shippuden UNS4 PS4,1,69.99,69.99
GM EL GORILA,VIDEO JUEGO,PLAYSTATION 4- PS4,722674120388,Naruto Shippuden UNS4 PS4,1,69.99,69.99
GM EL GORILA,VIDEO JUEGO,PLAYSTATION 4- PS4,14633735529,Fifa 16 Deluxe Edition PS4,1,69.99,69.99
GM EL GORILA,VIDEO JUEGO,PLAYSTATION 4- PS4,14633370461,Star Wars Battlefront PS4,1,69.99,69.99
GM EL GORILA,VIDEO JUEGO,PLAYSTATION 4- PS4,710425476785,WWE 2k16 -PS4,1,69.99,69.99
GM EL GORILA,VIDEO JUEGO,PLAYSTATION 4- PS4,14633370461,Star Wars Battlefront PS4,1,69.99,69.99
GM EL GORILA,VIDEO JUEGO,PLAYSTATION 4- PS4,710425476785,WWE 2k16 -PS4,1,69.99,69.99
GM EL GORILA,VIDEO JUEGO,PLAYSTATION 4- PS4,662248915869,Just Cause 3 PS4,1,69.99,69.99
GM EL GORILA,VIDEO JUEGO,PLAYSTATION 4- PS4,13388937028,Street Fighter V - PS4,1,69.99,69.99
GM EL GORILA,VIDEO JUEGO,PLAYSTATION 4- PS4,13388937028,Street Fighter V - PS4,1,69.99,69.99
GM EL GORILA,VIDEO JUEGO,PLAYSTATION 4- PS4,14633370461,Star Wars Battlefront PS4,1,69.99,69.99
GM EL GORILA,VIDEO JUEGO,PLAYSTATION 4- PS4,14633370461,Star Wars Battlefront PS4,1,69.99,69.99
GM EL GORILA,VIDEO JUEGO,PLAYSTATION 4- PS4,13388937004,Resident Evil Revelation 2 PS4,1,39.99,39.99
GM EL GORILA,VIDEO JUEGO,PLAYSTATION 4- PS4,722674120401,Saint Seiya Soldiers Soul PS4,1,59.99,59.99
GM EL GORILA,VIDEO JUEGO,PLAYSTATION 4- PS4,722674120166,Dragon Ball Xenoverse PS4,1,69.99,69.99
GM EL GORILA,VIDEO JUEGO,PLAYSTATION 4- PS4,96427018391,Air Conflicts Vietnam PS4 ,1,29.99,29.99
GM EL GORILA,VIDEO JUEGO,PLAYSTATION 4- PS4,883929472901,Lego jurassic World PS4,1,49.99,49.99
GM EL GORILA,VIDEO JUEGO,PLAYSTATION 4- PS4,13388937004,Resident Evil Revelation 2 PS4,1,39.99,39.99
GM EL GORILA,VIDEO JUEGO,PLAYSTATION 4- PS4,14633735499,Fifa 16 PS4,1,59.99,59.99
GM EL GORILA,VIDEO JUEGO,PLAYSTATION 4- PS4,14633370461,Star Wars Battlefront PS4,1,69.99,69.99
GM EL GORILA,VIDEO JUEGO,PLAYSTATION 4- PS4,14633735499,Fifa 16 PS4,1,59.99,59.99
GM EL GORILA,VIDEO JUEGO,PLAYSTATION 4- PS4,812872018522,Payday 2  PS4,1,39.99,39.99
GM EL GORILA,VIDEO JUEGO,PLAYSTATION 4- PS4,13388937028,Street Fighter V - PS4,1,69.99,69.99
GM EL GORILA,CONSOLAS,NINTENDO WII U,45496881733,Nintendo Wiiu Mario Kart 8 DL,1,369.99,369.99
GM EL GORILA,CONSOLAS,NINTENDO WII U,45496881733,Nintendo Wiiu Mario Kart 8 DL,1,369.99,369.99
GM EL GORILA,VIDEO JUEGO,PLAYSTATION 4- PS4,887256300340,Assassins Creed Unity PS4,1,0.01,0.01
GM EL GORILA,CONSOLAS,PLAYSTATION 3 - PS3,711719050537,PS3 Ultraslim The last 500 GB,1,299.99,299.99
GM EL GORILA,VIDEO JUEGO,PLAYSTATION 4- PS4,887256300340,Assassins Creed Unity PS4,1,0.01,0.01
GM EL GORILA,VIDEO JUEGO,PLAYSTATION 4- PS4,887256300340,Assassins Creed Unity PS4,1,0.01,0.01
GM EL GORILA,CONSOLAS,PLAYSTATION 3 - PS3,711719992097,PS3 Ultraslim 250 GB,1,279.99,279.99
GM EL GORILA,CONSOLAS,PS VITA,711719050681,PS Vita 2.0 Borderland 2,1,229.99,229.99
GM EL GORILA,CONSOLAS,PS VITA,711719050681,PS Vita 2.0 Borderland 2,1,229.99,229.99
GM EL GORILA,CONSOLAS,PS VITA,711719050681,PS Vita 2.0 Borderland 2,1,249.99,249.99
GM EL GORILA,CONSOLAS,PS VITA,711719050681,PS Vita 2.0 Borderland 2,1,229.99,229.99
GM EL GORILA,VIDEO JUEGO,NINTENDO WII U,883929280483,Game Party Champions Wiiu,1,0.01,0.01
GM EL GORILA,VIDEO JUEGO,NINTENDO WII U,883929280483,Game Party Champions Wiiu,1,0.01,0.01
GM EL GORILA,VIDEO JUEGO,PLAYSTATION 3 - PS3 ,883929326976,Lego Marvel Super Heroes PS3,1,29.99,29.99
GM EL GORILA,VIDEO JUEGO,PLAYSTATION 3 - PS3 ,887256000615,AssassinCreed The  A.C. PS3,1,49.99,49.99
GM EL GORILA,VIDEO JUEGO,PLAYSTATION 3 - PS3 ,47875874367,COD Black Ops I + II C. PS3,1,49.99,49.99
GM EL GORILA,VIDEO JUEGO,PLAYSTATION 3 - PS3 ,14633731804,Plants vs Zombies GW PS3,1,49.99,49.99
GM EL GORILA,VIDEO JUEGO,PLAYSTATION 3 - PS3 ,47875874367,COD Black Ops I + II C. PS3,1,49.99,49.99
GM EL GORILA,VIDEO JUEGO,PS VITA,711719220268,Uncharted Golden Abyss PSV,1,29.99,29.99
GM EL GORILA,VIDEO JUEGO,PLAYSTATION 4- PS4,711719053293,Minecraft PS4,1,29.99,29.99
GM EL GORILA,VIDEO JUEGO,NINTENDO Wii,14633155273,Medal of Honor 2 - Wii,1,29.99,29.99
GM EL GORILA,VIDEO JUEGO,NINTENDO Wii,14633158304,NFS Nitro - Wii,1,39.99,39.99
GM EL GORILA,VIDEO JUEGO,NINTENDO Wii,14633155273,Medal of Honor 2 - Wii,-1,29.99,-29.99
GM EL GORILA,VIDEO JUEGO,PS VITA,711719220602,Allstars Battle Royale PSVITA,1,0.01,0.01
GM EL GORILA,VIDEO JUEGO,PS VITA,711719220602,Allstars Battle Royale PSVITA,1,29.99,29.99
GM EL GORILA,VIDEO JUEGO,PLAYSTATION 4- PS4,8888358428,Assassin'sCreed Black Flag PS4,1,0.01,0.01
GM EL GORILA,VIDEO JUEGO,PLAYSTATION 4- PS4,8888358428,Assassin'sCreed Black Flag PS4,1,39.99,39.99
GM EL GORILA,VIDEO JUEGO,PLAYSTATION 4- PS4,47875846791,COD Ghost PS4,1,39.99,39.99
GM EL GORILA,VIDEO JUEGO,NINTENDO WII U,883929326730,Batman Arkham Origins Wiiu ,1,29.99,29.99
GM EL GORILA,VIDEO JUEGO,XBOX 360,14633735482,Fifa 16 XBOX 360,1,59.99,59.99
GM EL GORILA,VIDEO JUEGO,XBOX 360,894515001658,Minecraft Story Mode  XB360,1,39.99,39.99
GM EL GORILA,VIDEO JUEGO,XBOX 360,14633735482,Fifa 16 XBOX 360,1,49.99,49.99
GM EL GORILA,VIDEO JUEGO,XBOX 360,887256000462,The Crew Xbox 360,1,29.99,29.99
GM EL GORILA,VIDEO JUEGO,XBOX 360,14633735482,Fifa 16 XBOX 360,1,49.99,49.99
GM EL GORILA,VIDEO JUEGO,NINTENDO 3DS,722674700641,Project X Zone 2 3DS ,1,49.99,49.99
GM EL GORILA,VIDEO JUEGO,NINTENDO 3DS,883929474189,Lego marvel avengers 3DS,1,39.99,39.99
GM EL GORILA,VIDEO JUEGO,NINTENDO 3DS,45496743130,Puzzle & Dragons + Super M 3DS,1,39.99,39.99
GM EL GORILA,VIDEO JUEGO,NINTENDO 3DS,662248916576,Final fantasy Explorers 3DS ,1,49.99,49.99
GM EL GORILA,VIDEO JUEGO,NINTENDO 3DS,712725022426,Disney princess 3Ds,1,29.99,29.99
GM EL GORILA,VIDEO JUEGO,PLAYSTATION 3 - PS3 ,712725027599,Disney Infinity 3.0 S.P  PS3,1,89.99,89.99
GM EL GORILA,VIDEO JUEGO,PLAYSTATION 3 - PS3 ,14633735444,Fifa 16 PS3,1,49.99,49.99
GM EL GORILA,VIDEO JUEGO,PLAYSTATION 3 - PS3 ,14633735444,Fifa 16 PS3,1,59.99,59.99
GM EL GORILA,VIDEO JUEGO,PLAYSTATION 3 - PS3 ,14633730814,NFS Undercover PS3,1,29.99,29.99
GM EL GORILA,VIDEO JUEGO,PLAYSTATION 3 - PS3 ,83717202776,Metal Gear Solid V PS3,1,59.99,59.99
GM EL GORILA,VIDEO JUEGO,PLAYSTATION 3 - PS3 ,887256301156,Just Dance 2015 PS3,1,39.99,39.99
GM EL GORILA,ACCESORIO,TARJETAS,711719478102,PSN $20,1,29.99,29.99
GM EL GORILA,ACCESORIO,TARJETAS,799366552260,PSN $50,1,69.99,69.99
GM EL GORILA,ACCESORIO,TARJETAS,711719478102,PSN $20,1,29.99,29.99
GM EL GORILA,VIDEO JUEGO,PLAYSTATION 3 - PS3 ,883929240814,Batman Arkham City GoY PS3,1,29.99,29.99
GM EL GORILA,VIDEO JUEGO,PLAYSTATION 3 - PS3 ,83717203087,PES 16-PS3,1,59.99,59.99
GM EL GORILA,VIDEO JUEGO,PLAYSTATION 3 - PS3 ,710425476969,GTA San Andreas  PS3,1,29.99,29.99
GM EL GORILA,VIDEO JUEGO,PLAYSTATION 3 - PS3 ,883929474080,Lego marvel avengers PS3,1,59.99,59.99
GM EL GORILA,VIDEO JUEGO,PLAYSTATION 3 - PS3 ,788687501088,Batman Arkham Asylum 3D - PS3,1,29.99,29.99
GM EL GORILA,VIDEO JUEGO,PLAYSTATION 3 - PS3 ,788687501088,Batman Arkham Asylum 3D - PS3,-1,29.99,-29.99
GM EL GORILA,VIDEO JUEGO,PLAYSTATION 3 - PS3 ,712725027599,Disney Infinity 3.0 S.P  PS3,1,89.99,89.99
GM EL GORILA,VIDEO JUEGO,PLAYSTATION 4- PS4,722674120388,Naruto Shippuden UNS4 PS4,1,69.99,69.99
GM EL GORILA,VIDEO JUEGO,PLAYSTATION 4- PS4,722674120388,Naruto Shippuden UNS4 PS4,1,69.99,69.99
GM EL GORILA,VIDEO JUEGO,PLAYSTATION 3 - PS3 ,883929427284,Lego Batman 3 B. G PS3,1,59.99,59.99
GM EL GORILA,VIDEO JUEGO,PLAYSTATION 3 - PS3 ,883929408184,Shadow of Mordor PS3,1,29.99,29.99
GM EL GORILA,VIDEO JUEGO,PLAYSTATION 3 - PS3 ,710425473043,GTA V PS3,1,59.99,59.99
GM EL GORILA,VIDEO JUEGO,PLAYSTATION 3 - PS3 ,710425476556,NBA 2K16 PS3,1,69.99,69.99
GM EL GORILA,VIDEO JUEGO,XBOX ONE,728658046422,RB Bundle XONE,1,399.99,399.99
GM EL GORILA,VIDEO JUEGO,PLAYSTATION 3 - PS3 ,710425473043,GTA V PS3,1,59.99,59.99
GM EL GORILA,VIDEO JUEGO,PLAYSTATION 3 - PS3 ,710425474231,Bioshock Infinite T.C.E  PS3,1,29.99,29.99
GM EL GORILA,VIDEO JUEGO,PLAYSTATION 3 - PS3 ,710425473043,GTA V PS3,1,49.99,49.99
GM EL GORILA,VIDEO JUEGO,PLAYSTATION 3 - PS3 ,710425473043,GTA V PS3,1,59.99,59.99
GM EL GORILA,VIDEO JUEGO,XBOX ONE,722674220248,Naruto Shippuden UNS4 XONE,1,69.99,69.99
GM EL GORILA,VIDEO JUEGO,XBOX ONE,710425495281,GTA V XONE,1,69.99,69.99
GM EL GORILA,VIDEO JUEGO,PLAYSTATION 3 - PS3 ,710425473043,GTA V PS3,1,59.99,59.99
GM EL GORILA,VIDEO JUEGO,PLAYSTATION 3 - PS3 ,8888345343,Assassin's Creed 2 - PS3,-1,29.99,-29.99
GM EL GORILA,VIDEO JUEGO,PLAYSTATION 3 - PS3 ,8888345343,Assassin's Creed 2 - PS3,1,29.99,29.99
GM EL GORILA,VIDEO JUEGO,NINTENDO 3DS,883929326945,Lego Chima  3DS,1,0.01,0.01
GM EL GORILA,VIDEO JUEGO,PLAYSTATION 3 - PS3 ,710425476808,WWE 2k16 -PS3,1,69.99,69.99
GM EL GORILA,VIDEO JUEGO,PLAYSTATION 3 - PS3 ,883929241309,Mortal Kombat Komplete Ed PS3,1,39.99,39.99
GM EL GORILA,VIDEO JUEGO,XBOX 360,83717302131,PES 16- XBOX 360,1,24.99,24.99
GM EL GORILA,VIDEO JUEGO,XBOX 360,710425493034,GTA V X360,1,49.99,49.99
GM EL GORILA,VIDEO JUEGO,XBOX ONE,14633734553,Fifa 16 XONE,1,59.99,59.99
GM EL GORILA,VIDEO JUEGO,XBOX ONE,885370928518,Halo 5: Guardians XONE,1,69.99,69.99
GM EL GORILA,VIDEO JUEGO,PLAYSTATION 3 - PS3 ,14633735444,Fifa 16 PS3,1,59.99,59.99
GM EL GORILA,VIDEO JUEGO,PLAYSTATION 3 - PS3 ,14633735444,Fifa 16 PS3,1,59.99,59.99
GM EL GORILA,VIDEO JUEGO,PLAYSTATION 3 - PS3 ,83717203087,PES 16-PS3,1,39.99,39.99
GM EL GORILA,VIDEO JUEGO,PLAYSTATION 3 - PS3 ,47875840591,COD 4 - PS3,1,19.99,19.99
GM EL GORILA,VIDEO JUEGO,PLAYSTATION 3 - PS3 ,14633735444,Fifa 16 PS3,1,59.99,59.99
GM EL GORILA,VIDEO JUEGO,PLAYSTATION 3 - PS3 ,14633154207,NFS  Pro Street - PS3,1,29.99,29.99
GM EL GORILA,VIDEO JUEGO,PLAYSTATION 3 - PS3 ,710425474132,NBA 2K15 PS3,1,39.99,39.99
GM EL GORILA,VIDEO JUEGO,PLAYSTATION 3 - PS3 ,722674110822,Naruto Shippuden U.N.S 3 PS3,1,39.99,39.99
GM EL GORILA,VIDEO JUEGO,PLAYSTATION 3 - PS3 ,710425474132,NBA 2K15 PS3,1,39.99,39.99
GM EL GORILA,VIDEO JUEGO,PLAYSTATION 3 - PS3 ,722674110334,Dragon Ball RB 2 - PS3,1,49.99,49.99
GM EL GORILA,VIDEO JUEGO,PLAYSTATION 3 - PS3 ,83717203087,PES 16-PS3,1,24.99,24.99
GM EL GORILA,VIDEO JUEGO,PLAYSTATION 3 - PS3 ,83717203087,PES 16-PS3,1,24.99,24.99
GM EL GORILA,VIDEO JUEGO,PLAYSTATION 3 - PS3 ,710425476969,GTA San Andreas  PS3,1,29.99,29.99
GM EL GORILA,VIDEO JUEGO,PLAYSTATION 3 - PS3 ,711719824626,The Sly Collection - PS3,1,29.99,29.99
GM EL GORILA,VIDEO JUEGO,PLAYSTATION 3 - PS3 ,14633152753,NFS Carbon - PS3,1,30.0,30.0
GM EL GORILA,VIDEO JUEGO,PLAYSTATION 3 - PS3 ,83717203087,PES 16-PS3,1,24.99,24.99
GM EL GORILA,VIDEO JUEGO,PLAYSTATION 3 - PS3 ,83717203087,PES 16-PS3,2,24.99,49.98
GM EL GORILA,VIDEO JUEGO,XBOX 360,47875874480,Destiny The Taken King X360,1,69.99,69.99
GM EL GORILA,VIDEO JUEGO,XBOX 360,47875874640,COD BLACK OPS III Xbox 360,1,59.99,59.99
GM EL GORILA,VIDEO JUEGO,XBOX 360,47875874640,COD BLACK OPS III Xbox 360,1,59.99,59.99
GM EL GORILA,VIDEO JUEGO,XBOX 360,47875874640,COD BLACK OPS III Xbox 360,1,59.99,59.99
GM EL GORILA,VIDEO JUEGO,NINTENDO 3DS,45496742904,Super Smash Bros 3DS,1,49.99,49.99
GM EL GORILA,VIDEO JUEGO,NINTENDO 3DS,45496742072,New Super Mario Bros 2 3DS,1,39.99,39.99
GM EL GORILA,VIDEO JUEGO,NINTENDO 3DS,45496742805,Zelda Majora´s Mask 3DS,1,49.99,49.99
GM EL GORILA,VIDEO JUEGO,NINTENDO 3DS,45496743314,Pokemon Super Mystery Dung.3DS,1,49.99,49.99
GM EL GORILA,VIDEO JUEGO,NINTENDO 3DS,45496742805,Zelda Majora´s Mask 3DS,1,49.99,49.99
GM EL GORILA,VIDEO JUEGO,NINTENDO 3DS,45496742904,Super Smash Bros 3DS,1,49.99,49.99
GM EL GORILA,VIDEO JUEGO,NINTENDO 3DS,45496742942,Pokemon Alpha Sapphire 3DS,1,49.99,49.99
GM EL GORILA,VIDEO JUEGO,NINTENDO 3DS,45496742928,Pokemon Omega Ruby 3DS,1,49.99,49.99
GM EL GORILA,VIDEO JUEGO,NINTENDO 3DS,45496742904,Super Smash Bros 3DS,1,49.99,49.99
GM EL GORILA,VIDEO JUEGO,NINTENDO 3DS,45496743406,Fire Emblem Fates Conquest 3DS,1,49.99,49.99
GM EL GORILA,VIDEO JUEGO,NINTENDO 3DS,45496743581,Fire Emblem Fates S.E 3DS,2,89.99,179.98
GM EL GORILA,VIDEO JUEGO,NINTENDO 3DS,45496741747,Mario Kart 7 3DS,1,39.99,39.99
GM EL GORILA,VIDEO JUEGO,NINTENDO 3DS,45496743154,Fire Emblem Fates Birth 3DS,1,49.99,49.99
GM EL GORILA,CONSOLAS,NINTENDO 3DS,45496781514,NINTENDO NEW 3DSXL BLACK,1,249.99,249.99
GM EL GORILA,ACCESORIO,NINTENDO 3DS,45496721435,NFC Reader Write 3ds,1,24.99,24.99
GM EL GORILA,ACCESORIO,NINTENDO WIIU,45496891046,Nunchuk Negro Wiiu,1,24.99,24.99
GM EL GORILA,ACCESORIO,NINTENDO WIIU,45496891022,Wii U Pro Controller Black,1,69.99,69.99
GM EL GORILA,VIDEO JUEGO,PLAYSTATION 4- PS4,711719500575,PES 15 PS4,1,0.01,0.01
GM EL GORILA,VIDEO JUEGO,PLAYSTATION 4- PS4,722674120388,Naruto Shippuden UNS4 PS4,1,69.99,69.99
GM EL GORILA,VIDEO JUEGO,PLAYSTATION 4- PS4,722674120388,Naruto Shippuden UNS4 PS4,1,69.99,69.99
GM EL GORILA,ACCESORIO,TARJETAS,799366552260,PSN $50,1,69.99,69.99
GM EL GORILA,ACCESORIO,TARJETAS,711719478102,PSN $20,1,29.99,29.99
GM EL GORILA,ACCESORIO,TARJETAS,799366086444,Google Play $15,1,19.99,19.99
GM EL GORILA,ACCESORIO,TARJETAS,799366552260,PSN $50,1,69.99,69.99
GM EL GORILA,ACCESORIO,TARJETAS,711719478102,PSN $20,1,29.99,29.99
GM EL GORILA,ACCESORIO,TARJETAS,799366114901,Nintendo eShop $10,1,15.99,15.99
GM EL GORILA,ACCESORIO,TARJETAS,711719478102,PSN $20,1,29.99,29.99
GM EL GORILA,ACCESORIO,TARJETAS,799366552260,PSN $50,1,69.99,69.99
GM EL GORILA,ACCESORIO,TARJETAS,711719478102,PSN $20,1,29.99,29.99
GM EL GORILA,VIDEO JUEGO,PLAYSTATION 4- PS4,722674120371,J-STARS VICTORY + PS4,1,69.99,69.99
GM EL GORILA,VIDEO JUEGO,PLAYSTATION 4- PS4,710425476570,NBA 2K16 PS4,1,69.99,69.99
GM EL GORILA,VIDEO JUEGO,PLAYSTATION 4- PS4,710425476570,NBA 2K16 PS4,-1,69.99,-69.99
GM EL GORILA,VIDEO JUEGO,PLAYSTATION 4- PS4,722674120388,Naruto Shippuden UNS4 PS4,1,69.99,69.99
GM EL GORILA,VIDEO JUEGO,PLAYSTATION 4- PS4,722674120388,Naruto Shippuden UNS4 PS4,1,69.99,69.99
GM EL GORILA,VIDEO JUEGO,PLAYSTATION 4- PS4,722674120388,Naruto Shippuden UNS4 PS4,1,69.99,69.99
GM EL GORILA,AUDIFONOS,GAMING,728658041182,Headset Wireless Kunai Blanco,-1,89.99,-89.99
GM EL GORILA,AUDIFONOS,GAMING,728658041182,Headset Wireless Kunai Blanco,-1,89.99,-89.99
GM EL GORILA,AUDIFONOS,GAMING,728658041182,Headset Wireless Kunai Blanco,1,89.99,89.99
GM EL GORILA,AUDIFONOS,GAMING,728658041182,Headset Wireless Kunai Blanco,1,89.99,89.99
GM EL GORILA,VIDEO JUEGO,PLAYSTATION 4- PS4,883929426546,Mortal Kombat X PS4,1,69.99,69.99
GM EL GORILA,VIDEO JUEGO,PLAYSTATION 4- PS4,14633368611,NFS PS4,1,69.99,69.99
GM EL GORILA,VIDEO JUEGO,PLAYSTATION 4- PS4,83717203063,PES 16 PS4,1,34.99,34.99
GM EL GORILA,VIDEO JUEGO,PLAYSTATION 4- PS4,722674120388,Naruto Shippuden UNS4 PS4,1,62.99,62.99
GM EL GORILA,VIDEO JUEGO,PLAYSTATION 4- PS4,883929426546,Mortal Kombat X PS4,1,69.99,69.99
GM EL GORILA,VIDEO JUEGO,PLAYSTATION 4- PS4,710425475290,GTA V PS4,1,69.99,69.99
GM EL GORILA,VIDEO JUEGO,PLAYSTATION 4- PS4,710425475290,GTA V PS4,1,64.0,64.0
GM EL GORILA,VIDEO JUEGO,PLAYSTATION 4- PS4,710425475290,GTA V PS4,1,69.99,69.99
GM EL GORILA,VIDEO JUEGO,PLAYSTATION 4- PS4,710425475290,GTA V PS4,1,65.44,65.44
GM EL GORILA,VIDEO JUEGO,PLAYSTATION 3 - PS3 ,883929240814,Batman Arkham City GoY PS3,1,29.99,29.99
GM EL GORILA,VIDEO JUEGO,PLAYSTATION 3 - PS3 ,13388922048,Resident Evil 6 PS3,1,29.99,29.99
GM EL GORILA,VIDEO JUEGO,PS VITA,711719221272,Jak and daxter PSVITA,1,29.99,29.99
GM EL GORILA,VIDEO JUEGO,PS VITA,883929331086,Injustice Gods Among UL PSVITA,1,29.99,29.99
GM EL GORILA,VIDEO JUEGO,NINTENDO Wii,13388350025,Resident Evil T.U.C. - Wii,1,29.99,29.99
GM EL GORILA,ACCESORIO,TOYS 2 LIFE,712725027001,Disney infinity 3.0 Rise.3PA,1,49.99,49.99
GM EL GORILA,ACCESORIO,TOYS 2 LIFE,712725027476,Disney infinity 3.0 Hulkbuster,1,19.99,19.99
GM EL GORILA,ACCESORIO,TOYS 2 LIFE,712725027131,Disney infinity 3.0 Spot,1,19.99,19.99
GM EL GORILA,ACCESORIO,NINTENDO WIIU,45496891046,Nunchuk Negro Wiiu,1,24.99,24.99
GM EL GORILA,ACCESORIO,NINTENDO WIIU,45496891046,Nunchuk Negro Wiiu,1,24.99,24.99
GM EL GORILA,ACCESORIO,NINTENDO WIIU,45496891046,Nunchuk Negro Wiiu,1,24.99,24.99
GM EL GORILA,ACCESORIO,NINTENDO WIIU,45496892531,Amiibo Card Animal Crossin 2,1,9.99,9.99
GM EL GORILA,VIDEO JUEGO,PLAYSTATION 3 - PS3 ,47875874565,COD BLACK OPS III PS3,1,59.99,59.99
GM EL GORILA,VIDEO JUEGO,PLAYSTATION 3 - PS3 ,887256014285,Just Dance 2016- PS3,1,49.99,49.99
GM EL GORILA,VIDEO JUEGO,XBOX ONE,47875874688,COD BLACK OPS III XONE,1,69.99,69.99
GM EL GORILA,VIDEO JUEGO,NINTENDO WII U,45496903527,Splatoon Wii U,1,69.99,69.99
GM EL GORILA,VIDEO JUEGO,NINTENDO WII U,45496903527,Splatoon Wii U,1,69.99,69.99
GM EL GORILA,VIDEO JUEGO,NINTENDO WII U,45496903404,Super Smash Bros Wii U,1,69.99,69.99
GM EL GORILA,VIDEO JUEGO,NINTENDO WII U,45496903756,Super Mario Maker Wii U,1,69.99,69.99
GM EL GORILA,VIDEO JUEGO,NINTENDO WII U,45496903510,MARIO PARTY 10 WII U,1,56.09,56.09
GM EL GORILA,VIDEO JUEGO,NINTENDO WII U,45496903756,Super Mario Maker Wii U,1,69.99,69.99
GM EL GORILA,VIDEO JUEGO,NINTENDO WII U,45496903510,MARIO PARTY 10 WII U,1,59.99,59.99
GM EL GORILA,VIDEO JUEGO,NINTENDO WII U,887256014605,Just Dance 2016 Wii U,1,59.99,59.99
GM EL GORILA,VIDEO JUEGO,NINTENDO WII U,887256014605,Just Dance 2016 Wii U,1,59.99,59.99
GM EL GORILA,VIDEO JUEGO,NINTENDO WII U,45496903404,Super Smash Bros Wii U,1,69.99,69.99
GM EL GORILA,VIDEO JUEGO,NINTENDO WII U,45496903404,Super Smash Bros Wii U,1,59.99,59.99
GM EL GORILA,VIDEO JUEGO,PLAYSTATION 3 - PS3 ,47875874404,Destiny The Taken King  PS3,1,69.99,69.99
GM EL GORILA,VIDEO JUEGO,PLAYSTATION 3 - PS3 ,47875874404,Destiny The Taken King  PS3,1,69.99,69.99
GM EL GORILA,VIDEO JUEGO,NINTENDO Wii,887256014599,Just Dance 2016- Wii,1,49.99,49.99
GM EL GORILA,VIDEO JUEGO,NINTENDO Wii,887256014599,Just Dance 2016- Wii,1,49.99,49.99
GM EL GORILA,VIDEO JUEGO,NINTENDO Wii,45496900397,Super Smash Bros. Brawl - Wii,1,39.99,39.99
GM EL GORILA,VIDEO JUEGO,NINTENDO Wii,45496901738,New Super Mario Bros. - Wii,1,39.99,39.99
GM EL GORILA,VIDEO JUEGO,NINTENDO Wii,45496900397,Super Smash Bros. Brawl - Wii,1,39.99,39.99
GM EL GORILA,VIDEO JUEGO,NINTENDO Wii,45496900397,Super Smash Bros. Brawl - Wii,1,39.99,39.99
GM EL GORILA,ACCESORIO,NINTENDO WII,45496891534,Wii Remote Plus Peach,1,49.99,49.99
GM EL GORILA,ACCESORIO,TOYS 2 LIFE,712725027162,Disney infinity 3.0 Darth Vade,1,19.99,19.99
GM EL GORILA,ACCESORIO,TARJETAS,889842063998,Xbox Live 12 Month,1,79.99,79.99
GM EL GORILA,ACCESORIO,TARJETAS,799366114901,Nintendo eShop $10,1,15.99,15.99
GM EL GORILA,VIDEO JUEGO,PLAYSTATION 4- PS4,883929426546,Mortal Kombat X PS4,1,69.99,69.99
GM EL GORILA,VIDEO JUEGO,PLAYSTATION 4- PS4,710425474156,NBA 2K15 PS4,1,39.99,39.99
GM EL GORILA,VIDEO JUEGO,PLAYSTATION 4- PS4,710425474156,NBA 2K15 PS4,-1,39.99,-39.99
GM EL GORILA,VIDEO JUEGO,PLAYSTATION 4- PS4,710425476570,NBA 2K16 PS4,1,69.99,69.99
GM EL GORILA,VIDEO JUEGO,PLAYSTATION 4- PS4,728658046514,RB Software + Guitar PS4,1,169.99,169.99
GM EL GORILA,VIDEO JUEGO,PLAYSTATION 4- PS4,14633368611,NFS PS4,1,0.01,0.01
GM EL GORILA,VIDEO JUEGO,PLAYSTATION 4- PS4,887256015626,The Crew wild run PS4,1,59.99,59.99
GM EL GORILA,VIDEO JUEGO,PLAYSTATION 4- PS4,894515001689,Minecraft Story Mode  PS4,1,39.99,39.99
GM EL GORILA,VIDEO JUEGO,PLAYSTATION 4- PS4,722674120388,Naruto Shippuden UNS4 PS4,1,69.99,69.99
GM EL GORILA,VIDEO JUEGO,PLAYSTATION 4- PS4,722674120357,F1 2015 PS4,1,69.99,69.99
GM EL GORILA,VIDEO JUEGO,PLAYSTATION 4- PS4,47875848986,Destiny PS4,1,39.99,39.99
GM EL GORILA,VIDEO JUEGO,PLAYSTATION 4- PS4,722674120388,Naruto Shippuden UNS4 PS4,1,69.99,69.99
GM EL GORILA,VIDEO JUEGO,PLAYSTATION 4- PS4,10086632026,Alien Isolation PS4,1,29.99,29.99
GM EL GORILA,VIDEO JUEGO,PLAYSTATION 4- PS4,13388937028,Street Fighter V - PS4,1,69.99,69.99
GM EL GORILA,ACCESORIO,TARJETAS,889842063998,Xbox Live 12 Month,1,79.99,79.99
GM EL GORILA,ACCESORIO,TARJETAS,711719432500,PSN $10,1,15.99,15.99
GM EL GORILA,ACCESORIO,TARJETAS,799366552260,PSN $50,1,69.99,69.99
GM EL GORILA,ACCESORIO,TARJETAS,799366552260,PSN $50,1,69.99,69.99
GM EL GORILA,ACCESORIO,TARJETAS,799366104667,Nintendo eShop $20,2,29.99,59.98
GM EL GORILA,ACCESORIO,TARJETAS,799366512318,Xbox Live 3 Month,1,39.99,39.99
GM EL GORILA,ACCESORIO,TARJETAS,799366512318,Xbox Live 3 Month,1,39.99,39.99
GM EL GORILA,VIDEO JUEGO,XBOX ONE,14633367966,Plants vs Zombies GW XONE,1,49.99,49.99
GM EL GORILA,VIDEO JUEGO,NINTENDO Wii,47875842076,COD Modern Warfare 3 Wii,1,39.99,39.99
GM EL GORILA,ACCESORIO,MEMORIAS,619659078416,SANDISK MICROSD CL 10 32G,1,59.99,59.99
GM EL GORILA,GO PRO,ACCESORIOS,818279010121,GOPROANTI-FOG INSERTS,1,14.99,14.99
GM EL GORILA,ACCESORIO,NINTENDO WII,45496891534,Wii Remote Plus Peach,1,49.99,49.99
GM EL GORILA,VIDEO JUEGO,PLAYSTATION 4- PS4,93155170568,Fallout 4 PS4,1,69.99,69.99
GM EL GORILA,VIDEO JUEGO,PLAYSTATION 4- PS4,47875874602,COD BLACK OPS III PS4,1,69.99,69.99
GM EL GORILA,VIDEO JUEGO,PLAYSTATION 4- PS4,47875874602,COD BLACK OPS III PS4,1,69.99,69.99
GM EL GORILA,VIDEO JUEGO,PLAYSTATION 4- PS4,47875874602,COD BLACK OPS III PS4,1,69.99,69.99
GM EL GORILA,VIDEO JUEGO,PLAYSTATION 4- PS4,47875874602,COD BLACK OPS III PS4,1,69.99,69.99
GM EL GORILA,VIDEO JUEGO,PLAYSTATION 4- PS4,47875874602,COD BLACK OPS III PS4,1,69.99,69.99
GM EL GORILA,VIDEO JUEGO,PLAYSTATION 4- PS4,47875874602,COD BLACK OPS III PS4,1,69.99,69.99
GM EL GORILA,VIDEO JUEGO,PLAYSTATION 4- PS4,47875874602,COD BLACK OPS III PS4,1,69.99,69.99
GM EL GORILA,VIDEO JUEGO,PLAYSTATION 4- PS4,47875874602,COD BLACK OPS III PS4,1,69.99,69.99
GM EL GORILA,VIDEO JUEGO,PLAYSTATION 4- PS4,47875874602,COD BLACK OPS III PS4,-1,69.99,-69.99
GM EL GORILA,ACCESORIO,TOYS 2 LIFE,45496891657,Amiibo Mario ,1,14.99,14.99
GM EL GORILA,ACCESORIO,TOYS 2 LIFE,45496891923,Amiibo Ike,1,19.99,19.99
GM EL GORILA,ACCESORIO,TOYS 2 LIFE,45496892258,Amiibo Zero Suit Samus,1,19.99,19.99
GM EL GORILA,ACCESORIO,TOYS 2 LIFE,45496892227,Amiibo Yoshi Pink Yarn,1,24.99,24.99
GM EL GORILA,ACCESORIO,TOYS 2 LIFE,45496891749,Amiibo Fox,1,19.99,19.99
GM EL GORILA,ACCESORIO,TOYS 2 LIFE,45496892265,Amiibo Dark Pit ,1,19.99,19.99
GM EL GORILA,ACCESORIO,TOYS 2 LIFE,45496891701,Amiibo Link,1,19.99,19.99
GM EL GORILA,VIDEO JUEGO,PLAYSTATION 4- PS4,47875874602,COD BLACK OPS III PS4,1,69.99,69.99
GM EL GORILA,VIDEO JUEGO,PLAYSTATION 4- PS4,47875874602,COD BLACK OPS III PS4,1,69.99,69.99
GM EL GORILA,VIDEO JUEGO,PLAYSTATION 4- PS4,47875874602,COD BLACK OPS III PS4,1,69.99,69.99
GM EL GORILA,ACCESORIO,PLAYSTATION 4 - PS4,849172003071,Siliconeskin azul controll PS4,1,5.99,5.99
GM EL GORILA,ACCESORIO,PLAYSTATION 4 - PS4,849172003057,Dual Charging Station KMD PS4,1,29.99,29.99
GM EL GORILA,ACCESORIO,PLAYSTATION 4 - PS4,849172003057,Dual Charging Station KMD PS4,1,29.99,29.99
GM EL GORILA,ACCESORIO,PLAYSTATION 4 - PS4,849172003057,Dual Charging Station KMD PS4,1,29.99,29.99
GM EL GORILA,ACCESORIO,PLAYSTATION 4 - PS4,663293106080,Mochila (SONY) - PS4,1,69.99,69.99
GM EL GORILA,ACCESORIO,PLAYSTATION 4 - PS4,849172001787,Thumb Grips PS4 ,1,12.99,12.99
GM EL GORILA,ACCESORIO,PLAYSTATION 4 - PS4,849172003071,Siliconeskin azul controll PS4,1,9.99,9.99
GM EL GORILA,ACCESORIO,PLAYSTATION 4 - PS4,849172004726,Vertical Stand 3 usb port  PS4,1,15.99,15.99
GM EL GORILA,ACCESORIO,PLAYSTATION 4 - PS4,849172001787,Thumb Grips PS4 ,1,12.99,12.99
GM EL GORILA,ACCESORIO,PLAYSTATION 4 - PS4,663293106080,Mochila (SONY) - PS4,1,69.99,69.99
GM EL GORILA,ACCESORIO,PLAYSTATION 4 - PS4,849172002944,Cable cargador KMD - PS4,1,12.99,12.99
GM EL GORILA,AUDIFONOS,GAMING,728658041717,Headset Wired Kunai Blanco ,1,79.99,79.99
GM EL GORILA,ACCESORIO,PSVita,708056004965,Silicone Skin Psvita,1,12.0,12.0
GM EL GORILA,ACCESORIO,PLAYSTATION 3,711719983491,HDMI Sony 2M PS3,1,29.99,29.99
GM EL GORILA,ACCESORIO,PLAYSTATION 3,711719983491,HDMI Sony 2M PS3,1,29.99,29.99
GM EL GORILA,ACCESORIO,PSVita,849172003644,Ac Adacter Psvita,1,19.99,19.99
GM EL GORILA,ACCESORIO,PSVita,708056004965,Silicone Skin Psvita,1,15.99,15.99
GM EL GORILA,ACCESORIO,NINTENDO WII,45496891435,Wii Remote Plus Mario,1,49.99,49.99
GM EL GORILA,ACCESORIO,NINTENDO WII,45496891442,Wii Remote Plus Luigi,1,49.99,49.99
GM EL GORILA,ACCESORIO,XBOX ONE,885370603903,Control inalambrico xbox one,1,69.99,69.99
GM EL GORILA,ACCESORIO,XBOX 360,885370114843,Control Inala/Negro - XBOX 360,1,59.99,59.99
GM EL GORILA,ACCESORIO,XBOX 360,849172003323,Battery Shell Black xbox 360,1,2.99,2.99
GM EL GORILA,ACCESORIO,XBOX 360,617885011870,Control inala. Star Wars azu.,1,49.99,49.99
GM EL GORILA,ACCESORIO,XBOX 360,885370145717,Wired Control - XBOX360,1,49.99,49.99
GM EL GORILA,ACCESORIO,XBOX 360,885370145717,Wired Control - XBOX360,1,49.99,49.99
GM EL GORILA,ACCESORIO,PLAYSTATION 4 - PS4,711719051503,Dualshock 4 Camo - PS4,1,79.99,79.99
GM EL GORILA,ACCESORIO,XBOX 360,885370114843,Control Inala/Negro - XBOX 360,1,59.99,59.99
GM EL GORILA,ACCESORIO,NINTENDO WIIU,849172003330,Sensor de Barra  Wiiu ,1,19.99,19.99
GM EL GORILA,ACCESORIO,NINTENDO WIIU,849172003330,Sensor de Barra  Wiiu ,1,19.99,19.99
GM EL GORILA,VIDEO JUEGO,PLAYSTATION 4- PS4,47875875029,Skylanders Superchargers PS4,1,99.99,99.99
GM EL GORILA,ACCESORIO,NINTENDO 3DS,617885009785,Bundle Starte kit 3dsxl new,1,19.99,19.99
GM EL GORILA,ACCESORIO,PLAYSTATION 4 - PS4,711719051503,Dualshock 4 Camo - PS4,1,79.99,79.99
GM EL GORILA,ACCESORIO,NINTENDO 3DS,708056054311,Clip Armor Super mario New3dsx,1,19.99,19.99
GM EL GORILA,ACCESORIO,NINTENDO 3DS,873124003666,Protective Film 3DSXL,1,9.99,9.99
GM EL GORILA,ACCESORIO,NINTENDO 3DS,873124003666,Protective Film 3DSXL,1,9.99,9.99
GM EL GORILA,ACCESORIO,TARJETAS,711719039792,PSN Plus 3 Month,2,24.99,49.98
GM EL GORILA,VIDEO JUEGO,PLAYSTATION 4- PS4,47875875029,Skylanders Superchargers PS4,1,99.99,99.99
GM EL GORILA,VIDEO JUEGO,PLAYSTATION 4- PS4,883929366927,Lego MarvelSuper Heroes - PS4,1,39.99,39.99
GM EL GORILA,ACCESORIO,NINTENDO 3DS,708056054311,Clip Armor Super mario New3dsx,1,19.99,19.99
GM EL GORILA,VIDEO JUEGO,PLAYSTATION 3 - PS3 ,711719051343,Minecraft PS3,1,29.99,29.99
GM EL GORILA,VIDEO JUEGO,PLAYSTATION 3 - PS3 ,711719051343,Minecraft PS3,1,29.99,29.99
GM EL GORILA,ACCESORIO,NINTENDO 3DS,45496891503,AC Adapter Nintendo 3DS ,1,19.99,19.99
GM EL GORILA,ACCESORIO,NINTENDO 3DS,45496891503,AC Adapter Nintendo 3DS ,1,19.99,19.99
GM EL GORILA,ACCESORIO,NINTENDO 3DS,45496891503,AC Adapter Nintendo 3DS ,1,19.99,19.99
GM EL GORILA,ACCESORIO,TARJETAS,711719039792,PSN Plus 3 Month,1,24.99,24.99
GM EL GORILA,ACCESORIO,TARJETAS,711719039792,PSN Plus 3 Month,1,24.99,24.99
GM EL GORILA,VIDEO JUEGO,XBOX ONE,885370848847,Sunset Overdive XONE,1,39.99,39.99
GM EL GORILA,VIDEO JUEGO,PLAYSTATION 3 - PS3 ,711719500599,PES 15 PS3,1,29.99,29.99
GM EL GORILA,ACCESORIO,XBOX ONE,885370814163,Control/Play & charge xbox one,1,89.99,89.99
GM EL GORILA,ACCESORIO,XBOX ONE,617885011818,Control inala. Star Wars blanc,1,56.99,56.99
GM EL GORILA,ACCESORIO,XBOX ONE,885370814163,Control/Play & charge xbox one,1,89.99,89.99
GM EL GORILA,ACCESORIO,TARJETAS,711719039792,PSN Plus 3 Month,1,24.99,24.99
GM EL GORILA,ACCESORIO,TARJETAS,711719039792,PSN Plus 3 Month,1,24.99,24.99
GM EL GORILA,ACCESORIO,TARJETAS,711719039792,PSN Plus 3 Month,1,24.99,24.99
GM EL GORILA,VIDEO JUEGO,PS VITA,14633197488,NFS Most Wanted PSV,1,29.99,29.99
GM EL GORILA,AUDIFONOS,SKULLCANDY,878615054400,SkullCandy Smokin´Buds 2 HRed,1,29.99,29.99
GM EL GORILA,CONSOLAS,XBOX ONE,889842003055,Xbox One Tomb Raider 1TB,1,479.99,479.99
GM EL GORILA,CONSOLAS,XBOX ONE,885370951929,Xbox One Halo 5 1TB,1,599.99,599.99
GM EL GORILA,ACCESORIO,TARJETAS,711719039808,PSN Plus 1 Year,1,69.99,69.99
GM EL GORILA,ACCESORIO,TARJETAS,711719039808,PSN Plus 1 Year,1,69.99,69.99
GM EL GORILA,VIDEO JUEGO,PS VITA,883929405312,The Lego Movie Videogame PSVIT,1,29.99,29.99
GM EL GORILA,VIDEO JUEGO,PLAYSTATION 4- PS4,883929408177,Shadow of Mordor PS4,1,39.99,39.99
GM EL GORILA,ACCESORIO,PLAYSTATION 3,711719990048,Dualshock 3 Negro PS3,1,59.99,59.99
GM EL GORILA,ACCESORIO,PLAYSTATION 3,711719990048,Dualshock 3 Negro PS3,1,59.99,59.99
GM EL GORILA,VIDEO JUEGO,PLAYSTATION 3 - PS3 ,711719051343,Minecraft PS3,1,29.99,29.99
GM EL GORILA,VIDEO JUEGO,PLAYSTATION 3 - PS3 ,711719470014,Diablo Reaper of souls PS3,1,39.99,39.99
GM EL GORILA,ACCESORIO,TOYS 2 LIFE,47875877443,Skylanders Schargers Do 3 pack,1,49.99,49.99
GM EL GORILA,ACCESORIO,PLAYSTATION 4 - PS4,711719039617,Dualshock 4 Rojo - PS4,1,69.99,69.99
GM EL GORILA,ACCESORIO,PLAYSTATION 4 - PS4,711719039631,Dualshock 4 Azul - PS4,1,69.99,69.99
GM EL GORILA,VIDEO JUEGO,PLAYSTATION 4- PS4,711719051817,The Last of Us PS4,1,59.99,59.99
GM EL GORILA,ACCESORIO,PLAYSTATION 4 - PS4,711719039631,Dualshock 4 Azul - PS4,1,69.99,69.99
GM EL GORILA,ACCESORIO,PLAYSTATION 4 - PS4,711719039631,Dualshock 4 Azul - PS4,1,69.99,69.99
GM EL GORILA,ACCESORIO,PLAYSTATION 4 - PS4,711719051473,Dualshock 4 Blanco - PS4,1,69.99,69.99
GM EL GORILA,ACCESORIO,PLAYSTATION 4 - PS4,711719100393,Dualshock 4 Negro - PS4,1,69.99,69.99
GM EL GORILA,ACCESORIO,PLAYSTATION 4 - PS4,711719100393,Dualshock 4 Negro - PS4,1,69.99,69.99
GM EL GORILA,ACCESORIO,PLAYSTATION 4 - PS4,711719039631,Dualshock 4 Azul - PS4,1,69.99,69.99
GM EL GORILA,ACCESORIO,PLAYSTATION 4 - PS4,711719039631,Dualshock 4 Azul - PS4,1,69.99,69.99
GM EL GORILA,CONSOLAS,PLAYSTATION 3 - PS3,711719502647,PS3 Ultraslim 500 GB E. Play 3,1,349.99,349.99
GM EL GORILA,VIDEO JUEGO,PLAYSTATION 3 - PS3 ,711719039372,Darksiders FAV - PS3,1,19.99,19.99
GM EL GORILA,AUDIFONOS,GAMING,711719100294,Wireless Headset Gold ,1,129.99,129.99
GM EL GORILA,AUDIFONOS,GAMING,711719100294,Wireless Headset Gold ,1,129.99,129.99
GM EL GORILA,ACCESORIO,PLAYSTATION 3,711719990000,Dualshock 3 Urban Camo PS3,1,59.99,59.99
GM EL GORILA,ACCESORIO,PLAYSTATION 3,711719984757,Dualshock 3 Azul PS3,1,59.99,59.99
GM EL GORILA,ACCESORIO,PLAYSTATION 3,711719984757,Dualshock 3 Azul PS3,1,59.99,59.99
GM EL GORILA,ACCESORIO,PLAYSTATION 3,711719990000,Dualshock 3 Urban Camo PS3,1,59.99,59.99
GM EL GORILA,ACCESORIO,PLAYSTATION 3,711719984757,Dualshock 3 Azul PS3,1,59.99,59.99
GM EL GORILA,AUDIFONOS,GAMING,711719100294,Wireless Headset Gold ,1,129.99,129.99
GM EL GORILA,VIDEO JUEGO,PLAYSTATION 4- PS4,711719501381,Uncharted The Nathan Dra. PS4,1,69.99,69.99
GM EL GORILA,AUDIFONOS,GAMING,711719100294,Wireless Headset Gold ,1,129.99,129.99
GM EL GORILA,ACCESORIO,PLAYSTATION 4 - PS4,711719039631,Dualshock 4 Azul - PS4,1,69.99,69.99
GM EL GORILA,ACCESORIO,PLAYSTATION 4 - PS4,711719051473,Dualshock 4 Blanco - PS4,1,69.99,69.99
GM EL GORILA,ACCESORIO,PLAYSTATION 4 - PS4,711719039617,Dualshock 4 Rojo - PS4,1,69.99,69.99
GM EL GORILA,ACCESORIO,PLAYSTATION 4 - PS4,711719051473,Dualshock 4 Blanco - PS4,1,69.99,69.99
GM EL GORILA,ACCESORIO,PLAYSTATION 4 - PS4,711719039631,Dualshock 4 Azul - PS4,1,69.99,69.99
GM EL GORILA,CONSOLAS,PLAYSTATION 4 - PS4,711719502470,PS4 Uncharted Collect Bundle ,1,399.99,399.99
GM EL GORILA,CONSOLAS,PLAYSTATION 4 - PS4,711719502470,PS4 Uncharted Collect Bundle ,1,399.99,399.99
GM EL GORILA,CONSOLAS,PLAYSTATION 4 - PS4,711719503040,PS4 Fifa 16 Bundle,1,499.99,499.99
GM EL GORILA,CONSOLAS,PLAYSTATION 4 - PS4,711719502470,PS4 Uncharted Collect Bundle ,1,399.99,399.99
GM EL GORILA,CONSOLAS,PLAYSTATION 4 - PS4,711719502470,PS4 Uncharted Collect Bundle ,1,399.99,399.99
GM EL GORILA,CONSOLAS,PLAYSTATION 4 - PS4,711719502470,PS4 Uncharted Collect Bundle ,1,399.99,399.99
GM EL GORILA,CONSOLAS,PLAYSTATION 4 - PS4,711719502104,PS4 God of War Bundle,1,499.99,499.99
GM EL GORILA,CONSOLAS,PLAYSTATION 4 - PS4,711719503040,PS4 Fifa 16 Bundle,1,499.99,499.99
GM EL GORILA,CONSOLAS,PLAYSTATION 4 - PS4,711719502470,PS4 Uncharted Collect Bundle ,1,499.99,499.99
GM EL GORILA,CONSOLAS,PLAYSTATION 4 - PS4,711719503040,PS4 Fifa 16 Bundle,1,499.99,499.99
GM EL GORILA,ACCESORIO,PLAYSTATION 4 - PS4,711719051473,Dualshock 4 Blanco - PS4,1,64.99,64.99
 GM EL TIGRE,No data,No data,No data,No data,797,,47100.76
GM EL TIGRE,ACCESORIO,NINTENDO WIIU,873124005363,Silicone procte Splatoon Wiiu ,1,19.99,19.99
GM EL TIGRE,ACCESORIO,NINTENDO WIIU,873124005509,Silicone procte Super M. Wiiu ,1,19.99,19.99
GM EL TIGRE,ACCESORIO,NINTENDO 3DS,873124005394,Hard Pouch Pikachu 3DSXL NEW,1,19.99,19.99
GM EL TIGRE,ACCESORIO,NINTENDO WIIU,45496892456,Wii Remote Plus Bowser,1,49.99,49.99
GM EL TIGRE,VIDEO JUEGO,NINTENDO WII U,8888187684,Rabbids land Wiiu,1,29.99,29.99
GM EL TIGRE,VIDEO JUEGO,NINTENDO WII U,8888187684,Rabbids land Wiiu,1,29.99,29.99
GM EL TIGRE,VIDEO JUEGO,PS VITA,883929468652,Lego Ninjago Shadow ofR. PVITA,1,29.99,29.99
GM EL TIGRE,ACCESORIO,PLAYSTATION 4 - PS4,617885007323,USB Charging Cable PS4/PSVITA,1,13.0,13.0
GM EL TIGRE,VIDEO JUEGO,PLAYSTATION 4- PS4,883929474110,Lego marvel avengers PS4,1,69.99,69.99
GM EL TIGRE,VIDEO JUEGO,PLAYSTATION 4- PS4,883929474110,Lego marvel avengers PS4,1,69.99,69.99
GM EL TIGRE,VIDEO JUEGO,PLAYSTATION 3 - PS3 ,894515001672,Minecraft Story Mode  PS3,1,39.99,39.99
GM EL TIGRE,VIDEO JUEGO,PLAYSTATION 3 - PS3 ,710425473043,GTA V PS3,1,49.99,49.99
GM EL TIGRE,VIDEO JUEGO,PLAYSTATION 3 - PS3 ,710425473043,GTA V PS3,1,59.99,59.99
GM EL TIGRE,VIDEO JUEGO,PLAYSTATION 3 - PS3 ,710425473043,GTA V PS3,1,59.99,59.99
GM EL TIGRE,VIDEO JUEGO,PLAYSTATION 3 - PS3 ,710425473043,GTA V PS3,1,59.99,59.99
GM EL TIGRE,VIDEO JUEGO,PLAYSTATION 3 - PS3 ,710425476808,WWE 2k16 -PS3,1,69.99,69.99
GM EL TIGRE,VIDEO JUEGO,PLAYSTATION 3 - PS3 ,883929241309,Mortal Kombat Komplete Ed PS3,1,39.99,39.99
GM EL TIGRE,VIDEO JUEGO,PLAYSTATION 3 - PS3 ,710425473043,GTA V PS3,1,49.99,49.99
GM EL TIGRE,AUDIFONOS,SKULLCANDY,878615025431,SkullCandy SC Blue Pinstripe,1,29.99,29.99
GM EL TIGRE,VIDEO JUEGO,PLAYSTATION 4- PS4,722674120456,Digimon Story Cyber Sleuth PS4,1,69.99,69.99
GM EL TIGRE,VIDEO JUEGO,PLAYSTATION 4- PS4,14633735079,Nba Live 16 PS4,1,69.99,69.99
GM EL TIGRE,AUDIFONOS,BEATS,848447005437,Beats Mixr Azul ,1,224.99,224.99
GM EL TIGRE,AUDIFONOS,BEATS,848447007264,Beats Studio II Azul,1,269.99,269.99
GM EL TIGRE,CONSOLAS,NINTENDO 3DS,45496781330,NINTENDO 3DS XL SNES,1,219.99,219.99
GM EL TIGRE,CONSOLAS,NINTENDO 3DS,45496781330,NINTENDO 3DS XL SNES,1,219.99,219.99
GM EL TIGRE,CONSOLAS,NINTENDO 3DS,45496781330,NINTENDO 3DS XL SNES,1,219.99,219.99
GM EL TIGRE,VIDEO JUEGO,PLAYSTATION 3 - PS3 ,8888397694,Rayman Legends PS3,1,29.99,29.99
GM EL TIGRE,VIDEO JUEGO,PLAYSTATION 3 - PS3 ,662248913513,Final Fantasy XIV Online PS3,1,19.99,19.99
GM EL TIGRE,VIDEO JUEGO,PLAYSTATION 3 - PS3 ,13388340231,Super Street Fighter IV - PS3,1,19.99,19.99
GM EL TIGRE,VIDEO JUEGO,PLAYSTATION 3 - PS3 ,711719039198,Bayonetta FAV PS3 ,1,19.99,19.99
GM EL TIGRE,VIDEO JUEGO,PLAYSTATION 3 - PS3 ,883929408184,Shadow of Mordor PS3,1,29.99,29.99
GM EL TIGRE,VIDEO JUEGO,PLAYSTATION 3 - PS3 ,710425476808,WWE 2k16 -PS3,1,69.99,69.99
GM EL TIGRE,VIDEO JUEGO,PLAYSTATION 3 - PS3 ,722674111850,Dark Souls II PS3,1,29.99,29.99
GM EL TIGRE,VIDEO JUEGO,PLAYSTATION 3 - PS3 ,722674110501,Dragon Ball U.Tenkaichi PS3,1,49.99,49.99
GM EL TIGRE,VIDEO JUEGO,PLAYSTATION 3 - PS3 ,883929241309,Mortal Kombat Komplete Ed PS3,1,39.99,39.99
GM EL TIGRE,VIDEO JUEGO,PLAYSTATION 3 - PS3 ,883929241309,Mortal Kombat Komplete Ed PS3,1,39.99,39.99
GM EL TIGRE,VIDEO JUEGO,PLAYSTATION 3 - PS3 ,710425476808,WWE 2k16 -PS3,1,69.99,69.99
GM EL TIGRE,VIDEO JUEGO,PLAYSTATION 3 - PS3 ,710425473043,GTA V PS3,1,59.99,59.99
GM EL TIGRE,VIDEO JUEGO,PLAYSTATION 3 - PS3 ,883929241309,Mortal Kombat Komplete Ed PS3,1,39.99,39.99
GM EL TIGRE,VIDEO JUEGO,PLAYSTATION 3 - PS3 ,710425473043,GTA V PS3,1,59.99,59.99
GM EL TIGRE,VIDEO JUEGO,PLAYSTATION 3 - PS3 ,710425473043,GTA V PS3,1,59.99,59.99
GM EL TIGRE,VIDEO JUEGO,PS VITA,14633368055,Fifa 15 PSVITA ,1,39.99,39.99
GM EL TIGRE,VIDEO JUEGO,PLAYSTATION 4- PS4,722674120388,Naruto Shippuden UNS4 PS4,1,69.99,69.99
GM EL TIGRE,VIDEO JUEGO,PLAYSTATION 4- PS4,722674120388,Naruto Shippuden UNS4 PS4,1,69.99,69.99
GM EL TIGRE,VIDEO JUEGO,PLAYSTATION 4- PS4,722674120388,Naruto Shippuden UNS4 PS4,1,69.99,69.99
GM EL TIGRE,VIDEO JUEGO,PLAYSTATION 4- PS4,722674120388,Naruto Shippuden UNS4 PS4,1,69.99,69.99
GM EL TIGRE,VIDEO JUEGO,PS VITA,859204005003,Hyper noire PSVITA,1,29.99,29.99
GM EL TIGRE,VIDEO JUEGO,PLAYSTATION 4- PS4,14633731781,Plants vs Zombies GW PS4,1,49.99,49.99
GM EL TIGRE,VIDEO JUEGO,PLAYSTATION 4- PS4,13388937028,Street Fighter V - PS4,1,69.99,69.99
GM EL TIGRE,VIDEO JUEGO,PLAYSTATION 4- PS4,14633735499,Fifa 16 PS4,1,59.99,59.99
GM EL TIGRE,VIDEO JUEGO,PLAYSTATION 4- PS4,642337732553,The Witcher:Wild Hunt PS4,1,69.99,69.99
GM EL TIGRE,VIDEO JUEGO,PLAYSTATION 4- PS4,14633735529,Fifa 16 Deluxe Edition PS4,1,69.99,69.99
GM EL TIGRE,VIDEO JUEGO,PLAYSTATION 4- PS4,883929530618,Dying Light the following  PS4,1,69.99,69.99
GM EL TIGRE,VIDEO JUEGO,PLAYSTATION 4- PS4,710425476785,WWE 2k16 -PS4,1,69.99,69.99
GM EL TIGRE,VIDEO JUEGO,PLAYSTATION 4- PS4,14633735529,Fifa 16 Deluxe Edition PS4,1,69.99,69.99
GM EL TIGRE,VIDEO JUEGO,PLAYSTATION 4- PS4,14633735499,Fifa 16 PS4,1,59.99,59.99
GM EL TIGRE,VIDEO JUEGO,PLAYSTATION 4- PS4,710425476785,WWE 2k16 -PS4,1,69.99,69.99
GM EL TIGRE,VIDEO JUEGO,PLAYSTATION 4- PS4,883929408740,Lego The Hobbit PS4,1,29.99,29.99
GM EL TIGRE,VIDEO JUEGO,PLAYSTATION 4- PS4,14633370461,Star Wars Battlefront PS4,1,69.99,69.99
GM EL TIGRE,VIDEO JUEGO,PLAYSTATION 4- PS4,14633735499,Fifa 16 PS4,1,59.99,59.99
GM EL TIGRE,VIDEO JUEGO,PLAYSTATION 4- PS4,722674120081,Ride PS4,1,49.99,49.99
GM EL TIGRE,VIDEO JUEGO,PLAYSTATION 4- PS4,13388560233,Resident Evil Origins Col PS4,1,49.99,49.99
GM EL TIGRE,VIDEO JUEGO,XBOX ONE,887256014728,Rainbow Six XONE,1,69.99,69.99
GM EL TIGRE,VIDEO JUEGO,PLAYSTATION 4- PS4,14633735499,Fifa 16 PS4,1,59.99,59.99
GM EL TIGRE,VIDEO JUEGO,PLAYSTATION 4- PS4,722674120166,Dragon Ball Xenoverse PS4,1,69.99,69.99
GM EL TIGRE,VIDEO JUEGO,PLAYSTATION 4- PS4,883929408740,Lego The Hobbit PS4,1,39.99,39.99
GM EL TIGRE,VIDEO JUEGO,PLAYSTATION 4- PS4,710425476785,WWE 2k16 -PS4,1,69.99,69.99
GM EL TIGRE,VIDEO JUEGO,PLAYSTATION 4- PS4,14633730708,Nba Live 14 PS4,1,29.99,29.99
GM EL TIGRE,VIDEO JUEGO,PLAYSTATION 4- PS4,722674120180,Project Cars PS4,1,56.08,56.08
GM EL TIGRE,VIDEO JUEGO,PLAYSTATION 4- PS4,710425476785,WWE 2k16 -PS4,1,69.99,69.99
GM EL TIGRE,VIDEO JUEGO,PLAYSTATION 4- PS4,14633735499,Fifa 16 PS4,1,50.0,50.0
GM EL TIGRE,VIDEO JUEGO,PLAYSTATION 4- PS4,14633735499,Fifa 16 PS4,1,59.99,59.99
GM EL TIGRE,CONSOLAS,NINTENDO WII U,45496881733,Nintendo Wiiu Mario Kart 8 DL,1,369.99,369.99
GM EL TIGRE,CONSOLAS,XBOX ONE,885370891263,Xbox One HALO 500 GB,1,429.99,429.99
GM EL TIGRE,AUDIFONOS,GAMING,711719051527,Silver Wired  Sterio PS4,1,49.99,49.99
GM EL TIGRE,AUDIFONOS,GAMING,711719051527,Silver Wired  Sterio PS4,1,49.99,49.99
GM EL TIGRE,AUDIFONOS,GAMING,711719051527,Silver Wired  Sterio PS4,2,49.99,99.98
GM EL TIGRE,AUDIFONOS,GAMING,711719051527,Silver Wired  Sterio PS4,1,49.99,49.99
GM EL TIGRE,AUDIFONOS,GAMING,711719051527,Silver Wired  Sterio PS4,1,49.99,49.99
GM EL TIGRE,VIDEO JUEGO,PLAYSTATION 4- PS4,887256300340,Assassins Creed Unity PS4,1,0.01,0.01
GM EL TIGRE,VIDEO JUEGO,PLAYSTATION 4- PS4,887256300340,Assassins Creed Unity PS4,1,0.01,0.01
GM EL TIGRE,CONSOLAS,PLAYSTATION 3 - PS3,711719050537,PS3 Ultraslim The last 500 GB,1,299.99,299.99
GM EL TIGRE,VIDEO JUEGO,PLAYSTATION 4- PS4,887256300340,Assassins Creed Unity PS4,1,0.01,0.01
GM EL TIGRE,VIDEO JUEGO,PLAYSTATION 4- PS4,887256300340,Assassins Creed Unity PS4,1,0.01,0.01
GM EL TIGRE,VIDEO JUEGO,PLAYSTATION 4- PS4,887256300340,Assassins Creed Unity PS4,1,0.01,0.01
GM EL TIGRE,VIDEO JUEGO,PLAYSTATION 4- PS4,887256300340,Assassins Creed Unity PS4,1,37.38,37.38
GM EL TIGRE,VIDEO JUEGO,PLAYSTATION 4- PS4,887256300340,Assassins Creed Unity PS4,1,0.01,0.01
GM EL TIGRE,VIDEO JUEGO,PLAYSTATION 4- PS4,887256300340,Assassins Creed Unity PS4,1,0.01,0.01
GM EL TIGRE,CONSOLAS,PS VITA,711719050681,PS Vita 2.0 Borderland 2,1,249.99,249.99
GM EL TIGRE,CONSOLAS,PS VITA,711719050681,PS Vita 2.0 Borderland 2,1,249.99,249.99
GM EL TIGRE,CONSOLAS,XBOX ONE,885370982343,Xbox One Gear Of War 500 GB,1,429.99,429.99
GM EL TIGRE,ACCESORIO,XBOX ONE,885370818260,Control inalambrico Camo X1,1,74.99,74.99
GM EL TIGRE,VIDEO JUEGO,NINTENDO WII U,883929326969,Lego Marvel Super Heroes WII U,1,29.99,29.99
GM EL TIGRE,VIDEO JUEGO,NINTENDO WII U,883929280483,Game Party Champions Wiiu,1,0.01,0.01
GM EL TIGRE,VIDEO JUEGO,XBOX 360,883929472871,Lego jurassic World XBOX360,1,49.99,49.99
GM EL TIGRE,VIDEO JUEGO,NINTENDO 3DS,883929472925,Lego jurassic World 3DS,1,49.99,49.99
GM EL TIGRE,VIDEO JUEGO,PLAYSTATION 3 - PS3 ,47875874367,COD Black Ops I + II C. PS3,1,49.99,49.99
GM EL TIGRE,VIDEO JUEGO,PLAYSTATION 3 - PS3 ,14633732290,Battlefield 4 PS3,1,29.99,29.99
GM EL TIGRE,VIDEO JUEGO,PLAYSTATION 3 - PS3 ,47875874367,COD Black Ops I + II C. PS3,1,49.99,49.99
GM EL TIGRE,VIDEO JUEGO,PLAYSTATION 3 - PS3 ,711719982548,Little Big Planet Karting PS3,1,29.99,29.99
GM EL TIGRE,VIDEO JUEGO,PLAYSTATION 3 - PS3 ,14633732290,Battlefield 4 PS3,1,29.99,29.99
GM EL TIGRE,VIDEO JUEGO,PLAYSTATION 3 - PS3 ,14633732290,Battlefield 4 PS3,1,29.99,29.99
GM EL TIGRE,VIDEO JUEGO,PS VITA,711719220268,Uncharted Golden Abyss PSV,1,49.99,49.99
GM EL TIGRE,VIDEO JUEGO,PS VITA,47875767997,The Amazing Spiderman PSVITA,1,39.99,39.99
GM EL TIGRE,VIDEO JUEGO,PLAYSTATION 3 - PS3 ,47875874367,COD Black Ops I + II C. PS3,1,49.99,49.99
GM EL TIGRE,VIDEO JUEGO,PLAYSTATION 3 - PS3 ,47875874367,COD Black Ops I + II C. PS3,1,49.99,49.99
GM EL TIGRE,VIDEO JUEGO,PLAYSTATION 3 - PS3 ,711719982548,Little Big Planet Karting PS3,1,29.99,29.99
GM EL TIGRE,VIDEO JUEGO,PLAYSTATION 3 - PS3 ,14633732290,Battlefield 4 PS3,1,29.99,29.99
GM EL TIGRE,VIDEO JUEGO,PLAYSTATION 3 - PS3 ,47875874367,COD Black Ops I + II C. PS3,1,49.99,49.99
GM EL TIGRE,VIDEO JUEGO,PLAYSTATION 3 - PS3 ,14633731804,Plants vs Zombies GW PS3,1,39.99,39.99
GM EL TIGRE,VIDEO JUEGO,PLAYSTATION 3 - PS3 ,47875874367,COD Black Ops I + II C. PS3,1,49.99,49.99
GM EL TIGRE,VIDEO JUEGO,PLAYSTATION 3 - PS3 ,14633731804,Plants vs Zombies GW PS3,1,39.99,39.99
GM EL TIGRE,VIDEO JUEGO,PS VITA,711719220268,Uncharted Golden Abyss PSV,1,49.99,49.99
GM EL TIGRE,VIDEO JUEGO,PS VITA,47875843899,COD Black Ops Psvita,1,49.99,49.99
GM EL TIGRE,VIDEO JUEGO,PS VITA,10086620023,Sonic all stars racing PSVITA,1,29.99,29.99
GM EL TIGRE,VIDEO JUEGO,PLAYSTATION 4- PS4,711719053293,Minecraft PS4,1,30.0,30.0
GM EL TIGRE,VIDEO JUEGO,PLAYSTATION 4- PS4,887256014711,Rainbow Six PS4,1,69.99,69.99
GM EL TIGRE,VIDEO JUEGO,PLAYSTATION 4- PS4,711719053293,Minecraft PS4,1,29.99,29.99
GM EL TIGRE,VIDEO JUEGO,PLAYSTATION 4- PS4,887256014711,Rainbow Six PS4,1,69.99,69.99
GM EL TIGRE,VIDEO JUEGO,PLAYSTATION 4- PS4,711719053293,Minecraft PS4,1,29.99,29.99
GM EL TIGRE,VIDEO JUEGO,PLAYSTATION 4- PS4,887256014711,Rainbow Six PS4,1,69.99,69.99
GM EL TIGRE,VIDEO JUEGO,NINTENDO Wii,14633195910,NFS The Run Wii,1,39.99,39.99
GM EL TIGRE,VIDEO JUEGO,PLAYSTATION 4- PS4,887256014711,Rainbow Six PS4,1,69.99,69.99
GM EL TIGRE,VIDEO JUEGO,PLAYSTATION 4- PS4,887256015084,Assassins Creed Syndicate- PS4,1,65.0,65.0
GM EL TIGRE,VIDEO JUEGO,PLAYSTATION 4- PS4,711719053293,Minecraft PS4,1,30.0,30.0
GM EL TIGRE,VIDEO JUEGO,PLAYSTATION 4- PS4,887256015084,Assassins Creed Syndicate- PS4,1,69.99,69.99
GM EL TIGRE,VIDEO JUEGO,PLAYSTATION 4- PS4,711719053293,Minecraft PS4,1,29.99,29.99
GM EL TIGRE,VIDEO JUEGO,PLAYSTATION 4- PS4,711719053217,Little Big Planet 3 - PS4,1,49.99,49.99
GM EL TIGRE,VIDEO JUEGO,PLAYSTATION 3 - PS3 ,711719053248,Little Big Planet 3 - PS3,1,49.99,49.99
GM EL TIGRE,VIDEO JUEGO,PLAYSTATION 3 - PS3 ,711719052722,Silent Hill HD Col FAV PS3,1,19.99,19.99
GM EL TIGRE,VIDEO JUEGO,PLAYSTATION 3 - PS3 ,711719053033,Ninja Gaiden 3  PS3,1,19.99,19.99
GM EL TIGRE,VIDEO JUEGO,PLAYSTATION 3 - PS3 ,13388340231,Super Street Fighter IV - PS3,1,19.99,19.99
GM EL TIGRE,VIDEO JUEGO,PLAYSTATION 3 - PS3 ,711719816720,Mod Nation Racers - PS3,1,29.99,29.99
GM EL TIGRE,VIDEO JUEGO,PLAYSTATION 3 - PS3 ,711719052722,Silent Hill HD Col FAV PS3,1,19.99,19.99
GM EL TIGRE,VIDEO JUEGO,PLAYSTATION 3 - PS3 ,711719052722,Silent Hill HD Col FAV PS3,1,19.99,19.99
GM EL TIGRE,VIDEO JUEGO,PS VITA,711719220602,Allstars Battle Royale PSVITA,1,0.01,0.01
GM EL TIGRE,VIDEO JUEGO,PS VITA,883929380596,Lego Marvel Super HeroesPSVITA,1,29.99,29.99
GM EL TIGRE,VIDEO JUEGO,PS VITA,83717260714,Metal Gear Solid HD Collec PSV,1,39.99,39.99
GM EL TIGRE,VIDEO JUEGO,PS VITA,711719220602,Allstars Battle Royale PSVITA,1,0.01,0.01
GM EL TIGRE,AUDIFONOS,SONY,27242854413,MDR-XB400 Purpura,1,49.99,49.99
GM EL TIGRE,ACCESORIO,TARJETAS,799366552260,PSN $50,1,69.99,69.99
GM EL TIGRE,ACCESORIO,TARJETAS,711719432500,PSN $10,1,15.99,15.99
GM EL TIGRE,ACCESORIO,TARJETAS,799366104667,Nintendo eShop $20,1,29.99,29.99
GM EL TIGRE,ACCESORIO,TARJETAS,711719478102,PSN $20,1,29.99,29.99
GM EL TIGRE,ACCESORIO,TARJETAS,711719478102,PSN $20,1,29.99,29.99
GM EL TIGRE,ACCESORIO,TARJETAS,711719432500,PSN $10,1,15.99,15.99
GM EL TIGRE,ACCESORIO,TARJETAS,799366086444,Google Play $15,1,19.99,19.99
GM EL TIGRE,ACCESORIO,TARJETAS,711719478102,PSN $20,1,29.99,29.99
GM EL TIGRE,ACCESORIO,TARJETAS,711719432500,PSN $10,1,15.99,15.99
GM EL TIGRE,ACCESORIO,TARJETAS,711719478102,PSN $20,1,29.99,29.99
GM EL TIGRE,ACCESORIO,TARJETAS,711719432500,PSN $10,1,15.99,15.99
GM EL TIGRE,VIDEO JUEGO,PLAYSTATION 4- PS4,710425476785,WWE 2k16 -PS4,1,69.99,69.99
GM EL TIGRE,VIDEO JUEGO,PLAYSTATION 4- PS4,710425476785,WWE 2k16 -PS4,1,69.99,69.99
GM EL TIGRE,ACCESORIO,TOYS 2 LIFE,712725026950,Disney infinity 3.0 Ezra Bridg,1,19.99,19.99
GM EL TIGRE,ACCESORIO,TOYS 2 LIFE,712725026929,Disney infinity 3.0 Obi wan Ke,1,19.99,19.99
GM EL TIGRE,ACCESORIO,TOYS 2 LIFE,712725023652,Disney infinity Mike ,1,9.99,9.99
GM EL TIGRE,ACCESORIO,TOYS 2 LIFE,712725024512,Disney infinity Rapunzel ,1,19.99,19.99
GM EL TIGRE,VIDEO JUEGO,XBOX 360,8888528746,Assassins Creed Revelation X3,1,19.99,19.99
GM EL TIGRE,VIDEO JUEGO,XBOX 360,13388330393,Lost Planet 3  XBOX,1,0.01,0.01
GM EL TIGRE,VIDEO JUEGO,XBOX 360,710425496448,GTA San Andreas  XBOX 360,1,29.99,29.99
GM EL TIGRE,VIDEO JUEGO,XBOX 360,13388921140,Resident Evil Revelation 2X360,1,39.99,39.99
GM EL TIGRE,VIDEO JUEGO,XBOX 360,722674211598,Dragon Ball Xenoverse XBOX360,1,59.99,59.99
GM EL TIGRE,VIDEO JUEGO,XBOX 360,13388330393,Lost Planet 3  XBOX,1,29.99,29.99
GM EL TIGRE,VIDEO JUEGO,XBOX 360,14633730340,NFS Rivals XBOX,1,49.99,49.99
GM EL TIGRE,VIDEO JUEGO,NINTENDO 3DS,883929474189,Lego marvel avengers 3DS,1,39.99,39.99
GM EL TIGRE,VIDEO JUEGO,NINTENDO 3DS,815403010767,Monster High new ghoul 3DS,1,39.99,39.99
GM EL TIGRE,VIDEO JUEGO,NINTENDO 3DS,662248916576,Final fantasy Explorers 3DS ,1,49.99,49.99
GM EL TIGRE,VIDEO JUEGO,PLAYSTATION 3 - PS3 ,722674110228,Tekken 6 - PS3,1,29.99,29.99
GM EL TIGRE,VIDEO JUEGO,PLAYSTATION 3 - PS3 ,722674111393,PACMAN 2 A.T.G.A PS3,1,29.99,29.99
GM EL TIGRE,VIDEO JUEGO,PLAYSTATION 3 - PS3 ,883929474080,Lego marvel avengers PS3,1,59.99,59.99
GM EL TIGRE,VIDEO JUEGO,PLAYSTATION 3 - PS3 ,14633152753,NFS Carbon - PS3,1,29.99,29.99
GM EL TIGRE,VIDEO JUEGO,PLAYSTATION 3 - PS3 ,14633194937,Fight Night Champion - PS3,1,26.99,26.99
GM EL TIGRE,VIDEO JUEGO,PLAYSTATION 3 - PS3 ,710425377808,GTA Episod.  Liberty City -PS3,1,49.99,49.99
GM EL TIGRE,VIDEO JUEGO,PLAYSTATION 3 - PS3 ,14633735444,Fifa 16 PS3,1,59.99,59.99
GM EL TIGRE,VIDEO JUEGO,PLAYSTATION 3 - PS3 ,712725027599,Disney Infinity 3.0 S.P  PS3,1,89.99,89.99
GM EL TIGRE,VIDEO JUEGO,PLAYSTATION 3 - PS3 ,14633154207,NFS  Pro Street - PS3,1,29.99,29.99
GM EL TIGRE,VIDEO JUEGO,PLAYSTATION 3 - PS3 ,722674110822,Naruto Shippuden U.N.S 3 PS3,1,39.99,39.99
GM EL TIGRE,VIDEO JUEGO,PLAYSTATION 3 - PS3 ,14633195866,NFS The Run - PS3,1,29.99,29.99
GM EL TIGRE,VIDEO JUEGO,PLAYSTATION 3 - PS3 ,722674110532,Naruto Shippuden Gen PS3,1,39.99,39.99
GM EL TIGRE,VIDEO JUEGO,PLAYSTATION 3 - PS3 ,14633735505,Fifa 16 Deluxe Edition PS3,1,69.99,69.99
GM EL TIGRE,VIDEO JUEGO,PLAYSTATION 3 - PS3 ,710425375736,Red Dead Redemption - PS3,1,29.99,29.99
GM EL TIGRE,VIDEO JUEGO,PLAYSTATION 3 - PS3 ,883929327157,Batman Arkham Origins PS3,1,29.99,29.99
GM EL TIGRE,VIDEO JUEGO,PLAYSTATION 3 - PS3 ,14633152753,NFS Carbon - PS3,1,29.99,29.99
GM EL TIGRE,VIDEO JUEGO,PLAYSTATION 3 - PS3 ,722674110822,Naruto Shippuden U.N.S 3 PS3,1,39.99,39.99
GM EL TIGRE,VIDEO JUEGO,PLAYSTATION 3 - PS3 ,14633154207,NFS  Pro Street - PS3,1,29.99,29.99
GM EL TIGRE,VIDEO JUEGO,PLAYSTATION 3 - PS3 ,14633194937,Fight Night Champion - PS3,1,29.99,29.99
GM EL TIGRE,VIDEO JUEGO,PLAYSTATION 3 - PS3 ,14633192186,NFS Shift - PS3,1,29.99,29.99
GM EL TIGRE,VIDEO JUEGO,NINTENDO 3DS,662248916576,Final fantasy Explorers 3DS ,2,49.99,99.98
GM EL TIGRE,ACCESORIO,TARJETAS,711719478102,PSN $20,1,29.99,29.99
GM EL TIGRE,ACCESORIO,TARJETAS,799366086444,Google Play $15,1,19.99,19.99
GM EL TIGRE,ACCESORIO,TARJETAS,711719478102,PSN $20,1,29.99,29.99
GM EL TIGRE,ACCESORIO,TARJETAS,799366114901,Nintendo eShop $10,1,15.99,15.99
GM EL TIGRE,ACCESORIO,TARJETAS,711719478102,PSN $20,1,29.99,29.99
GM EL TIGRE,ACCESORIO,TARJETAS,799366114901,Nintendo eShop $10,1,15.99,15.99
GM EL TIGRE,ACCESORIO,TARJETAS,799366512318,Xbox Live 3 Month,1,39.99,39.99
GM EL TIGRE,ACCESORIO,TARJETAS,799366104667,Nintendo eShop $20,1,29.99,29.99
GM EL TIGRE,ACCESORIO,TARJETAS,711719432500,PSN $10,1,15.99,15.99
GM EL TIGRE,ACCESORIO,TARJETAS,799366552260,PSN $50,1,69.99,69.99
GM EL TIGRE,ACCESORIO,TARJETAS,799366086444,Google Play $15,1,19.99,19.99
GM EL TIGRE,ACCESORIO,TARJETAS,799366552260,PSN $50,1,69.99,69.99
GM EL TIGRE,VIDEO JUEGO,PLAYSTATION 4- PS4,722674120388,Naruto Shippuden UNS4 PS4,1,69.99,69.99
GM EL TIGRE,VIDEO JUEGO,PLAYSTATION 4- PS4,711719500575,PES 15 PS4,1,0.01,0.01
GM EL TIGRE,VIDEO JUEGO,PS VITA,14633368055,Fifa 15 PSVITA ,1,39.99,39.99
GM EL TIGRE,VIDEO JUEGO,NINTENDO WII U,883929474066,Lego marvel avengers Wiiu,1,59.99,59.99
GM EL TIGRE,VIDEO JUEGO,PLAYSTATION 3 - PS3 ,722674111560,Dragon Ball Xenoverse PS3,1,59.99,59.99
GM EL TIGRE,VIDEO JUEGO,PLAYSTATION 3 - PS3 ,710425473043,GTA V PS3,1,59.99,59.99
GM EL TIGRE,VIDEO JUEGO,PLAYSTATION 3 - PS3 ,722674111560,Dragon Ball Xenoverse PS3,1,59.99,59.99
GM EL TIGRE,VIDEO JUEGO,PLAYSTATION 3 - PS3 ,710425473043,GTA V PS3,1,53.99,53.99
GM EL TIGRE,VIDEO JUEGO,PLAYSTATION 3 - PS3 ,883929408184,Shadow of Mordor PS3,1,29.99,29.99
GM EL TIGRE,VIDEO JUEGO,PLAYSTATION 3 - PS3 ,710425476808,WWE 2k16 -PS3,1,65.42,65.42
GM EL TIGRE,VIDEO JUEGO,PLAYSTATION 3 - PS3 ,883929241309,Mortal Kombat Komplete Ed PS3,1,39.99,39.99
GM EL TIGRE,VIDEO JUEGO,PLAYSTATION 3 - PS3 ,710425473043,GTA V PS3,1,49.99,49.99
GM EL TIGRE,VIDEO JUEGO,PLAYSTATION 3 - PS3 ,710425474231,Bioshock Infinite T.C.E  PS3,1,29.99,29.99
GM EL TIGRE,VIDEO JUEGO,PLAYSTATION 3 - PS3 ,722674111560,Dragon Ball Xenoverse PS3,1,59.99,59.99
GM EL TIGRE,VIDEO JUEGO,PLAYSTATION 3 - PS3 ,710425473043,GTA V PS3,1,44.99,44.99
GM EL TIGRE,VIDEO JUEGO,XBOX ONE,883929408733,Lego The Hobbit XONE,1,28.04,28.04
GM EL TIGRE,VIDEO JUEGO,XBOX ONE,47875849525,Trasformers Rise O.T.D.S. XONE,1,33.0,33.0
GM EL TIGRE,VIDEO JUEGO,XBOX ONE,722674220248,Naruto Shippuden UNS4 XONE,1,69.99,69.99
GM EL TIGRE,VIDEO JUEGO,XBOX ONE,14633369700,Fifa 16 Deluxe Edition XB1,1,69.99,69.99
GM EL TIGRE,VIDEO JUEGO,PLAYSTATION 3 - PS3 ,710425476808,WWE 2k16 -PS3,1,69.99,69.99
GM EL TIGRE,VIDEO JUEGO,PLAYSTATION 3 - PS3 ,710425476556,NBA 2K16 PS3,1,69.99,69.99
GM EL TIGRE,VIDEO JUEGO,NINTENDO 3DS,883929326945,Lego Chima  3DS,1,0.01,0.01
GM EL TIGRE,VIDEO JUEGO,PLAYSTATION 3 - PS3 ,710425476808,WWE 2k16 -PS3,1,69.99,69.99
GM EL TIGRE,VIDEO JUEGO,PLAYSTATION 3 - PS3 ,47875846777,COD Ghost PS3,1,39.99,39.99
GM EL TIGRE,VIDEO JUEGO,NINTENDO 3DS,883929326945,Lego Chima  3DS,1,0.01,0.01
GM EL TIGRE,VIDEO JUEGO,XBOX 360,83717302131,PES 16- XBOX 360,1,59.99,59.99
GM EL TIGRE,VIDEO JUEGO,XBOX 360,710425493034,GTA V X360,1,69.99,69.99
GM EL TIGRE,VIDEO JUEGO,NINTENDO 3DS,883929326945,Lego Chima  3DS,1,0.01,0.01
GM EL TIGRE,VIDEO JUEGO,NINTENDO 3DS,883929326945,Lego Chima  3DS,1,0.01,0.01
GM EL TIGRE,VIDEO JUEGO,XBOX 360,883929474172,Lego marvel avengers XB360,1,59.99,59.99
GM EL TIGRE,VIDEO JUEGO,XBOX 360,83717302131,PES 16- XBOX 360,1,24.99,24.99
GM EL TIGRE,VIDEO JUEGO,XBOX 360,83717302131,PES 16- XBOX 360,1,59.99,59.99
GM EL TIGRE,VIDEO JUEGO,XBOX 360,83717302131,PES 16- XBOX 360,1,24.99,24.99
GM EL TIGRE,VIDEO JUEGO,XBOX 360,710425493034,GTA V X360,1,62.99,62.99
GM EL TIGRE,VIDEO JUEGO,PLAYSTATION 3 - PS3 ,8888346258,Assassins Creed: BrotherH- PS3,1,29.99,29.99
GM EL TIGRE,VIDEO JUEGO,PLAYSTATION 3 - PS3 ,8888346258,Assassins Creed: BrotherH- PS3,1,29.99,29.99
GM EL TIGRE,VIDEO JUEGO,XBOX ONE,883929404902,The Lego Movie Videogame XONE,1,27.73,27.73
GM EL TIGRE,VIDEO JUEGO,XBOX ONE,47875873254,COD Advanced Warfare XONE,1,49.99,49.99
GM EL TIGRE,VIDEO JUEGO,PLAYSTATION 3 - PS3 ,14633192186,NFS Shift - PS3,1,29.99,29.99
GM EL TIGRE,VIDEO JUEGO,PLAYSTATION 3 - PS3 ,83717203087,PES 16-PS3,1,24.99,24.99
GM EL TIGRE,VIDEO JUEGO,PLAYSTATION 3 - PS3 ,883929240814,Batman Arkham City GoY PS3,1,29.99,29.99
GM EL TIGRE,VIDEO JUEGO,PLAYSTATION 3 - PS3 ,710425476969,GTA San Andreas  PS3,1,29.99,29.99
GM EL TIGRE,VIDEO JUEGO,PLAYSTATION 3 - PS3 ,14633735444,Fifa 16 PS3,1,59.99,59.99
GM EL TIGRE,VIDEO JUEGO,PLAYSTATION 3 - PS3 ,47875840591,COD 4 - PS3,1,19.99,19.99
GM EL TIGRE,VIDEO JUEGO,PLAYSTATION 3 - PS3 ,14633197457,NFS Most Wanted PS3,1,29.99,29.99
GM EL TIGRE,VIDEO JUEGO,PLAYSTATION 3 - PS3 ,13388340330,Resident Evil 5 (G.E.) - PS3,1,29.99,29.99
GM EL TIGRE,VIDEO JUEGO,PLAYSTATION 3 - PS3 ,14633197457,NFS Most Wanted PS3,1,29.99,29.99
GM EL TIGRE,VIDEO JUEGO,PLAYSTATION 3 - PS3 ,83717203087,PES 16-PS3,1,24.99,24.99
GM EL TIGRE,VIDEO JUEGO,PLAYSTATION 3 - PS3 ,47875840591,COD 4 - PS3,1,19.99,19.99
GM EL TIGRE,VIDEO JUEGO,PLAYSTATION 3 - PS3 ,10086690774,Alien Isolation PS3,1,29.99,29.99
GM EL TIGRE,VIDEO JUEGO,PLAYSTATION 3 - PS3 ,40198002394,Dead or Alive 5 Ulti FAV PS3,1,19.99,19.99
GM EL TIGRE,VIDEO JUEGO,PLAYSTATION 3 - PS3 ,47875840591,COD 4 - PS3,1,19.99,19.99
GM EL TIGRE,VIDEO JUEGO,PLAYSTATION 3 - PS3 ,14633735444,Fifa 16 PS3,1,59.99,59.99
GM EL TIGRE,VIDEO JUEGO,PLAYSTATION 3 - PS3 ,14633154207,NFS  Pro Street - PS3,1,29.99,29.99
GM EL TIGRE,VIDEO JUEGO,PLAYSTATION 3 - PS3 ,83717203087,PES 16-PS3,1,24.99,24.99
GM EL TIGRE,VIDEO JUEGO,PLAYSTATION 3 - PS3 ,83717203087,PES 16-PS3,1,24.99,24.99
GM EL TIGRE,VIDEO JUEGO,PLAYSTATION 3 - PS3 ,83717203087,PES 16-PS3,1,24.99,24.99
GM EL TIGRE,VIDEO JUEGO,PLAYSTATION 3 - PS3 ,83717203087,PES 16-PS3,1,24.99,24.99
GM EL TIGRE,VIDEO JUEGO,PLAYSTATION 3 - PS3 ,83717203087,PES 16-PS3,1,24.99,24.99
GM EL TIGRE,VIDEO JUEGO,PLAYSTATION 3 - PS3 ,711719828921,God of War Origins PS3,1,29.99,29.99
GM EL TIGRE,VIDEO JUEGO,PLAYSTATION 3 - PS3 ,14633152753,NFS Carbon - PS3,1,29.99,29.99
GM EL TIGRE,VIDEO JUEGO,PLAYSTATION 3 - PS3 ,710425474132,NBA 2K15 PS3,1,39.99,39.99
GM EL TIGRE,VIDEO JUEGO,PLAYSTATION 3 - PS3 ,83717203087,PES 16-PS3,1,24.99,24.99
GM EL TIGRE,VIDEO JUEGO,PLAYSTATION 3 - PS3 ,710425377808,GTA Episod.  Liberty City -PS3,1,29.99,29.99
GM EL TIGRE,VIDEO JUEGO,PLAYSTATION 3 - PS3 ,14633195866,NFS The Run - PS3,1,29.99,29.99
GM EL TIGRE,VIDEO JUEGO,PLAYSTATION 3 - PS3 ,711719991830,The Last of Us PS3,1,49.99,49.99
GM EL TIGRE,VIDEO JUEGO,PLAYSTATION 3 - PS3 ,14633735444,Fifa 16 PS3,1,59.99,59.99
GM EL TIGRE,VIDEO JUEGO,PLAYSTATION 3 - PS3 ,883929327157,Batman Arkham Origins PS3,1,29.99,29.99
GM EL TIGRE,VIDEO JUEGO,PLAYSTATION 3 - PS3 ,711719991830,The Last of Us PS3,1,49.99,49.99
GM EL TIGRE,VIDEO JUEGO,PLAYSTATION 3 - PS3 ,13388922123,Street Fighter IV Ultra - PS3,1,29.99,29.99
GM EL TIGRE,VIDEO JUEGO,PLAYSTATION 3 - PS3 ,14633154207,NFS  Pro Street - PS3,1,29.99,29.99
GM EL TIGRE,VIDEO JUEGO,PLAYSTATION 3 - PS3 ,711719991830,The Last of Us PS3,1,49.99,49.99
GM EL TIGRE,VIDEO JUEGO,PLAYSTATION 3 - PS3 ,14633152753,NFS Carbon - PS3,1,29.99,29.99
GM EL TIGRE,VIDEO JUEGO,PLAYSTATION 3 - PS3 ,8888346258,Assassins Creed: BrotherH- PS3,1,29.99,29.99
GM EL TIGRE,VIDEO JUEGO,PLAYSTATION 3 - PS3 ,14633733549,Fifa Street 3 - PS3,1,29.99,29.99
GM EL TIGRE,VIDEO JUEGO,PLAYSTATION 3 - PS3 ,722674110532,Naruto Shippuden Gen PS3,1,39.99,39.99
GM EL TIGRE,VIDEO JUEGO,PLAYSTATION 3 - PS3 ,14633154207,NFS  Pro Street - PS3,1,29.99,29.99
GM EL TIGRE,VIDEO JUEGO,PLAYSTATION 3 - PS3 ,722674111157,Saint Seiya Brave Soldiers PS3,1,29.99,29.99
GM EL TIGRE,VIDEO JUEGO,PLAYSTATION 3 - PS3 ,83717203087,PES 16-PS3,1,24.99,24.99
GM EL TIGRE,VIDEO JUEGO,NINTENDO DS,45496741112,Mario VS Donkey Kong M.L- DS,1,19.99,19.99
GM EL TIGRE,VIDEO JUEGO,NINTENDO 3DS,45496742904,Super Smash Bros 3DS,1,49.99,49.99
GM EL TIGRE,VIDEO JUEGO,NINTENDO 3DS,13388305193,Monster Hunter 4 Ultimate 3DS,1,49.99,49.99
GM EL TIGRE,VIDEO JUEGO,NINTENDO 3DS,45496742553,Mario Party Island Tou SEL 3DS,1,49.99,49.99
GM EL TIGRE,VIDEO JUEGO,NINTENDO 3DS,45496742867,Pokemon Art Academy 3DS,1,39.99,39.99
GM EL TIGRE,VIDEO JUEGO,NINTENDO 3DS,13388305193,Monster Hunter 4 Ultimate 3DS,1,49.99,49.99
GM EL TIGRE,VIDEO JUEGO,NINTENDO 3DS,45496741747,Mario Kart 7 3DS,1,35.02,35.02
GM EL TIGRE,VIDEO JUEGO,NINTENDO 3DS,45496742904,Super Smash Bros 3DS,1,49.99,49.99
GM EL TIGRE,VIDEO JUEGO,NINTENDO 3DS,45496743345,Zelda Tri Force 3DS,1,49.99,49.99
GM EL TIGRE,VIDEO JUEGO,NINTENDO 3DS,45496743598,Mario & Luigi: Paper Jam 3DS,1,49.99,49.99
GM EL TIGRE,VIDEO JUEGO,NINTENDO 3DS,47875767904,Angry Bird Star Wars 3DS,1,19.99,19.99
GM EL TIGRE,VIDEO JUEGO,NINTENDO 3DS,45496743581,Fire Emblem Fates S.E 3DS,1,89.99,89.99
GM EL TIGRE,VIDEO JUEGO,NINTENDO 3DS,45496743598,Mario & Luigi: Paper Jam 3DS,1,49.99,49.99
GM EL TIGRE,CONSOLAS,NINTENDO 3DS,45496781866,NINTENDO NEW 3DSXL Hyrule edit,1,259.99,259.99
GM EL TIGRE,VIDEO JUEGO,NINTENDO 3DS,45496743406,Fire Emblem Fates Conquest 3DS,1,49.99,49.99
GM EL TIGRE,VIDEO JUEGO,NINTENDO 3DS,45496743598,Mario & Luigi: Paper Jam 3DS,1,49.99,49.99
GM EL TIGRE,VIDEO JUEGO,NINTENDO 3DS,45496742072,New Super Mario Bros 2 3DS,1,39.99,39.99
GM EL TIGRE,VIDEO JUEGO,NINTENDO 3DS,45496743406,Fire Emblem Fates Conquest 3DS,1,49.99,49.99
GM EL TIGRE,VIDEO JUEGO,NINTENDO 3DS,45496741747,Mario Kart 7 3DS,1,39.99,39.99
GM EL TIGRE,VIDEO JUEGO,NINTENDO 3DS,45496742904,Super Smash Bros 3DS,1,49.99,49.99
GM EL TIGRE,VIDEO JUEGO,NINTENDO 3DS,45496742942,Pokemon Alpha Sapphire 3DS,1,50.0,50.0
GM EL TIGRE,VIDEO JUEGO,NINTENDO 3DS,45496742805,Zelda Majora´s Mask 3DS,1,50.0,50.0
GM EL TIGRE,ACCESORIO,NINTENDO WIIU,45496891022,Wii U Pro Controller Black,1,69.99,69.99
GM EL TIGRE,ACCESORIO,NINTENDO WIIU,45496891022,Wii U Pro Controller Black,1,69.99,69.99
GM EL TIGRE,VIDEO JUEGO,XBOX 360,83717302131,PES 16- XBOX 360,1,59.99,59.99
GM EL TIGRE,ACCESORIO,TARJETAS,799366114901,Nintendo eShop $10,1,15.99,15.99
GM EL TIGRE,ACCESORIO,TARJETAS,799366114901,Nintendo eShop $10,1,15.99,15.99
GM EL TIGRE,ACCESORIO,TARJETAS,711719432500,PSN $10,1,15.99,15.99
GM EL TIGRE,ACCESORIO,TARJETAS,799366104667,Nintendo eShop $20,1,29.99,29.99
GM EL TIGRE,ACCESORIO,TARJETAS,711719432500,PSN $10,1,15.99,15.99
GM EL TIGRE,ACCESORIO,TARJETAS,799366512318,Xbox Live 3 Month,1,39.99,39.99
GM EL TIGRE,ACCESORIO,TARJETAS,711719432500,PSN $10,1,15.99,15.99
GM EL TIGRE,ACCESORIO,TARJETAS,711719478102,PSN $20,1,29.99,29.99
GM EL TIGRE,ACCESORIO,TARJETAS,799366104667,Nintendo eShop $20,1,29.99,29.99
GM EL TIGRE,ACCESORIO,TARJETAS,711719432500,PSN $10,1,15.99,15.99
GM EL TIGRE,ACCESORIO,TARJETAS,799366512318,Xbox Live 3 Month,1,39.99,39.99
GM EL TIGRE,ACCESORIO,TARJETAS,711719478102,PSN $20,1,29.99,29.99
GM EL TIGRE,ACCESORIO,TARJETAS,Steam $ 20,Steam $ 20,1,29.99,29.99
GM EL TIGRE,ACCESORIO,TARJETAS,711719478102,PSN $20,1,29.99,29.99
GM EL TIGRE,ACCESORIO,TARJETAS,711719478102,PSN $20,1,29.99,29.99
GM EL TIGRE,ACCESORIO,TARJETAS,711719478102,PSN $20,1,29.99,29.99
GM EL TIGRE,ACCESORIO,TARJETAS,711719478102,PSN $20,1,29.99,29.99
GM EL TIGRE,ACCESORIO,TARJETAS,799366114901,Nintendo eShop $10,1,15.99,15.99
GM EL TIGRE,ACCESORIO,TARJETAS,799366086444,Google Play $15,1,19.99,19.99
GM EL TIGRE,ACCESORIO,TARJETAS,799366086444,Google Play $15,3,19.99,59.97
GM EL TIGRE,ACCESORIO,TARJETAS,711719478102,PSN $20,1,29.99,29.99
GM EL TIGRE,ACCESORIO,TARJETAS,711719478102,PSN $20,1,29.99,29.99
GM EL TIGRE,ACCESORIO,TARJETAS,711719478102,PSN $20,1,29.99,29.99
GM EL TIGRE,ACCESORIO,TARJETAS,799366552260,PSN $50,1,69.99,69.99
GM EL TIGRE,ACCESORIO,TARJETAS,711719478102,PSN $20,1,29.99,29.99
GM EL TIGRE,ACCESORIO,TARJETAS,711719478102,PSN $20,1,29.99,29.99
GM EL TIGRE,ACCESORIO,TARJETAS,799366552260,PSN $50,1,69.99,69.99
GM EL TIGRE,ACCESORIO,TARJETAS,799366552260,PSN $50,1,69.99,69.99
GM EL TIGRE,ACCESORIO,TARJETAS,711719432500,PSN $10,1,15.99,15.99
GM EL TIGRE,ACCESORIO,TARJETAS,711719478102,PSN $20,1,29.99,29.99
GM EL TIGRE,ACCESORIO,TARJETAS,711719432500,PSN $10,1,15.99,15.99
GM EL TIGRE,ACCESORIO,TARJETAS,711719478102,PSN $20,1,29.99,29.99
GM EL TIGRE,ACCESORIO,TARJETAS,711719478102,PSN $20,1,29.99,29.99
GM EL TIGRE,ACCESORIO,TARJETAS,711719432500,PSN $10,1,15.99,15.99
GM EL TIGRE,ACCESORIO,TARJETAS,711719478102,PSN $20,1,29.99,29.99
GM EL TIGRE,VIDEO JUEGO,PLAYSTATION 4- PS4,710425475290,GTA V PS4,1,69.99,69.99
GM EL TIGRE,VIDEO JUEGO,PLAYSTATION 4- PS4,722674120388,Naruto Shippuden UNS4 PS4,1,69.99,69.99
GM EL TIGRE,VIDEO JUEGO,PLAYSTATION 4- PS4,710425475290,GTA V PS4,1,62.99,62.99
GM EL TIGRE,VIDEO JUEGO,PLAYSTATION 4- PS4,722674120388,Naruto Shippuden UNS4 PS4,1,62.99,62.99
GM EL TIGRE,VIDEO JUEGO,PLAYSTATION 4- PS4,722674120388,Naruto Shippuden UNS4 PS4,1,69.99,69.99
GM EL TIGRE,VIDEO JUEGO,PLAYSTATION 4- PS4,710425476570,NBA 2K16 PS4,1,69.99,69.99
GM EL TIGRE,VIDEO JUEGO,PLAYSTATION 4- PS4,722674120388,Naruto Shippuden UNS4 PS4,1,69.99,69.99
GM EL TIGRE,VIDEO JUEGO,PLAYSTATION 4- PS4,722674120388,Naruto Shippuden UNS4 PS4,1,69.99,69.99
GM EL TIGRE,VIDEO JUEGO,PLAYSTATION 4- PS4,722674120388,Naruto Shippuden UNS4 PS4,1,69.99,69.99
GM EL TIGRE,VIDEO JUEGO,PLAYSTATION 4- PS4,710425475290,GTA V PS4,1,69.99,69.99
GM EL TIGRE,VIDEO JUEGO,PLAYSTATION 4- PS4,722674120388,Naruto Shippuden UNS4 PS4,1,69.99,69.99
GM EL TIGRE,VIDEO JUEGO,PLAYSTATION 4- PS4,722674120388,Naruto Shippuden UNS4 PS4,1,69.99,69.99
GM EL TIGRE,VIDEO JUEGO,PLAYSTATION 4- PS4,722674120388,Naruto Shippuden UNS4 PS4,1,69.99,69.99
GM EL TIGRE,VIDEO JUEGO,PLAYSTATION 4- PS4,710425475290,GTA V PS4,1,69.99,69.99
GM EL TIGRE,VIDEO JUEGO,PLAYSTATION 4- PS4,722674120388,Naruto Shippuden UNS4 PS4,1,69.99,69.99
GM EL TIGRE,VIDEO JUEGO,PLAYSTATION 4- PS4,883929426546,Mortal Kombat X PS4,1,69.99,69.99
GM EL TIGRE,VIDEO JUEGO,PLAYSTATION 4- PS4,894515001689,Minecraft Story Mode  PS4,1,39.99,39.99
GM EL TIGRE,VIDEO JUEGO,PLAYSTATION 4- PS4,710425474156,NBA 2K15 PS4,1,39.99,39.99
GM EL TIGRE,VIDEO JUEGO,PLAYSTATION 4- PS4,722674120388,Naruto Shippuden UNS4 PS4,1,69.99,69.99
GM EL TIGRE,VIDEO JUEGO,PLAYSTATION 4- PS4,710425475290,GTA V PS4,1,69.99,69.99
GM EL TIGRE,VIDEO JUEGO,PLAYSTATION 4- PS4,722674120388,Naruto Shippuden UNS4 PS4,1,69.99,69.99
GM EL TIGRE,VIDEO JUEGO,PLAYSTATION 4- PS4,710425475290,GTA V PS4,1,69.99,69.99
GM EL TIGRE,VIDEO JUEGO,PLAYSTATION 4- PS4,710425475290,GTA V PS4,1,69.99,69.99
GM EL TIGRE,VIDEO JUEGO,PLAYSTATION 4- PS4,883929426546,Mortal Kombat X PS4,1,69.99,69.99
GM EL TIGRE,VIDEO JUEGO,PLAYSTATION 4- PS4,722674120357,F1 2015 PS4,1,69.99,69.99
GM EL TIGRE,VIDEO JUEGO,PLAYSTATION 3 - PS3 ,883929408184,Shadow of Mordor PS3,1,29.99,29.99
GM EL TIGRE,VIDEO JUEGO,PLAYSTATION 4- PS4,710425475290,GTA V PS4,1,69.99,69.99
GM EL TIGRE,VIDEO JUEGO,PLAYSTATION 4- PS4,883929426546,Mortal Kombat X PS4,1,69.99,69.99
GM EL TIGRE,VIDEO JUEGO,PLAYSTATION 4- PS4,722674120388,Naruto Shippuden UNS4 PS4,1,69.99,69.99
GM EL TIGRE,VIDEO JUEGO,PLAYSTATION 4- PS4,722674120388,Naruto Shippuden UNS4 PS4,1,69.99,69.99
GM EL TIGRE,VIDEO JUEGO,PLAYSTATION 4- PS4,710425476570,NBA 2K16 PS4,1,69.99,69.99
GM EL TIGRE,VIDEO JUEGO,PLAYSTATION 4- PS4,710425475290,GTA V PS4,1,69.99,69.99
GM EL TIGRE,VIDEO JUEGO,PLAYSTATION 4- PS4,710425476570,NBA 2K16 PS4,1,69.99,69.99
GM EL TIGRE,VIDEO JUEGO,PLAYSTATION 4- PS4,883929426546,Mortal Kombat X PS4,1,69.99,69.99
GM EL TIGRE,VIDEO JUEGO,PLAYSTATION 4- PS4,722674120388,Naruto Shippuden UNS4 PS4,1,69.99,69.99
GM EL TIGRE,VIDEO JUEGO,PLAYSTATION 3 - PS3 ,712725027599,Disney Infinity 3.0 S.P  PS3,1,89.99,89.99
GM EL TIGRE,VIDEO JUEGO,PLAYSTATION 3 - PS3 ,14633195866,NFS The Run - PS3,1,29.99,29.99
GM EL TIGRE,VIDEO JUEGO,PLAYSTATION 3 - PS3 ,47875840591,COD 4 - PS3,1,19.99,19.99
GM EL TIGRE,VIDEO JUEGO,PLAYSTATION 3 - PS3 ,14633735444,Fifa 16 PS3,1,59.99,59.99
GM EL TIGRE,VIDEO JUEGO,PLAYSTATION 3 - PS3 ,710425476969,GTA San Andreas  PS3,1,29.99,29.99
GM EL TIGRE,VIDEO JUEGO,PLAYSTATION 3 - PS3 ,14633152753,NFS Carbon - PS3,1,29.99,29.99
GM EL TIGRE,VIDEO JUEGO,PLAYSTATION 3 - PS3 ,710425476969,GTA San Andreas  PS3,1,29.99,29.99
GM EL TIGRE,VIDEO JUEGO,PLAYSTATION 3 - PS3 ,710425476969,GTA San Andreas  PS3,1,29.99,29.99
GM EL TIGRE,VIDEO JUEGO,PLAYSTATION 3 - PS3 ,14633735444,Fifa 16 PS3,1,59.99,59.99
GM EL TIGRE,VIDEO JUEGO,PLAYSTATION 3 - PS3 ,14633735444,Fifa 16 PS3,1,59.99,59.99
GM EL TIGRE,VIDEO JUEGO,PLAYSTATION 3 - PS3 ,14633197457,NFS Most Wanted PS3,1,29.99,29.99
GM EL TIGRE,VIDEO JUEGO,PLAYSTATION 3 - PS3 ,662248912387,Sleeping Dogs PS3,1,29.99,29.99
GM EL TIGRE,VIDEO JUEGO,PLAYSTATION 3 - PS3 ,14633735444,Fifa 16 PS3,1,59.99,59.99
GM EL TIGRE,VIDEO JUEGO,PLAYSTATION 3 - PS3 ,14633735444,Fifa 16 PS3,1,59.99,59.99
GM EL TIGRE,VIDEO JUEGO,PLAYSTATION 3 - PS3 ,83717203087,PES 16-PS3,2,28.04,56.08
GM EL TIGRE,VIDEO JUEGO,PLAYSTATION 3 - PS3 ,14633195866,NFS The Run - PS3,1,29.99,29.99
GM EL TIGRE,VIDEO JUEGO,PLAYSTATION 3 - PS3 ,10086690774,Alien Isolation PS3,1,29.99,29.99
GM EL TIGRE,VIDEO JUEGO,PS VITA,859204005010,Hyperdimension Neptunia Psvita,1,19.99,19.99
GM EL TIGRE,VIDEO JUEGO,NINTENDO Wii,815403010774,Monster High new ghoul Wii,1,39.99,39.99
GM EL TIGRE,ACCESORIO,TOYS 2 LIFE,712725025694,DI 2.0 Guardians of the Galaxy,1,39.99,39.99
GM EL TIGRE,VIDEO JUEGO,PLAYSTATION 4- PS4,13388937028,Street Fighter V - PS4,1,69.99,69.99
GM EL TIGRE,ACCESORIO,NINTENDO WIIU,45496891046,Nunchuk Negro Wiiu,1,24.99,24.99
GM EL TIGRE,VIDEO JUEGO,PLAYSTATION 3 - PS3 ,47875874565,COD BLACK OPS III PS3,-1,59.99,-59.99
GM EL TIGRE,VIDEO JUEGO,XBOX ONE,47875874688,COD BLACK OPS III XONE,1,69.99,69.99
GM EL TIGRE,VIDEO JUEGO,XBOX ONE,47875874688,COD BLACK OPS III XONE,1,69.99,69.99
GM EL TIGRE,VIDEO JUEGO,XBOX ONE,47875874688,COD BLACK OPS III XONE,1,69.99,69.99
GM EL TIGRE,VIDEO JUEGO,XBOX ONE,47875874527,Destiny The Taken King X1,1,69.99,69.99
GM EL TIGRE,VIDEO JUEGO,NINTENDO WII U,45496903527,Splatoon Wii U,1,69.99,69.99
GM EL TIGRE,VIDEO JUEGO,NINTENDO WII U,45496903367,Mario Kart 8 Wii U,1,65.42,65.42
GM EL TIGRE,VIDEO JUEGO,NINTENDO WII U,45496902988,Pikmin 3 SEL WiiU,1,69.99,69.99
GM EL TIGRE,VIDEO JUEGO,NINTENDO WII U,45496903404,Super Smash Bros Wii U,1,69.99,69.99
GM EL TIGRE,VIDEO JUEGO,NINTENDO WII U,887256014605,Just Dance 2016 Wii U,1,59.99,59.99
GM EL TIGRE,VIDEO JUEGO,NINTENDO WII U,45496902995,New Super Mario Bros U.,1,69.99,69.99
GM EL TIGRE,VIDEO JUEGO,NINTENDO WII U,45496903190,Donkey Kong Coun T.F SEL WiiU,1,59.99,59.99
GM EL TIGRE,VIDEO JUEGO,NINTENDO WII U,887256014605,Just Dance 2016 Wii U,1,60.0,60.0
GM EL TIGRE,VIDEO JUEGO,NINTENDO WII U,45496903756,Super Mario Maker Wii U,1,69.99,69.99
GM EL TIGRE,VIDEO JUEGO,NINTENDO WII U,45496903404,Super Smash Bros Wii U,1,69.99,69.99
GM EL TIGRE,VIDEO JUEGO,NINTENDO WII U,887256014605,Just Dance 2016 Wii U,1,59.99,59.99
GM EL TIGRE,VIDEO JUEGO,NINTENDO WII U,45496903367,Mario Kart 8 Wii U,1,69.99,69.99
GM EL TIGRE,VIDEO JUEGO,NINTENDO WII U,45496902988,Pikmin 3 SEL WiiU,1,69.99,69.99
GM EL TIGRE,VIDEO JUEGO,NINTENDO WII U,45496903404,Super Smash Bros Wii U,1,69.99,69.99
GM EL TIGRE,VIDEO JUEGO,NINTENDO WII U,45496903367,Mario Kart 8 Wii U,1,69.99,69.99
GM EL TIGRE,ACCESORIO,NINTENDO WIIU,45496891022,Wii U Pro Controller Black,1,69.99,69.99
GM EL TIGRE,ACCESORIO,NINTENDO WIIU,45496891022,Wii U Pro Controller Black,1,69.99,69.99
GM EL TIGRE,VIDEO JUEGO,PLAYSTATION 3 - PS3 ,887256014285,Just Dance 2016- PS3,1,49.99,49.99
GM EL TIGRE,VIDEO JUEGO,PLAYSTATION 3 - PS3 ,47875874565,COD BLACK OPS III PS3,1,59.99,59.99
GM EL TIGRE,VIDEO JUEGO,PLAYSTATION 3 - PS3 ,47875874565,COD BLACK OPS III PS3,1,59.99,59.99
GM EL TIGRE,VIDEO JUEGO,PLAYSTATION 3 - PS3 ,47875874565,COD BLACK OPS III PS3,1,59.99,59.99
GM EL TIGRE,VIDEO JUEGO,PLAYSTATION 3 - PS3 ,887256014285,Just Dance 2016- PS3,1,49.99,49.99
GM EL TIGRE,VIDEO JUEGO,NINTENDO WII U,45496903527,Splatoon Wii U,1,69.99,69.99
GM EL TIGRE,VIDEO JUEGO,NINTENDO WII U,887256014605,Just Dance 2016 Wii U,1,59.99,59.99
GM EL TIGRE,VIDEO JUEGO,NINTENDO WII U,45496903404,Super Smash Bros Wii U,1,69.99,69.99
GM EL TIGRE,VIDEO JUEGO,PLAYSTATION 3 - PS3 ,47875874565,COD BLACK OPS III PS3,1,59.99,59.99
GM EL TIGRE,VIDEO JUEGO,PLAYSTATION 3 - PS3 ,47875874565,COD BLACK OPS III PS3,1,59.99,59.99
GM EL TIGRE,VIDEO JUEGO,PLAYSTATION 3 - PS3 ,887256014285,Just Dance 2016- PS3,1,49.99,49.99
GM EL TIGRE,VIDEO JUEGO,PLAYSTATION 3 - PS3 ,47875874565,COD BLACK OPS III PS3,1,59.99,59.99
GM EL TIGRE,VIDEO JUEGO,NINTENDO WII U,887256014605,Just Dance 2016 Wii U,1,59.99,59.99
GM EL TIGRE,VIDEO JUEGO,NINTENDO WII U,887256014605,Just Dance 2016 Wii U,1,59.99,59.99
GM EL TIGRE,VIDEO JUEGO,NINTENDO WII U,45496903367,Mario Kart 8 Wii U,1,69.99,69.99
GM EL TIGRE,VIDEO JUEGO,NINTENDO Wii,45496900397,Super Smash Bros. Brawl - Wii,1,39.99,39.99
GM EL TIGRE,VIDEO JUEGO,NINTENDO Wii,887256014599,Just Dance 2016- Wii,1,49.99,49.99
GM EL TIGRE,VIDEO JUEGO,NINTENDO Wii,45496901011,Mario Kart Wii,1,49.99,49.99
GM EL TIGRE,VIDEO JUEGO,NINTENDO WII U,45496903510,MARIO PARTY 10 WII U,1,59.99,59.99
GM EL TIGRE,VIDEO JUEGO,NINTENDO Wii,887256014599,Just Dance 2016- Wii,1,49.99,49.99
GM EL TIGRE,VIDEO JUEGO,NINTENDO Wii,45496900397,Super Smash Bros. Brawl - Wii,1,39.99,39.99
GM EL TIGRE,VIDEO JUEGO,PLAYSTATION 4- PS4,883929426546,Mortal Kombat X PS4,1,69.99,69.99
GM EL TIGRE,VIDEO JUEGO,PLAYSTATION 4- PS4,722674120388,Naruto Shippuden UNS4 PS4,1,69.99,69.99
GM EL TIGRE,VIDEO JUEGO,PLAYSTATION 4- PS4,722674120388,Naruto Shippuden UNS4 PS4,1,69.99,69.99
GM EL TIGRE,VIDEO JUEGO,PLAYSTATION 4- PS4,710425476570,NBA 2K16 PS4,1,69.99,69.99
GM EL TIGRE,ACCESORIO,TOYS 2 LIFE,712725027049,Disney infinity 3.0 Inside Out,1,49.99,49.99
GM EL TIGRE,ACCESORIO,TOYS 2 LIFE,712725027476,Disney infinity 3.0 Hulkbuster,1,19.99,19.99
GM EL TIGRE,ACCESORIO,TOYS 2 LIFE,712725027032,Disney infinity 3.0 Olaf ,1,19.99,19.99
GM EL TIGRE,ACCESORIO,TOYS 2 LIFE,712725027506,Disney infinity 3.0 Dark V Lig,1,19.99,19.99
GM EL TIGRE,ACCESORIO,TARJETAS,711719478102,PSN $20,1,29.99,29.99
GM EL TIGRE,ACCESORIO,TARJETAS,711719478102,PSN $20,1,29.99,29.99
GM EL TIGRE,VIDEO JUEGO,PLAYSTATION 4- PS4,710425475290,GTA V PS4,1,65.0,65.0
GM EL TIGRE,VIDEO JUEGO,PLAYSTATION 4- PS4,722674120371,J-STARS VICTORY + PS4,1,69.99,69.99
GM EL TIGRE,VIDEO JUEGO,PLAYSTATION 4- PS4,710425475290,GTA V PS4,-1,69.99,-69.99
GM EL TIGRE,VIDEO JUEGO,PLAYSTATION 4- PS4,710425475290,GTA V PS4,1,69.99,69.99
GM EL TIGRE,VIDEO JUEGO,PLAYSTATION 4- PS4,710425475290,GTA V PS4,1,69.99,69.99
GM EL TIGRE,VIDEO JUEGO,PLAYSTATION 4- PS4,722674120388,Naruto Shippuden UNS4 PS4,1,69.99,69.99
GM EL TIGRE,VIDEO JUEGO,PLAYSTATION 4- PS4,710425475290,GTA V PS4,1,69.99,69.99
GM EL TIGRE,VIDEO JUEGO,PLAYSTATION 4- PS4,710425475290,GTA V PS4,1,69.99,69.99
GM EL TIGRE,VIDEO JUEGO,PLAYSTATION 4- PS4,710425475290,GTA V PS4,1,65.42,65.42
GM EL TIGRE,VIDEO JUEGO,PLAYSTATION 4- PS4,722674120357,F1 2015 PS4,1,69.99,69.99
GM EL TIGRE,VIDEO JUEGO,PLAYSTATION 4- PS4,710425475290,GTA V PS4,1,69.99,69.99
GM EL TIGRE,VIDEO JUEGO,PLAYSTATION 4- PS4,722674120388,Naruto Shippuden UNS4 PS4,1,0.01,0.01
GM EL TIGRE,VIDEO JUEGO,PLAYSTATION 4- PS4,14633368611,NFS PS4,1,69.99,69.99
GM EL TIGRE,VIDEO JUEGO,PLAYSTATION 4- PS4,710425475290,GTA V PS4,1,62.99,62.99
GM EL TIGRE,VIDEO JUEGO,PLAYSTATION 4- PS4,710425475290,GTA V PS4,1,69.99,69.99
GM EL TIGRE,VIDEO JUEGO,PLAYSTATION 4- PS4,722674120388,Naruto Shippuden UNS4 PS4,1,69.99,69.99
GM EL TIGRE,VIDEO JUEGO,PLAYSTATION 4- PS4,722674120388,Naruto Shippuden UNS4 PS4,1,69.99,69.99
GM EL TIGRE,VIDEO JUEGO,PLAYSTATION 4- PS4,722674120388,Naruto Shippuden UNS4 PS4,1,69.99,69.99
GM EL TIGRE,VIDEO JUEGO,PLAYSTATION 4- PS4,722674120388,Naruto Shippuden UNS4 PS4,1,69.99,69.99
GM EL TIGRE,VIDEO JUEGO,PLAYSTATION 4- PS4,883929426546,Mortal Kombat X PS4,1,62.99,62.99
GM EL TIGRE,VIDEO JUEGO,PLAYSTATION 4- PS4,722674120388,Naruto Shippuden UNS4 PS4,1,69.99,69.99
GM EL TIGRE,VIDEO JUEGO,PLAYSTATION 4- PS4,883929426546,Mortal Kombat X PS4,1,69.99,69.99
GM EL TIGRE,VIDEO JUEGO,PLAYSTATION 4- PS4,722674120388,Naruto Shippuden UNS4 PS4,1,69.99,69.99
GM EL TIGRE,VIDEO JUEGO,PLAYSTATION 4- PS4,722674120388,Naruto Shippuden UNS4 PS4,1,69.99,69.99
GM EL TIGRE,VIDEO JUEGO,PLAYSTATION 4- PS4,710425475290,GTA V PS4,1,69.99,69.99
GM EL TIGRE,VIDEO JUEGO,PLAYSTATION 4- PS4,883929426546,Mortal Kombat X PS4,1,69.99,69.99
GM EL TIGRE,VIDEO JUEGO,PLAYSTATION 4- PS4,710425475290,GTA V PS4,1,69.99,69.99
GM EL TIGRE,VIDEO JUEGO,PLAYSTATION 4- PS4,710425475290,GTA V PS4,1,69.99,69.99
GM EL TIGRE,ACCESORIO,NINTENDO WII,45496891534,Wii Remote Plus Peach,1,49.99,49.99
GM EL TIGRE,VIDEO JUEGO,PLAYSTATION 4- PS4,710425475290,GTA V PS4,1,69.99,69.99
GM EL TIGRE,VIDEO JUEGO,PLAYSTATION 4- PS4,710425475290,GTA V PS4,1,50.0,50.0
GM EL TIGRE,ACCESORIO,TOYS 2 LIFE,712725026943,Disney infinity 3.0 Yoda ,1,19.99,19.99
GM EL TIGRE,ACCESORIO,TOYS 2 LIFE,712725027032,Disney infinity 3.0 Olaf ,1,19.99,19.99
GM EL TIGRE,ACCESORIO,TOYS 2 LIFE,712725027476,Disney infinity 3.0 Hulkbuster,1,19.99,19.99
GM EL TIGRE,VIDEO JUEGO,PLAYSTATION 4- PS4,710425476785,WWE 2k16 -PS4,1,69.99,69.99
GM EL TIGRE,VIDEO JUEGO,PLAYSTATION 4- PS4,14633735499,Fifa 16 PS4,1,59.99,59.99
GM EL TIGRE,VIDEO JUEGO,PLAYSTATION 4- PS4,83717202790,Metal Gear Solid V PS4,1,69.99,69.99
GM EL TIGRE,VIDEO JUEGO,PLAYSTATION 4- PS4,14633735499,Fifa 16 PS4,1,59.99,59.99
GM EL TIGRE,VIDEO JUEGO,PLAYSTATION 4- PS4,712725027582,Disney Infinity 3.0 S.P  PS4,1,89.99,89.99
GM EL TIGRE,VIDEO JUEGO,PLAYSTATION 4- PS4,662248915869,Just Cause 3 PS4,1,69.99,69.99
GM EL TIGRE,VIDEO JUEGO,PLAYSTATION 4- PS4,14633370461,Star Wars Battlefront PS4,1,69.99,69.99
GM EL TIGRE,VIDEO JUEGO,PLAYSTATION 4- PS4,883929472901,Lego jurassic World PS4,1,49.99,49.99
GM EL TIGRE,VIDEO JUEGO,PLAYSTATION 4- PS4,14633370461,Star Wars Battlefront PS4,1,65.42,65.42
GM EL TIGRE,VIDEO JUEGO,PLAYSTATION 4- PS4,710425476785,WWE 2k16 -PS4,1,69.99,69.99
GM EL TIGRE,VIDEO JUEGO,PLAYSTATION 4- PS4,14633735529,Fifa 16 Deluxe Edition PS4,1,69.99,69.99
GM EL TIGRE,VIDEO JUEGO,PLAYSTATION 4- PS4,14633735499,Fifa 16 PS4,1,53.99,53.99
GM EL TIGRE,VIDEO JUEGO,PLAYSTATION 4- PS4,722674120166,Dragon Ball Xenoverse PS4,1,69.99,69.99
GM EL TIGRE,VIDEO JUEGO,PLAYSTATION 4- PS4,710425476785,WWE 2k16 -PS4,1,69.99,69.99
GM EL TIGRE,VIDEO JUEGO,PLAYSTATION 4- PS4,14633735499,Fifa 16 PS4,1,59.99,59.99
GM EL TIGRE,VIDEO JUEGO,PLAYSTATION 4- PS4,883929472901,Lego jurassic World PS4,1,49.99,49.99
GM EL TIGRE,VIDEO JUEGO,PLAYSTATION 4- PS4,14633735499,Fifa 16 PS4,1,50.0,50.0
GM EL TIGRE,VIDEO JUEGO,PLAYSTATION 4- PS4,14633735529,Fifa 16 Deluxe Edition PS4,1,69.99,69.99
GM EL TIGRE,ACCESORIO,TARJETAS,711719478102,PSN $20,2,29.99,59.98
GM EL TIGRE,ACCESORIO,TARJETAS,799366114901,Nintendo eShop $10,1,15.99,15.99
GM EL TIGRE,ACCESORIO,TARJETAS,799366086444,Google Play $15,1,19.99,19.99
GM EL TIGRE,ACCESORIO,TARJETAS,799366104667,Nintendo eShop $20,1,29.99,29.99
GM EL TIGRE,ACCESORIO,TARJETAS,711719478102,PSN $20,1,29.99,29.99
GM EL TIGRE,VIDEO JUEGO,XBOX 360,885370606515,Minecraft Launch XB360,1,29.99,29.99
GM EL TIGRE,VIDEO JUEGO,XBOX 360,885370606515,Minecraft Launch XB360,1,0.01,0.01
GM EL TIGRE,VIDEO JUEGO,XBOX 360,885370606515,Minecraft Launch XB360,1,29.99,29.99
GM EL TIGRE,VIDEO JUEGO,XBOX 360,885370606515,Minecraft Launch XB360,1,29.99,29.99
GM EL TIGRE,VIDEO JUEGO,XBOX 360,885370606515,Minecraft Launch XB360,1,29.99,29.99
GM EL TIGRE,VIDEO JUEGO,XBOX 360,885370606515,Minecraft Launch XB360,1,29.99,29.99
GM EL TIGRE,CONSOLAS,XBOX360,885370862737,Xbox 360 500 GB C.O.D Ghost-BL,1,269.99,269.99
GM EL TIGRE,CONSOLAS,XBOX360,885370862737,Xbox 360 500 GB C.O.D Ghost-BL,1,269.99,269.99
GM EL TIGRE,ACCESORIO,MEMORIAS,619659084721,SANDISK MICROSD CL 10 8G,1,19.99,19.99
GM EL TIGRE,ACCESORIO,MEMORIAS,619659078416,SANDISK MICROSD CL 10 32G,1,59.99,59.99
GM EL TIGRE,ACCESORIO,MEMORIAS,619659078416,SANDISK MICROSD CL 10 32G,1,59.99,59.99
GM EL TIGRE,GO PRO,ACCESORIOS,818279010688,GOPRO TRIPOD MOUNTS,1,9.99,9.99
GM EL TIGRE,GO PRO,ACCESORIOS,840786101290,GOPRO BIG U SHOT/ORANGE,1,39.99,39.99
GM EL TIGRE,GO PRO,ACCESORIOS,840786101221,GOPRO BIG U SHOT/BLUE ATL,1,39.99,39.99
GM EL TIGRE,GO PRO,ACCESORIOS,818279010688,GOPRO TRIPOD MOUNTS,1,9.99,9.99
GM EL TIGRE,GO PRO,ACCESORIOS,185323000064,GOPRO HANDLE BAR SEATPOST,1,19.99,19.99
GM EL TIGRE,VIDEO JUEGO,NINTENDO Wii,887256014599,Just Dance 2016- Wii,1,49.99,49.99
GM EL TIGRE,VIDEO JUEGO,NINTENDO Wii,45496900397,Super Smash Bros. Brawl - Wii,1,39.99,39.99
GM EL TIGRE,VIDEO JUEGO,NINTENDO Wii,887256014599,Just Dance 2016- Wii,1,46.74,46.74
GM EL TIGRE,VIDEO JUEGO,PLAYSTATION 4- PS4,47875874602,COD BLACK OPS III PS4,1,69.99,69.99
GM EL TIGRE,VIDEO JUEGO,PLAYSTATION 4- PS4,47875874602,COD BLACK OPS III PS4,1,69.99,69.99
GM EL TIGRE,VIDEO JUEGO,PLAYSTATION 4- PS4,47875874602,COD BLACK OPS III PS4,1,69.99,69.99
GM EL TIGRE,VIDEO JUEGO,PLAYSTATION 4- PS4,47875874602,COD BLACK OPS III PS4,1,69.99,69.99
GM EL TIGRE,VIDEO JUEGO,PLAYSTATION 4- PS4,47875874602,COD BLACK OPS III PS4,1,50.0,50.0
GM EL TIGRE,VIDEO JUEGO,PLAYSTATION 4- PS4,47875874831,GH Software + Guitar  PS4,1,129.99,129.99
GM EL TIGRE,VIDEO JUEGO,PLAYSTATION 4- PS4,47875874602,COD BLACK OPS III PS4,1,69.99,69.99
GM EL TIGRE,VIDEO JUEGO,PLAYSTATION 4- PS4,47875874602,COD BLACK OPS III PS4,1,69.99,69.99
GM EL TIGRE,VIDEO JUEGO,PLAYSTATION 4- PS4,47875874602,COD BLACK OPS III PS4,1,69.99,69.99
GM EL TIGRE,VIDEO JUEGO,PLAYSTATION 4- PS4,47875874602,COD BLACK OPS III PS4,1,69.99,69.99
GM EL TIGRE,VIDEO JUEGO,PLAYSTATION 4- PS4,47875874602,COD BLACK OPS III PS4,1,69.99,69.99
GM EL TIGRE,VIDEO JUEGO,PLAYSTATION 4- PS4,47875874602,COD BLACK OPS III PS4,1,69.99,69.99
GM EL TIGRE,VIDEO JUEGO,PLAYSTATION 4- PS4,47875874602,COD BLACK OPS III PS4,1,0.01,0.01
GM EL TIGRE,VIDEO JUEGO,PLAYSTATION 4- PS4,887256014582,Just Dance 2016 PS4,1,59.99,59.99
GM EL TIGRE,VIDEO JUEGO,PLAYSTATION 4- PS4,47875874602,COD BLACK OPS III PS4,1,69.99,69.99
GM EL TIGRE,VIDEO JUEGO,PLAYSTATION 4- PS4,47875874602,COD BLACK OPS III PS4,1,69.99,69.99
GM EL TIGRE,VIDEO JUEGO,PLAYSTATION 4- PS4,93155170568,Fallout 4 PS4,1,69.99,69.99
GM EL TIGRE,VIDEO JUEGO,PLAYSTATION 4- PS4,47875874602,COD BLACK OPS III PS4,1,69.99,69.99
GM EL TIGRE,VIDEO JUEGO,PLAYSTATION 4- PS4,47875874602,COD BLACK OPS III PS4,1,69.99,69.99
GM EL TIGRE,VIDEO JUEGO,PLAYSTATION 4- PS4,47875874442,Destiny The Taken King  PS4,1,69.99,69.99
GM EL TIGRE,VIDEO JUEGO,PLAYSTATION 4- PS4,47875874602,COD BLACK OPS III PS4,1,69.99,69.99
GM EL TIGRE,VIDEO JUEGO,PLAYSTATION 4- PS4,47875874602,COD BLACK OPS III PS4,1,0.01,0.01
GM EL TIGRE,VIDEO JUEGO,PLAYSTATION 4- PS4,47875874602,COD BLACK OPS III PS4,1,65.0,65.0
GM EL TIGRE,ACCESORIO,TOYS 2 LIFE,45496892715,Amiibo Lucas,1,19.99,19.99
GM EL TIGRE,ACCESORIO,TOYS 2 LIFE,45496892043,Amiibo Super Bowser,1,19.99,19.99
GM EL TIGRE,ACCESORIO,TOYS 2 LIFE,45496892449,Amiibo Smash Retro 3 Pack ,1,49.99,49.99
GM EL TIGRE,ACCESORIO,TOYS 2 LIFE,45496891701,Amiibo Link,1,19.99,19.99
GM EL TIGRE,ACCESORIO,TOYS 2 LIFE,45496892197,Amiibo 3 pack Splatoon ,1,46.73,46.73
GM EL TIGRE,ACCESORIO,TOYS 2 LIFE,45496892715,Amiibo Lucas,1,19.99,19.99
GM EL TIGRE,ACCESORIO,TOYS 2 LIFE,45496891688,Amiibo Peach,1,14.99,14.99
GM EL TIGRE,ACCESORIO,TOYS 2 LIFE,45496892265,Amiibo Dark Pit ,1,19.99,19.99
GM EL TIGRE,VIDEO JUEGO,PLAYSTATION 4- PS4,47875874602,COD BLACK OPS III PS4,1,62.99,62.99
GM EL TIGRE,VIDEO JUEGO,PLAYSTATION 4- PS4,47875874602,COD BLACK OPS III PS4,1,69.99,69.99
GM EL TIGRE,ACCESORIO,TOYS 2 LIFE,45496891794,Amiibo Zelda ,1,14.99,14.99
GM EL TIGRE,ACCESORIO,TOYS 2 LIFE,45496892418,Amiibo Mewtwo ,1,19.99,19.99
GM EL TIGRE,ACCESORIO,TOYS 2 LIFE,45496892418,Amiibo Mewtwo ,1,19.99,19.99
GM EL TIGRE,ACCESORIO,TOYS 2 LIFE,45496892418,Amiibo Mewtwo ,1,19.99,19.99
GM EL TIGRE,ACCESORIO,TOYS 2 LIFE,45496892197,Amiibo 3 pack Splatoon ,1,49.99,49.99
GM EL TIGRE,ACCESORIO,TOYS 2 LIFE,45496891831,Amiibo Little Mac,1,19.99,19.99
GM EL TIGRE,ACCESORIO,TOYS 2 LIFE,45496892265,Amiibo Dark Pit ,1,19.99,19.99
GM EL TIGRE,ACCESORIO,TOYS 2 LIFE,45496892715,Amiibo Lucas,1,19.99,19.99
GM EL TIGRE,ACCESORIO,TOYS 2 LIFE,45496892197,Amiibo 3 pack Splatoon ,1,49.99,49.99
GM EL TIGRE,ACCESORIO,TOYS 2 LIFE,45496891701,Amiibo Link,1,19.99,19.99
GM EL TIGRE,ACCESORIO,TOYS 2 LIFE,45496891800,Amiibo Luigi,1,14.99,14.99
GM EL TIGRE,VIDEO JUEGO,PLAYSTATION 4- PS4,47875874602,COD BLACK OPS III PS4,1,69.99,69.99
GM EL TIGRE,VIDEO JUEGO,PLAYSTATION 4- PS4,47875874602,COD BLACK OPS III PS4,1,69.99,69.99
GM EL TIGRE,VIDEO JUEGO,PLAYSTATION 4- PS4,47875874602,COD BLACK OPS III PS4,1,69.99,69.99
GM EL TIGRE,VIDEO JUEGO,PLAYSTATION 4- PS4,47875874602,COD BLACK OPS III PS4,1,65.42,65.42
GM EL TIGRE,VIDEO JUEGO,PLAYSTATION 4- PS4,47875874602,COD BLACK OPS III PS4,1,69.99,69.99
GM EL TIGRE,VIDEO JUEGO,PLAYSTATION 4- PS4,47875874602,COD BLACK OPS III PS4,1,0.01,0.01
GM EL TIGRE,VIDEO JUEGO,PLAYSTATION 4- PS4,47875874602,COD BLACK OPS III PS4,1,69.99,69.99
GM EL TIGRE,VIDEO JUEGO,PLAYSTATION 4- PS4,47875874602,COD BLACK OPS III PS4,1,69.99,69.99
GM EL TIGRE,VIDEO JUEGO,PLAYSTATION 4- PS4,47875874602,COD BLACK OPS III PS4,1,69.99,69.99
GM EL TIGRE,VIDEO JUEGO,PLAYSTATION 4- PS4,47875874602,COD BLACK OPS III PS4,1,62.99,62.99
GM EL TIGRE,VIDEO JUEGO,PLAYSTATION 4- PS4,47875874602,COD BLACK OPS III PS4,1,69.99,69.99
GM EL TIGRE,VIDEO JUEGO,PLAYSTATION 4- PS4,47875874602,COD BLACK OPS III PS4,1,0.01,0.01
GM EL TIGRE,VIDEO JUEGO,PLAYSTATION 4- PS4,47875874602,COD BLACK OPS III PS4,1,65.42,65.42
GM EL TIGRE,VIDEO JUEGO,PLAYSTATION 4- PS4,47875874602,COD BLACK OPS III PS4,1,69.99,69.99
GM EL TIGRE,VIDEO JUEGO,PLAYSTATION 4- PS4,887256014582,Just Dance 2016 PS4,1,59.99,59.99
GM EL TIGRE,VIDEO JUEGO,PLAYSTATION 4- PS4,887256014582,Just Dance 2016 PS4,1,59.99,59.99
GM EL TIGRE,ACCESORIO,PLAYSTATION 4 - PS4,849172003071,Siliconeskin azul controll PS4,1,10.0,10.0
GM EL TIGRE,ACCESORIO,PLAYSTATION 4 - PS4,849172003071,Siliconeskin azul controll PS4,1,9.99,9.99
GM EL TIGRE,ACCESORIO,PLAYSTATION 4 - PS4,849172003071,Siliconeskin azul controll PS4,1,9.99,9.99
GM EL TIGRE,ACCESORIO,PLAYSTATION 4 - PS4,849172003064,Siliconeskin negrocontroll PS4,1,9.99,9.99
GM EL TIGRE,ACCESORIO,PLAYSTATION 4 - PS4,849172002944,Cable cargador KMD - PS4,1,12.99,12.99
GM EL TIGRE,ACCESORIO,PLAYSTATION 4 - PS4,849172003071,Siliconeskin azul controll PS4,2,9.99,19.98
GM EL TIGRE,ACCESORIO,PLAYSTATION 4 - PS4,849172003071,Siliconeskin azul controll PS4,1,10.0,10.0
GM EL TIGRE,ACCESORIO,PLAYSTATION 4 - PS4,849172003071,Siliconeskin azul controll PS4,1,9.99,9.99
GM EL TIGRE,ACCESORIO,PLAYSTATION 4 - PS4,663293107544,Silicone skin azul PS4,1,12.99,12.99
GM EL TIGRE,ACCESORIO,PLAYSTATION 4 - PS4,743840832126,Battery Power Pak PS4,1,25.99,25.99
GM EL TIGRE,ACCESORIO,PLAYSTATION 4 - PS4,849172003064,Siliconeskin negrocontroll PS4,1,9.99,9.99
GM EL TIGRE,AUDIFONOS,GAMING,728658041724,Headset Wired Kunai Negro ,1,79.99,79.99
GM EL TIGRE,ACCESORIO,PSVita,849172003644,Ac Adacter Psvita,1,19.99,19.99
GM EL TIGRE,ACCESORIO,PLAYSTATION 3,849172003446,Cable cargador Twin  KMD - PS3,1,17.99,17.99
GM EL TIGRE,AUDIFONOS,GAMING,728658041717,Headset Wired Kunai Blanco ,1,79.99,79.99
GM EL TIGRE,ACCESORIO,PSVita,849172003644,Ac Adacter Psvita,1,19.99,19.99
GM EL TIGRE,ACCESORIO,PSVita,849172003644,Ac Adacter Psvita,1,19.99,19.99
GM EL TIGRE,ACCESORIO,PSVita,708056004965,Silicone Skin Psvita,1,15.99,15.99
GM EL TIGRE,ACCESORIO,PSVita,849172003644,Ac Adacter Psvita,1,19.99,19.99
GM EL TIGRE,ACCESORIO,PSVita,849172004634,Cable cargador KMD - Psvita,1,12.99,12.99
GM EL TIGRE,ACCESORIO,PSVita,708056004965,Silicone Skin Psvita,1,15.99,15.99
GM EL TIGRE,ACCESORIO,PSVita,812820046898,KMD Silicon Twin Pack PSV,1,15.99,15.99
GM EL TIGRE,ACCESORIO,PSVita,849172003644,Ac Adacter Psvita,1,19.99,19.99
GM EL TIGRE,ACCESORIO,PLAYSTATION 3,849172003446,Cable cargador Twin  KMD - PS3,1,19.99,19.99
GM EL TIGRE,ACCESORIO,PLAYSTATION 3,849172003446,Cable cargador Twin  KMD - PS3,1,19.99,19.99
GM EL TIGRE,ACCESORIO,NINTENDO WII,45496891435,Wii Remote Plus Mario,1,49.99,49.99
GM EL TIGRE,ACCESORIO,NINTENDO WII,45496891442,Wii Remote Plus Luigi,1,49.99,49.99
GM EL TIGRE,ACCESORIO,NINTENDO WIIU,849172001251,Cable cargador KMD - Wiiu,1,12.99,12.99
GM EL TIGRE,ACCESORIO,NINTENDO WIIU,708056585303,Nerf Game Pad Armor Wiiu,1,29.99,29.99
GM EL TIGRE,ACCESORIO,NINTENDO WIIU,849172001251,Cable cargador KMD - Wiiu,1,12.99,12.99
GM EL TIGRE,ACCESORIO,NINTENDO WIIU,849172001251,Cable cargador KMD - Wiiu,1,12.99,12.99
GM EL TIGRE,ACCESORIO,XBOX ONE,885370898064,Control inalambrico Halo 5,1,79.99,79.99
GM EL TIGRE,ACCESORIO,XBOX ONE,885370603989,Play and Charge Kit - Xboxone,1,39.99,39.99
GM EL TIGRE,ACCESORIO,XBOX ONE,885370603903,Control inalambrico xbox one,1,69.99,69.99
GM EL TIGRE,ACCESORIO,XBOX ONE,885370603903,Control inalambrico xbox one,1,69.99,69.99
GM EL TIGRE,ACCESORIO,XBOX ONE,885370603903,Control inalambrico xbox one,1,65.44,65.44
GM EL TIGRE,ACCESORIO,XBOX ONE,885370603903,Control inalambrico xbox one,1,69.99,69.99
GM EL TIGRE,ACCESORIO,XBOX ONE,849172003118,Controller Si. Grip Blue  XO,1,10.0,10.0
GM EL TIGRE,ACCESORIO,XBOX ONE,849172003088,Thumb Grips Xbox one ,1,12.99,12.99
GM EL TIGRE,ACCESORIO,XBOX ONE,708056000585,Charging Station Energiser XB1,1,39.99,39.99
GM EL TIGRE,ACCESORIO,XBOX 360,849172003323,Battery Shell Black xbox 360,1,2.99,2.99
GM EL TIGRE,ACCESORIO,XBOX 360,849172003965,Thumb Grips Xbox 360,1,9.99,9.99
GM EL TIGRE,ACCESORIO,XBOX 360,885370145717,Wired Control - XBOX360,1,49.99,49.99
GM EL TIGRE,ACCESORIO,XBOX 360,885370114843,Control Inala/Negro - XBOX 360,1,59.99,59.99
GM EL TIGRE,VIDEO JUEGO,PLAYSTATION 4- PS4,722674120388,Naruto Shippuden UNS4 PS4,1,69.99,69.99
GM EL TIGRE,VIDEO JUEGO,PLAYSTATION 4- PS4,710425475290,GTA V PS4,1,0.01,0.01
GM EL TIGRE,VIDEO JUEGO,PLAYSTATION 4- PS4,722674120388,Naruto Shippuden UNS4 PS4,1,62.99,62.99
GM EL TIGRE,ACCESORIO,PLAYSTATION 4 - PS4,711719051503,Dualshock 4 Camo - PS4,1,79.99,79.99
GM EL TIGRE,VIDEO JUEGO,PLAYSTATION 4- PS4,883929366927,Lego MarvelSuper Heroes - PS4,1,39.99,39.99
GM EL TIGRE,ACCESORIO,PLAYSTATION 4 - PS4,711719051503,Dualshock 4 Camo - PS4,1,79.99,79.99
GM EL TIGRE,ACCESORIO,PLAYSTATION 4 - PS4,711719051503,Dualshock 4 Camo - PS4,1,79.99,79.99
GM EL TIGRE,ACCESORIO,TOYS 2 LIFE,47875877450,Skylanders Schargers BO 3 pack,1,49.99,49.99
GM EL TIGRE,ACCESORIO,PLAYSTATION 4 - PS4,711719100423,Camara - PS4,1,69.99,69.99
GM EL TIGRE,VIDEO JUEGO,PLAYSTATION 4- PS4,883929366927,Lego MarvelSuper Heroes - PS4,1,39.99,39.99
GM EL TIGRE,ACCESORIO,TARJETAS,711719039792,PSN Plus 3 Month,1,24.99,24.99
GM EL TIGRE,ACCESORIO,NINTENDO 3DS,873124003666,Protective Film 3DSXL,1,9.99,9.99
GM EL TIGRE,ACCESORIO,NINTENDO 3DS,873124005271,Hard Pouch - 3DSXL NEW,1,15.99,15.99
GM EL TIGRE,ACCESORIO,NINTENDO 3DS,708056581039,Rainbow Stylus Pack3DSXL&DSIXL,1,12.99,12.99
GM EL TIGRE,ACCESORIO,NINTENDO 3DS,708056581039,Rainbow Stylus Pack3DSXL&DSIXL,1,12.99,12.99
GM EL TIGRE,ACCESORIO,NINTENDO 3DS,873124003666,Protective Film 3DSXL,1,9.99,9.99
GM EL TIGRE,ACCESORIO,NINTENDO 3DS,617885003295,Super mario Retro Hard Pouch ,1,19.99,19.99
GM EL TIGRE,ACCESORIO,NINTENDO 3DS,708056054311,Clip Armor Super mario New3dsx,1,19.99,19.99
GM EL TIGRE,ACCESORIO,NINTENDO 3DS,617885009761,Starter Kit Zelda 3DS,1,29.99,29.99
GM EL TIGRE,ACCESORIO,NINTENDO 3DS,617885003295,Super mario Retro Hard Pouch ,1,19.99,19.99
GM EL TIGRE,ACCESORIO,NINTENDO 3DS,708056054311,Clip Armor Super mario New3dsx,1,19.99,19.99
GM EL TIGRE,ACCESORIO,NINTENDO WIIU,708056585303,Nerf Game Pad Armor Wiiu,1,29.99,29.99
GM EL TIGRE,ACCESORIO,NINTENDO WIIU,849172001251,Cable cargador KMD - Wiiu,1,12.99,12.99
GM EL TIGRE,ACCESORIO,NINTENDO WIIU,849172001251,Cable cargador KMD - Wiiu,1,12.99,12.99
GM EL TIGRE,ACCESORIO,NINTENDO WIIU,849172001251,Cable cargador KMD - Wiiu,1,12.99,12.99
GM EL TIGRE,ACCESORIO,NINTENDO WIIU,849172001251,Cable cargador KMD - Wiiu,1,12.99,12.99
GM EL TIGRE,ACCESORIO,TARJETAS,711719039792,PSN Plus 3 Month,1,24.99,24.99
GM EL TIGRE,VIDEO JUEGO,PLAYSTATION 4- PS4,14633733808,Madden 16- PS4,1,69.99,69.99
GM EL TIGRE,ACCESORIO,TARJETAS,711719039792,PSN Plus 3 Month,1,24.99,24.99
GM EL TIGRE,ACCESORIO,TARJETAS,711719039792,PSN Plus 3 Month,1,24.99,24.99
GM EL TIGRE,ACCESORIO,PLAYSTATION 4 - PS4,711719051503,Dualshock 4 Camo - PS4,1,79.99,79.99
GM EL TIGRE,ACCESORIO,NINTENDO WIIU,849172003330,Sensor de Barra  Wiiu ,1,19.99,19.99
GM EL TIGRE,ACCESORIO,NINTENDO WIIU,849172001251,Cable cargador KMD - Wiiu,1,12.99,12.99
GM EL TIGRE,ACCESORIO,NINTENDO WIIU,873124005035,Wii Wheel Mario 8 Wiiu HORI,1,15.99,15.99
GM EL TIGRE,ACCESORIO,NINTENDO WIIU,849172003330,Sensor de Barra  Wiiu ,1,18.69,18.69
GM EL TIGRE,ACCESORIO,PLAYSTATION 4 - PS4,711719051503,Dualshock 4 Camo - PS4,1,75.0,75.0
GM EL TIGRE,ACCESORIO,PLAYSTATION 4 - PS4,711719051503,Dualshock 4 Camo - PS4,1,72.0,72.0
GM EL TIGRE,ACCESORIO,PLAYSTATION 4 - PS4,711719051503,Dualshock 4 Camo - PS4,1,79.99,79.99
GM EL TIGRE,ACCESORIO,TARJETAS,711719039792,PSN Plus 3 Month,1,24.99,24.99
GM EL TIGRE,ACCESORIO,NINTENDO 3DS,849172000612,Aluminum Armor Case Rojo 3dsxl,1,15.98,15.98
GM EL TIGRE,ACCESORIO,NINTENDO 3DS,873124003666,Protective Film 3DSXL,1,9.99,9.99
GM EL TIGRE,ACCESORIO,NINTENDO 3DS,873124005271,Hard Pouch - 3DSXL NEW,1,15.99,15.99
GM EL TIGRE,VIDEO JUEGO,PLAYSTATION 4- PS4,883929366927,Lego MarvelSuper Heroes - PS4,1,39.99,39.99
GM EL TIGRE,VIDEO JUEGO,NINTENDO Wii,47875875081,Skylanders Superchargers Wii,1,99.99,99.99
GM EL TIGRE,ACCESORIO,XBOX 360,849172003323,Battery Shell Black xbox 360,1,2.99,2.99
GM EL TIGRE,VIDEO JUEGO,XBOX 360,14633152692,NFS Carbon - XBOX 360,1,29.99,29.99
GM EL TIGRE,VIDEO JUEGO,NINTENDO 3DS,722674700634,Dragon Ball Z extr. butome 3DS,1,49.99,49.99
GM EL TIGRE,VIDEO JUEGO,NINTENDO 3DS,45496742539,Zelda A Link Betwen Worlds 3DS,1,49.99,49.99
GM EL TIGRE,VIDEO JUEGO,PLAYSTATION 3 - PS3 ,711719051343,Minecraft PS3,1,29.99,29.99
GM EL TIGRE,ACCESORIO,NINTENDO 3DS,45496891503,AC Adapter Nintendo 3DS ,1,19.99,19.99
GM EL TIGRE,ACCESORIO,NINTENDO 3DS,45496891503,AC Adapter Nintendo 3DS ,1,19.99,19.99
GM EL TIGRE,ACCESORIO,NINTENDO 3DS,45496891503,AC Adapter Nintendo 3DS ,1,17.99,17.99
GM EL TIGRE,ACCESORIO,NINTENDO 3DS,45496891503,AC Adapter Nintendo 3DS ,1,19.99,19.99
GM EL TIGRE,ACCESORIO,NINTENDO 3DS,45496891503,AC Adapter Nintendo 3DS ,1,19.99,19.99
GM EL TIGRE,ACCESORIO,TARJETAS,711719039792,PSN Plus 3 Month,1,24.99,24.99
GM EL TIGRE,VIDEO JUEGO,PLAYSTATION 3 - PS3 ,711719051343,Minecraft PS3,1,29.99,29.99
GM EL TIGRE,VIDEO JUEGO,PLAYSTATION 3 - PS3 ,47875874251,COD Advanced Wa.15 BONU  PS3,1,69.99,69.99
GM EL TIGRE,VIDEO JUEGO,PLAYSTATION 3 - PS3 ,711719051343,Minecraft PS3,1,29.99,29.99
GM EL TIGRE,VIDEO JUEGO,PLAYSTATION 3 - PS3 ,47875874251,COD Advanced Wa.15 BONU  PS3,1,69.99,69.99
GM EL TIGRE,ACCESORIO,TARJETAS,711719039792,PSN Plus 3 Month,1,24.99,24.99
GM EL TIGRE,ACCESORIO,TARJETAS,711719039792,PSN Plus 3 Month,1,24.99,24.99
GM EL TIGRE,ACCESORIO,TARJETAS,711719039792,PSN Plus 3 Month,1,24.99,24.99
GM EL TIGRE,ACCESORIO,TARJETAS,711719039792,PSN Plus 3 Month,1,24.99,24.99
GM EL TIGRE,VIDEO JUEGO,PS VITA,711719221883,God of War - PSVITA,1,39.99,39.99
GM EL TIGRE,VIDEO JUEGO,PS VITA,711719221883,God of War - PSVITA,1,39.99,39.99
GM EL TIGRE,VIDEO JUEGO,PS VITA,14633197488,NFS Most Wanted PSV,1,29.99,29.99
GM EL TIGRE,AUDIFONOS,SKULLCANDY,878615071131,SkullCandy Ink'd 2.0 Paul FMic,1,9.99,9.99
GM EL TIGRE,AUDIFONOS,SKULLCANDY,878615071131,SkullCandy Ink'd 2.0 Paul FMic,1,8.99,8.99
GM EL TIGRE,ACCESORIO,TARJETAS,711719039808,PSN Plus 1 Year,1,69.99,69.99
GM EL TIGRE,ACCESORIO,TARJETAS,711719039808,PSN Plus 1 Year,1,69.99,69.99
GM EL TIGRE,ACCESORIO,TARJETAS,711719039808,PSN Plus 1 Year,1,69.99,69.99
GM EL TIGRE,ACCESORIO,TARJETAS,711719039808,PSN Plus 1 Year,1,69.99,69.99
GM EL TIGRE,ACCESORIO,TARJETAS,711719039808,PSN Plus 1 Year,1,69.99,69.99
GM EL TIGRE,ACCESORIO,TARJETAS,711719039808,PSN Plus 1 Year,1,69.99,69.99
GM EL TIGRE,ACCESORIO,TARJETAS,711719039808,PSN Plus 1 Year,1,69.99,69.99
GM EL TIGRE,ACCESORIO,TARJETAS,711719039808,PSN Plus 1 Year,1,69.99,69.99
GM EL TIGRE,ACCESORIO,TARJETAS,711719039808,PSN Plus 1 Year,1,69.99,69.99
GM EL TIGRE,ACCESORIO,TARJETAS,711719039808,PSN Plus 1 Year,1,69.99,69.99
GM EL TIGRE,ACCESORIO,TARJETAS,711719039808,PSN Plus 1 Year,1,69.99,69.99
GM EL TIGRE,VIDEO JUEGO,PS VITA,711719221883,God of War - PSVITA,1,39.99,39.99
GM EL TIGRE,VIDEO JUEGO,PS VITA,14633197488,NFS Most Wanted PSV,1,29.99,29.99
GM EL TIGRE,VIDEO JUEGO,PS VITA,14633197488,NFS Most Wanted PSV,1,29.99,29.99
GM EL TIGRE,ACCESORIO,TARJETAS,711719039792,PSN Plus 3 Month,1,24.99,24.99
GM EL TIGRE,VIDEO JUEGO,PS VITA,711719221883,God of War - PSVITA,1,39.99,39.99
GM EL TIGRE,VIDEO JUEGO,PS VITA,14633197488,NFS Most Wanted PSV,1,29.99,29.99
GM EL TIGRE,ACCESORIO,PLAYSTATION 3,711719990154,Dualshock 3 Rosado,1,59.99,59.99
GM EL TIGRE,ACCESORIO,PLAYSTATION 3,711719990154,Dualshock 3 Rosado,1,59.99,59.99
GM EL TIGRE,ACCESORIO,TARJETAS,711719039792,PSN Plus 3 Month,1,24.99,24.99
GM EL TIGRE,ACCESORIO,TARJETAS,711719039792,PSN Plus 3 Month,1,23.37,23.37
GM EL TIGRE,ACCESORIO,TARJETAS,711719039792,PSN Plus 3 Month,1,24.99,24.99
GM EL TIGRE,ACCESORIO,TARJETAS,711719039792,PSN Plus 3 Month,1,24.99,24.99
GM EL TIGRE,VIDEO JUEGO,PLAYSTATION 3 - PS3 ,711719051343,Minecraft PS3,1,29.99,29.99
GM EL TIGRE,VIDEO JUEGO,PLAYSTATION 3 - PS3 ,711719051343,Minecraft PS3,1,29.99,29.99
GM EL TIGRE,VIDEO JUEGO,PLAYSTATION 3 - PS3 ,711719051343,Minecraft PS3,1,29.99,29.99
GM EL TIGRE,ACCESORIO,TOYS 2 LIFE,712725027261,Disney infinity 3.0 Kylo Ren ,1,19.99,19.99
GM EL TIGRE,VIDEO JUEGO,PLAYSTATION 4- PS4,883929366927,Lego MarvelSuper Heroes - PS4,1,39.99,39.99
GM EL TIGRE,VIDEO JUEGO,PLAYSTATION 4- PS4,883929366927,Lego MarvelSuper Heroes - PS4,1,39.99,39.99
GM EL TIGRE,ACCESORIO,PLAYSTATION 4 - PS4,711719039631,Dualshock 4 Azul - PS4,1,69.99,69.99
GM EL TIGRE,ACCESORIO,PLAYSTATION 4 - PS4,711719039617,Dualshock 4 Rojo - PS4,1,69.99,69.99
GM EL TIGRE,ACCESORIO,PLAYSTATION 4 - PS4,711719039617,Dualshock 4 Rojo - PS4,1,69.99,69.99
GM EL TIGRE,ACCESORIO,PLAYSTATION 4 - PS4,711719100393,Dualshock 4 Negro - PS4,1,69.99,69.99
GM EL TIGRE,ACCESORIO,PLAYSTATION 4 - PS4,711719039631,Dualshock 4 Azul - PS4,1,62.99,62.99
GM EL TIGRE,ACCESORIO,PLAYSTATION 4 - PS4,711719039631,Dualshock 4 Azul - PS4,1,69.99,69.99
GM EL TIGRE,ACCESORIO,PLAYSTATION 4 - PS4,711719051473,Dualshock 4 Blanco - PS4,1,69.99,69.99
GM EL TIGRE,ACCESORIO,PLAYSTATION 4 - PS4,711719039631,Dualshock 4 Azul - PS4,1,69.99,69.99
GM EL TIGRE,ACCESORIO,PLAYSTATION 4 - PS4,711719039617,Dualshock 4 Rojo - PS4,1,69.99,69.99
GM EL TIGRE,ACCESORIO,PLAYSTATION 4 - PS4,711719100393,Dualshock 4 Negro - PS4,1,69.99,69.99
GM EL TIGRE,ACCESORIO,PLAYSTATION 4 - PS4,711719039617,Dualshock 4 Rojo - PS4,1,69.99,69.99
GM EL TIGRE,ACCESORIO,PLAYSTATION 4 - PS4,711719051473,Dualshock 4 Blanco - PS4,1,69.99,69.99
GM EL TIGRE,ACCESORIO,PLAYSTATION 4 - PS4,711719039631,Dualshock 4 Azul - PS4,1,69.99,69.99
GM EL TIGRE,ACCESORIO,PLAYSTATION 4 - PS4,711719100393,Dualshock 4 Negro - PS4,1,69.99,69.99
GM EL TIGRE,ACCESORIO,PLAYSTATION 4 - PS4,711719051473,Dualshock 4 Blanco - PS4,1,69.99,69.99
GM EL TIGRE,ACCESORIO,PLAYSTATION 4 - PS4,711719039631,Dualshock 4 Azul - PS4,1,65.42,65.42
GM EL TIGRE,ACCESORIO,PLAYSTATION 4 - PS4,711719039631,Dualshock 4 Azul - PS4,1,69.99,69.99
GM EL TIGRE,ACCESORIO,PLAYSTATION 4 - PS4,711719039617,Dualshock 4 Rojo - PS4,1,69.99,69.99
GM EL TIGRE,ACCESORIO,PLAYSTATION 4 - PS4,711719039631,Dualshock 4 Azul - PS4,1,69.64,69.64
GM EL TIGRE,ACCESORIO,PLAYSTATION 4 - PS4,711719039617,Dualshock 4 Rojo - PS4,1,69.99,69.99
GM EL TIGRE,VIDEO JUEGO,PLAYSTATION 3 - PS3 ,711719811121,God Of War III FAV - PS3,1,19.99,19.99
GM EL TIGRE,VIDEO JUEGO,PLAYSTATION 3 - PS3 ,711719992790,King Of Fighters 13 FAV - PS3,1,19.99,19.99
GM EL TIGRE,VIDEO JUEGO,PLAYSTATION 3 - PS3 ,711719811121,God Of War III FAV - PS3,1,19.99,19.99
GM EL TIGRE,VIDEO JUEGO,PLAYSTATION 3 - PS3 ,711719039372,Darksiders FAV - PS3,1,19.99,19.99
GM EL TIGRE,VIDEO JUEGO,PLAYSTATION 3 - PS3 ,13388340576,Street Figther 4 Arcad FAV PS3,1,19.99,19.99
GM EL TIGRE,VIDEO JUEGO,PLAYSTATION 3 - PS3 ,711719817628,Resistance 3 FAV - PS3,1,19.99,19.99
GM EL TIGRE,VIDEO JUEGO,PLAYSTATION 3 - PS3 ,711719992790,King Of Fighters 13 FAV - PS3,1,19.99,19.99
GM EL TIGRE,VIDEO JUEGO,PLAYSTATION 3 - PS3 ,711719811121,God Of War III FAV - PS3,1,19.99,19.99
GM EL TIGRE,VIDEO JUEGO,PLAYSTATION 3 - PS3 ,13388340576,Street Figther 4 Arcad FAV PS3,1,19.99,19.99
GM EL TIGRE,VIDEO JUEGO,PLAYSTATION 3 - PS3 ,10086690552,Sonic Generations FAV PS3,1,19.99,19.99
GM EL TIGRE,VIDEO JUEGO,PLAYSTATION 3 - PS3 ,722674111911,Saint Seiya Soldiers Soul PS3,1,39.99,39.99
GM EL TIGRE,ACCESORIO,PLAYSTATION 3,711719990062,Dualshock negro PS3,1,59.99,59.99
GM EL TIGRE,CONSOLAS,PLAYSTATION 4 - PS4,711719502470,PS4 Uncharted Collect Bundle ,1,449.99,449.99
GM EL TIGRE,CONSOLAS,PLAYSTATION 4 - PS4,711719503040,PS4 Fifa 16 Bundle,1,499.99,499.99
GM EL TIGRE,CONSOLAS,PLAYSTATION 4 - PS4,711719502470,PS4 Uncharted Collect Bundle ,1,449.99,449.99
GM EL TIGRE,CONSOLAS,PLAYSTATION 4 - PS4,711719502470,PS4 Uncharted Collect Bundle ,1,399.99,399.99
GM EL TIGRE,CONSOLAS,PLAYSTATION 4 - PS4,711719502470,PS4 Uncharted Collect Bundle ,1,449.99,449.99
GM EL TIGRE,CONSOLAS,PLAYSTATION 4 - PS4,711719502470,PS4 Uncharted Collect Bundle ,1,400.0,400.0
GM EL TIGRE,CONSOLAS,PLAYSTATION 4 - PS4,711719502470,PS4 Uncharted Collect Bundle ,1,449.99,449.99
GM EL TIGRE,ACCESORIO,PLAYSTATION 3,711719990062,Dualshock negro PS3,1,59.99,59.99
GM EL TIGRE,ACCESORIO,PLAYSTATION 3,711719984757,Dualshock 3 Azul PS3,1,59.99,59.99
GM EL TIGRE,ACCESORIO,PLAYSTATION 3,711719984757,Dualshock 3 Azul PS3,1,59.99,59.99
GM EL TIGRE,ACCESORIO,PLAYSTATION 3,711719984757,Dualshock 3 Azul PS3,1,59.99,59.99
GM EL TIGRE,ACCESORIO,PLAYSTATION 4 - PS4,711719039617,Dualshock 4 Rojo - PS4,1,62.99,62.99
GM EL TIGRE,ACCESORIO,PLAYSTATION 4 - PS4,711719051473,Dualshock 4 Blanco - PS4,1,69.99,69.99
GM EL TIGRE,ACCESORIO,PLAYSTATION 4 - PS4,711719100393,Dualshock 4 Negro - PS4,1,69.99,69.99
GM EL TIGRE,ACCESORIO,PLAYSTATION 4 - PS4,711719039617,Dualshock 4 Rojo - PS4,1,69.99,69.99
GM EL TIGRE,ACCESORIO,PLAYSTATION 4 - PS4,711719039617,Dualshock 4 Rojo - PS4,1,69.99,69.99
GM EL TIGRE,ACCESORIO,PLAYSTATION 4 - PS4,711719039617,Dualshock 4 Rojo - PS4,1,69.99,69.99
GM EL TIGRE,ACCESORIO,PLAYSTATION 4 - PS4,711719100393,Dualshock 4 Negro - PS4,1,69.99,69.99
GM EL TIGRE,ACCESORIO,PLAYSTATION 4 - PS4,711719039617,Dualshock 4 Rojo - PS4,1,69.99,69.99
GM EL TIGRE,ACCESORIO,PLAYSTATION 4 - PS4,711719039617,Dualshock 4 Rojo - PS4,1,69.99,69.99
GM EL TIGRE,AUDIFONOS,GAMING,711719100294,Wireless Headset Gold ,1,116.99,116.99
GM EL TIGRE,CONSOLAS,PLAYSTATION 4 - PS4,711719502470,PS4 Uncharted Collect Bundle ,1,449.99,449.99
GM EL TIGRE,CONSOLAS,PLAYSTATION 4 - PS4,711719501985,PS4 Star Wars Bundle,1,549.99,549.99
GM EL TIGRE,CONSOLAS,PLAYSTATION 4 - PS4,711719502104,PS4 God of War Bundle,1,499.99,499.99
GM EL TIGRE,CONSOLAS,PLAYSTATION 4 - PS4,711719502470,PS4 Uncharted Collect Bundle ,1,449.99,449.99
GM EL TIGRE,CONSOLAS,PLAYSTATION 4 - PS4,711719502470,PS4 Uncharted Collect Bundle ,1,499.99,499.99
GM EL TIGRE,CONSOLAS,PLAYSTATION 4 - PS4,711719502104,PS4 God of War Bundle,1,499.99,499.99
GM EL TIGRE,CONSOLAS,PLAYSTATION 4 - PS4,711719503040,PS4 Fifa 16 Bundle,1,499.99,499.99
GM EL TIGRE,CONSOLAS,PLAYSTATION 4 - PS4,711719503040,PS4 Fifa 16 Bundle,1,499.99,499.99
GM EL TIGRE,CONSOLAS,PLAYSTATION 4 - PS4,711719501862,PS4 Destiny Taken King Bundle,1,549.99,549.99
GM EL TIGRE,CONSOLAS,PLAYSTATION 4 - PS4,711719503040,PS4 Fifa 16 Bundle,1,499.99,499.99
GM EL TIGRE,CONSOLAS,PLAYSTATION 4 - PS4,711719503040,PS4 Fifa 16 Bundle,1,499.99,499.99
GM EL TIGRE,CONSOLAS,PLAYSTATION 4 - PS4,711719502470,PS4 Uncharted Collect Bundle ,1,449.99,449.99
GM EL TIGRE,VIDEO JUEGO,PLAYSTATION 4- PS4,711719047315,Uncharted 4 A Thief's End PS4,1,69.99,69.99
GM EL TIGRE,VIDEO JUEGO,PLAYSTATION 4- PS4,711719501312,God of war III remast.PS4,1,49.99,49.99
GM EL TIGRE,VIDEO JUEGO,PLAYSTATION 4- PS4,711719051817,The Last of Us PS4,1,59.99,59.99
 GM MULTI PLAZA,No data,No data,No data,No data,240,,12223.6
GM MULTI PLAZA,ACCESORIO,NINTENDO 3DS,873124005394,Hard Pouch Pikachu 3DSXL NEW,1,19.99,19.99
GM MULTI PLAZA,ACCESORIO,NINTENDO 3DS,4902370522242,Charging Station 3DS,1,19.99,19.99
GM MULTI PLAZA,ACCESORIO,NINTENDO WIIU,873124005363,Silicone procte Splatoon Wiiu ,1,19.99,19.99
GM MULTI PLAZA,VIDEO JUEGO,PLAYSTATION 4- PS4,883929474110,Lego marvel avengers PS4,1,69.99,69.99
GM MULTI PLAZA,VIDEO JUEGO,PLAYSTATION 4- PS4,883929474110,Lego marvel avengers PS4,1,69.99,69.99
GM MULTI PLAZA,VIDEO JUEGO,PLAYSTATION 4- PS4,883929474110,Lego marvel avengers PS4,1,69.99,69.99
GM MULTI PLAZA,VIDEO JUEGO,PLAYSTATION 3 - PS3 ,10086690217,Sonic Unleashed - PS3,1,29.99,29.99
GM MULTI PLAZA,ACCESORIO,PLAYSTATION 4 - PS4,804551664649,Thumb Grips orange PS4 ,1,9.99,9.99
GM MULTI PLAZA,VIDEO JUEGO,PLAYSTATION 3 - PS3 ,711719053033,Ninja Gaiden 3  PS3,1,19.99,19.99
GM MULTI PLAZA,VIDEO JUEGO,PLAYSTATION 3 - PS3 ,711719817727,Sport Champions PS3,1,19.99,19.99
GM MULTI PLAZA,VIDEO JUEGO,PLAYSTATION 3 - PS3 ,711719812326,Uncharted 2 Among T FAV - PS3,1,19.99,19.99
GM MULTI PLAZA,VIDEO JUEGO,PLAYSTATION 3 - PS3 ,722674111904,J-STARS VICTORY + PS3,1,59.99,59.99
GM MULTI PLAZA,VIDEO JUEGO,PLAYSTATION 3 - PS3 ,883929241309,Mortal Kombat Komplete Ed PS3,1,39.99,39.99
GM MULTI PLAZA,VIDEO JUEGO,PLAYSTATION 4- PS4,14633735499,Fifa 16 PS4,1,59.99,59.99
GM MULTI PLAZA,VIDEO JUEGO,PLAYSTATION 4- PS4,13388937028,Street Fighter V - PS4,1,69.99,69.99
GM MULTI PLAZA,VIDEO JUEGO,PLAYSTATION 4- PS4,13388937028,Street Fighter V - PS4,1,69.99,69.99
GM MULTI PLAZA,VIDEO JUEGO,PLAYSTATION 4- PS4,14633368796,NHL 16 PS4,1,69.99,69.99
GM MULTI PLAZA,VIDEO JUEGO,PLAYSTATION 4- PS4,14633370461,Star Wars Battlefront PS4,1,69.99,69.99
GM MULTI PLAZA,VIDEO JUEGO,PLAYSTATION 4- PS4,722674120289,Dark Souls II PS4,1,49.99,49.99
GM MULTI PLAZA,VIDEO JUEGO,PLAYSTATION 4- PS4,812872018447,Sniper Elite 3 U.E PS4,1,39.99,39.99
GM MULTI PLAZA,VIDEO JUEGO,PLAYSTATION 4- PS4,722674120166,Dragon Ball Xenoverse PS4,1,69.99,69.99
GM MULTI PLAZA,VIDEO JUEGO,PLAYSTATION 4- PS4,722674120289,Dark Souls II PS4,1,39.99,39.99
GM MULTI PLAZA,VIDEO JUEGO,PLAYSTATION 4- PS4,13388937028,Street Fighter V - PS4,1,69.99,69.99
GM MULTI PLAZA,VIDEO JUEGO,PLAYSTATION 4- PS4,662248915869,Just Cause 3 PS4,1,49.99,49.99
GM MULTI PLAZA,VIDEO JUEGO,PLAYSTATION 4- PS4,14633370461,Star Wars Battlefront PS4,1,69.99,69.99
GM MULTI PLAZA,VIDEO JUEGO,XBOX ONE,14633369427,Star Wars Battlefront XONE,1,69.99,69.99
GM MULTI PLAZA,CONSOLAS,PS VITA,711719050681,PS Vita 2.0 Borderland 2,1,229.99,229.99
GM MULTI PLAZA,CONSOLAS,PS VITA,711719050681,PS Vita 2.0 Borderland 2,1,229.99,229.99
GM MULTI PLAZA,VIDEO JUEGO,NINTENDO WII U,883929326969,Lego Marvel Super Heroes WII U,1,29.99,29.99
GM MULTI PLAZA,VIDEO JUEGO,PLAYSTATION 3 - PS3 ,14633732290,Battlefield 4 PS3,1,29.99,29.99
GM MULTI PLAZA,VIDEO JUEGO,PLAYSTATION 3 - PS3 ,883929326976,Lego Marvel Super Heroes PS3,1,29.99,29.99
GM MULTI PLAZA,VIDEO JUEGO,PS VITA,711719220268,Uncharted Golden Abyss PSV,1,29.99,29.99
GM MULTI PLAZA,VIDEO JUEGO,PLAYSTATION 3 - PS3 ,14633732290,Battlefield 4 PS3,1,29.99,29.99
GM MULTI PLAZA,VIDEO JUEGO,PLAYSTATION 3 - PS3 ,883929326976,Lego Marvel Super Heroes PS3,1,29.99,29.99
GM MULTI PLAZA,VIDEO JUEGO,PLAYSTATION 3 - PS3 ,47875874367,COD Black Ops I + II C. PS3,1,49.99,49.99
GM MULTI PLAZA,VIDEO JUEGO,PLAYSTATION 3 - PS3 ,14633731804,Plants vs Zombies GW PS3,1,39.99,39.99
GM MULTI PLAZA,VIDEO JUEGO,PLAYSTATION 3 - PS3 ,14633731804,Plants vs Zombies GW PS3,1,39.99,39.99
GM MULTI PLAZA,VIDEO JUEGO,PS VITA,711719220268,Uncharted Golden Abyss PSV,1,29.99,29.99
GM MULTI PLAZA,VIDEO JUEGO,PS VITA,10086620023,Sonic all stars racing PSVITA,1,29.99,29.99
GM MULTI PLAZA,VIDEO JUEGO,PLAYSTATION 4- PS4,711719053293,Minecraft PS4,1,29.99,29.99
GM MULTI PLAZA,VIDEO JUEGO,PLAYSTATION 4- PS4,711719053293,Minecraft PS4,1,29.99,29.99
GM MULTI PLAZA,VIDEO JUEGO,PLAYSTATION 4- PS4,887256014711,Rainbow Six PS4,1,69.99,69.99
GM MULTI PLAZA,VIDEO JUEGO,PLAYSTATION 4- PS4,887256014711,Rainbow Six PS4,1,69.99,69.99
GM MULTI PLAZA,VIDEO JUEGO,PS VITA,14633365900,Fifa 14 PSVITA,1,29.99,29.99
GM MULTI PLAZA,VIDEO JUEGO,PLAYSTATION 4- PS4,711719100447,The Order 1886 PS4,1,39.99,39.99
GM MULTI PLAZA,VIDEO JUEGO,PLAYSTATION 4- PS4,47875846791,COD Ghost PS4,1,39.99,39.99
GM MULTI PLAZA,VIDEO JUEGO,XBOX 360,710425494222,Bioshock Infinite T.C.E  XBOX3,1,29.99,29.99
GM MULTI PLAZA,VIDEO JUEGO,XBOX 360,712725027575,Disney Infinity 3.0 S.P  X360,1,89.99,89.99
GM MULTI PLAZA,VIDEO JUEGO,XBOX 360,710425496561,NBA 2K16 Xbox 360,1,69.99,69.99
GM MULTI PLAZA,VIDEO JUEGO,NINTENDO 3DS,883929474189,Lego marvel avengers 3DS,1,39.99,39.99
GM MULTI PLAZA,VIDEO JUEGO,NINTENDO 3DS,883929474189,Lego marvel avengers 3DS,1,39.99,39.99
GM MULTI PLAZA,VIDEO JUEGO,NINTENDO 3DS,662248916576,Final fantasy Explorers 3DS ,1,49.99,49.99
GM MULTI PLAZA,VIDEO JUEGO,NINTENDO 3DS,853466001711,Story of Seasons 3DS,1,29.99,29.99
GM MULTI PLAZA,VIDEO JUEGO,PLAYSTATION 3 - PS3 ,883929474080,Lego marvel avengers PS3,1,59.99,59.99
GM MULTI PLAZA,VIDEO JUEGO,PLAYSTATION 3 - PS3 ,47875840591,COD 4 - PS3,1,19.99,19.99
GM MULTI PLAZA,VIDEO JUEGO,PLAYSTATION 3 - PS3 ,883929474080,Lego marvel avengers PS3,1,59.99,59.99
GM MULTI PLAZA,VIDEO JUEGO,PLAYSTATION 3 - PS3 ,47875849341,The Amazing Spiderman 2- PS3,1,59.99,59.99
GM MULTI PLAZA,VIDEO JUEGO,PLAYSTATION 3 - PS3 ,722674111157,Saint Seiya Brave Soldiers PS3,1,29.99,29.99
GM MULTI PLAZA,VIDEO JUEGO,PLAYSTATION 3 - PS3 ,47875840591,COD 4 - PS3,1,19.99,19.99
GM MULTI PLAZA,ACCESORIO,TARJETAS,76750020322,iTunes $25,2,26.99,53.98
GM MULTI PLAZA,ACCESORIO,TARJETAS,711719478102,PSN $20,1,29.99,29.99
GM MULTI PLAZA,ACCESORIO,TARJETAS,799366114901,Nintendo eShop $10,2,15.99,31.98
GM MULTI PLAZA,ACCESORIO,TARJETAS,711719432500,PSN $10,1,15.99,15.99
GM MULTI PLAZA,ACCESORIO,TARJETAS,799366552260,PSN $50,1,69.99,69.99
GM MULTI PLAZA,ACCESORIO,TARJETAS,TARJETAITUNES15,iTunes $15,1,16.99,16.99
GM MULTI PLAZA,ACCESORIO,TARJETAS,799366104667,Nintendo eShop $20,1,29.99,29.99
GM MULTI PLAZA,VIDEO JUEGO,PS VITA,14633368055,Fifa 15 PSVITA ,1,39.99,39.99
GM MULTI PLAZA,VIDEO JUEGO,NINTENDO WII U,883929474066,Lego marvel avengers Wiiu,1,59.99,59.99
GM MULTI PLAZA,VIDEO JUEGO,PLAYSTATION 3 - PS3 ,710425473043,GTA V PS3,1,59.99,59.99
GM MULTI PLAZA,VIDEO JUEGO,PLAYSTATION 3 - PS3 ,883929408184,Shadow of Mordor PS3,1,29.99,29.99
GM MULTI PLAZA,VIDEO JUEGO,XBOX ONE,883929426539,Mortal Kombat X XONE,1,69.99,69.99
GM MULTI PLAZA,VIDEO JUEGO,XBOX ONE,710425495281,GTA V XONE,1,69.99,69.99
GM MULTI PLAZA,VIDEO JUEGO,XBOX ONE,883929474097,Lego marvel avengers XB1,1,69.99,69.99
GM MULTI PLAZA,VIDEO JUEGO,XBOX ONE,887256014728,Rainbow Six XONE,1,69.99,69.99
GM MULTI PLAZA,VIDEO JUEGO,XBOX ONE,662248915852,Just Cause 3 XONE,1,69.99,69.99
GM MULTI PLAZA,VIDEO JUEGO,XBOX ONE,14633734553,Fifa 16 XONE,1,59.99,59.99
GM MULTI PLAZA,VIDEO JUEGO,XBOX ONE,14633733082,Madden 15 XONE,1,39.99,39.99
GM MULTI PLAZA,VIDEO JUEGO,PLAYSTATION 3 - PS3 ,14633197457,NFS Most Wanted PS3,1,29.99,29.99
GM MULTI PLAZA,VIDEO JUEGO,PLAYSTATION 3 - PS3 ,883929472888,Lego jurassic World PS3,1,49.99,49.99
GM MULTI PLAZA,VIDEO JUEGO,PLAYSTATION 3 - PS3 ,883929327157,Batman Arkham Origins PS3,1,29.99,29.99
GM MULTI PLAZA,VIDEO JUEGO,PLAYSTATION 3 - PS3 ,710425377808,GTA Episod.  Liberty City -PS3,1,29.99,29.99
GM MULTI PLAZA,VIDEO JUEGO,PLAYSTATION 3 - PS3 ,83717203087,PES 16-PS3,1,24.99,24.99
GM MULTI PLAZA,VIDEO JUEGO,XBOX 360,887256014612,Just Dance 2016- XBOX 360,1,49.99,49.99
GM MULTI PLAZA,VIDEO JUEGO,NINTENDO 3DS,45496741723,Super Mario 3DLand 3DS,1,39.99,39.99
GM MULTI PLAZA,VIDEO JUEGO,NINTENDO 3DS,45496742928,Pokemon Omega Ruby 3DS,1,49.99,49.99
GM MULTI PLAZA,VIDEO JUEGO,NINTENDO 3DS,45496742423,Donkey kong cou returs SEL 3DS,1,39.99,39.99
GM MULTI PLAZA,VIDEO JUEGO,NINTENDO 3DS,45496743345,Zelda Tri Force 3DS,1,49.99,49.99
GM MULTI PLAZA,VIDEO JUEGO,NINTENDO 3DS,45496743598,Mario & Luigi: Paper Jam 3DS,1,49.99,49.99
GM MULTI PLAZA,VIDEO JUEGO,NINTENDO 3DS,10086611113,Sonic Lost world 3DS,1,29.99,29.99
GM MULTI PLAZA,VIDEO JUEGO,NINTENDO 3DS,45496743345,Zelda Tri Force 3DS,1,49.99,49.99
GM MULTI PLAZA,VIDEO JUEGO,NINTENDO 3DS,45496743154,Fire Emblem Fates Birth 3DS,1,49.99,49.99
GM MULTI PLAZA,VIDEO JUEGO,NINTENDO 3DS,45496743406,Fire Emblem Fates Conquest 3DS,1,49.99,49.99
GM MULTI PLAZA,VIDEO JUEGO,NINTENDO 3DS,45496743314,Pokemon Super Mystery Dung.3DS,1,49.99,49.99
GM MULTI PLAZA,VIDEO JUEGO,PLAYSTATION 4- PS4,722674120388,Naruto Shippuden UNS4 PS4,1,69.99,69.99
GM MULTI PLAZA,ACCESORIO,TARJETAS,TARJETAITUNES15,iTunes $15,2,16.99,33.98
GM MULTI PLAZA,ACCESORIO,TARJETAS,799366104667,Nintendo eShop $20,1,29.99,29.99
GM MULTI PLAZA,ACCESORIO,TARJETAS,711719478102,PSN $20,1,29.99,29.99
GM MULTI PLAZA,ACCESORIO,TARJETAS,799366114901,Nintendo eShop $10,1,15.99,15.99
GM MULTI PLAZA,ACCESORIO,TARJETAS,711719432500,PSN $10,1,15.99,15.99
GM MULTI PLAZA,ACCESORIO,TARJETAS,76750020322,iTunes $25,1,26.99,26.99
GM MULTI PLAZA,ACCESORIO,TARJETAS,799366552260,PSN $50,1,69.99,69.99
GM MULTI PLAZA,ACCESORIO,TARJETAS,711719432500,PSN $10,1,15.99,15.99
GM MULTI PLAZA,ACCESORIO,TARJETAS,799366114901,Nintendo eShop $10,2,15.99,31.98
GM MULTI PLAZA,ACCESORIO,TARJETAS,799366114901,Nintendo eShop $10,1,15.99,15.99
GM MULTI PLAZA,ACCESORIO,TARJETAS,711719478102,PSN $20,1,29.99,29.99
GM MULTI PLAZA,ACCESORIO,TARJETAS,711719478102,PSN $20,1,29.99,29.99
GM MULTI PLAZA,ACCESORIO,TARJETAS,799366114901,Nintendo eShop $10,3,15.99,47.97
GM MULTI PLAZA,ACCESORIO,TARJETAS,799366114901,Nintendo eShop $10,1,15.99,15.99
GM MULTI PLAZA,ACCESORIO,TARJETAS,711719478102,PSN $20,1,29.99,29.99
GM MULTI PLAZA,ACCESORIO,TARJETAS,711719432500,PSN $10,1,15.99,15.99
GM MULTI PLAZA,ACCESORIO,TARJETAS,711719478102,PSN $20,1,29.99,29.99
GM MULTI PLAZA,VIDEO JUEGO,PLAYSTATION 4- PS4,722674120388,Naruto Shippuden UNS4 PS4,1,49.99,49.99
GM MULTI PLAZA,VIDEO JUEGO,PLAYSTATION 4- PS4,83717203063,PES 16 PS4,1,34.99,34.99
GM MULTI PLAZA,VIDEO JUEGO,PLAYSTATION 4- PS4,722674120388,Naruto Shippuden UNS4 PS4,1,69.99,69.99
GM MULTI PLAZA,VIDEO JUEGO,PLAYSTATION 4- PS4,722674120388,Naruto Shippuden UNS4 PS4,1,69.99,69.99
GM MULTI PLAZA,VIDEO JUEGO,PLAYSTATION 4- PS4,722674120388,Naruto Shippuden UNS4 PS4,1,69.99,69.99
GM MULTI PLAZA,AUDIFONOS,GAMING,728658041182,Headset Wireless Kunai Blanco,1,89.99,89.99
GM MULTI PLAZA,AUDIFONOS,GAMING,728658041182,Headset Wireless Kunai Blanco,1,89.99,89.99
GM MULTI PLAZA,VIDEO JUEGO,PLAYSTATION 4- PS4,710425475290,GTA V PS4,1,69.99,69.99
GM MULTI PLAZA,VIDEO JUEGO,PLAYSTATION 4- PS4,722674120388,Naruto Shippuden UNS4 PS4,1,69.99,69.99
GM MULTI PLAZA,VIDEO JUEGO,PLAYSTATION 4- PS4,883929427352,Lego Batman 3 B. G PS4,1,39.99,39.99
GM MULTI PLAZA,VIDEO JUEGO,PLAYSTATION 4- PS4,710425475290,GTA V PS4,1,69.99,69.99
GM MULTI PLAZA,VIDEO JUEGO,PLAYSTATION 4- PS4,14633368611,NFS PS4,1,69.99,69.99
GM MULTI PLAZA,VIDEO JUEGO,PLAYSTATION 4- PS4,722674120388,Naruto Shippuden UNS4 PS4,1,69.99,69.99
GM MULTI PLAZA,VIDEO JUEGO,PLAYSTATION 4- PS4,710425475290,GTA V PS4,1,69.99,69.99
GM MULTI PLAZA,VIDEO JUEGO,PLAYSTATION 4- PS4,887256015626,The Crew wild run PS4,1,59.99,59.99
GM MULTI PLAZA,VIDEO JUEGO,PLAYSTATION 4- PS4,722674120388,Naruto Shippuden UNS4 PS4,1,69.99,69.99
GM MULTI PLAZA,VIDEO JUEGO,PLAYSTATION 4- PS4,722674120371,J-STARS VICTORY + PS4,1,69.99,69.99
GM MULTI PLAZA,VIDEO JUEGO,PLAYSTATION 4- PS4,710425475290,GTA V PS4,1,69.99,69.99
GM MULTI PLAZA,VIDEO JUEGO,PLAYSTATION 4- PS4,894515001689,Minecraft Story Mode  PS4,1,39.99,39.99
GM MULTI PLAZA,VIDEO JUEGO,PLAYSTATION 4- PS4,894515001689,Minecraft Story Mode  PS4,1,39.99,39.99
GM MULTI PLAZA,VIDEO JUEGO,PS VITA,883929331086,Injustice Gods Among UL PSVITA,1,29.99,29.99
GM MULTI PLAZA,VIDEO JUEGO,PS VITA,813633013626,Discaea 4 PSVITA,1,29.99,29.99
GM MULTI PLAZA,ACCESORIO,TOYS 2 LIFE,712725027537,Disney infinity 3.0 Yoda Lig,1,19.99,19.99
GM MULTI PLAZA,VIDEO JUEGO,PLAYSTATION 4- PS4,710425476785,WWE 2k16 -PS4,1,69.99,69.99
GM MULTI PLAZA,ACCESORIO,NINTENDO WIIU,45496892470,Wii Remote Plus Yoshi,1,49.99,49.99
GM MULTI PLAZA,VIDEO JUEGO,XBOX ONE,47875874688,COD BLACK OPS III XONE,1,69.99,69.99
GM MULTI PLAZA,VIDEO JUEGO,XBOX ONE,887256014629,Just Dance 2016 XONE,1,59.99,59.99
GM MULTI PLAZA,VIDEO JUEGO,NINTENDO WII U,45496903367,Mario Kart 8 Wii U,1,69.99,69.99
GM MULTI PLAZA,VIDEO JUEGO,NINTENDO WII U,45496903435,Hyrule Warriors WiiU,1,69.99,69.99
GM MULTI PLAZA,VIDEO JUEGO,NINTENDO WII U,887256014605,Just Dance 2016 Wii U,1,59.99,59.99
GM MULTI PLAZA,VIDEO JUEGO,NINTENDO WII U,45496903756,Super Mario Maker Wii U,1,69.99,69.99
GM MULTI PLAZA,VIDEO JUEGO,NINTENDO WII U,45496903756,Super Mario Maker Wii U,1,69.99,69.99
GM MULTI PLAZA,VIDEO JUEGO,NINTENDO WII U,45496903534,Yoshi's Woolly World Wii U,1,59.99,59.99
GM MULTI PLAZA,VIDEO JUEGO,NINTENDO WII U,887256014605,Just Dance 2016 Wii U,1,59.99,59.99
GM MULTI PLAZA,VIDEO JUEGO,NINTENDO WII U,45496903527,Splatoon Wii U,1,69.99,69.99
GM MULTI PLAZA,VIDEO JUEGO,NINTENDO WII U,45496902988,Pikmin 3 SEL WiiU,1,69.99,69.99
GM MULTI PLAZA,VIDEO JUEGO,NINTENDO WII U,887256014605,Just Dance 2016 Wii U,1,59.99,59.99
GM MULTI PLAZA,VIDEO JUEGO,NINTENDO WII U,45496903756,Super Mario Maker Wii U,1,69.99,69.99
GM MULTI PLAZA,VIDEO JUEGO,NINTENDO WII U,45496903404,Super Smash Bros Wii U,1,69.99,69.99
GM MULTI PLAZA,VIDEO JUEGO,PLAYSTATION 3 - PS3 ,47875874565,COD BLACK OPS III PS3,1,59.99,59.99
GM MULTI PLAZA,VIDEO JUEGO,NINTENDO Wii,887256014599,Just Dance 2016- Wii,1,49.99,49.99
GM MULTI PLAZA,VIDEO JUEGO,NINTENDO Wii,887256014599,Just Dance 2016- Wii,-1,49.99,-49.99
GM MULTI PLAZA,VIDEO JUEGO,NINTENDO Wii,887256014599,Just Dance 2016- Wii,1,49.99,49.99
GM MULTI PLAZA,VIDEO JUEGO,NINTENDO Wii,887256014599,Just Dance 2016- Wii,1,49.99,49.99
GM MULTI PLAZA,VIDEO JUEGO,PLAYSTATION 4- PS4,722674120388,Naruto Shippuden UNS4 PS4,1,69.99,69.99
GM MULTI PLAZA,VIDEO JUEGO,PLAYSTATION 4- PS4,722674120388,Naruto Shippuden UNS4 PS4,1,69.99,69.99
GM MULTI PLAZA,VIDEO JUEGO,PLAYSTATION 4- PS4,14633368611,NFS PS4,1,69.99,69.99
GM MULTI PLAZA,VIDEO JUEGO,PLAYSTATION 4- PS4,710425475290,GTA V PS4,1,69.99,69.99
GM MULTI PLAZA,ACCESORIO,TOYS 2 LIFE,712725027001,Disney infinity 3.0 Rise.3PA,1,49.99,49.99
GM MULTI PLAZA,ACCESORIO,TOYS 2 LIFE,712725027520,Disney infinity 3.0 Obi- W Lig,1,19.99,19.99
GM MULTI PLAZA,ACCESORIO,TOYS 2 LIFE,712725027018,Disney infinity 3.0 Chewbacca,1,19.99,19.99
GM MULTI PLAZA,ACCESORIO,TARJETAS,711719432500,PSN $10,1,15.99,15.99
GM MULTI PLAZA,VIDEO JUEGO,PLAYSTATION 4- PS4,14633368611,NFS PS4,1,69.99,69.99
GM MULTI PLAZA,VIDEO JUEGO,PLAYSTATION 4- PS4,710425475290,GTA V PS4,1,69.99,69.99
GM MULTI PLAZA,VIDEO JUEGO,PLAYSTATION 4- PS4,710425475290,GTA V PS4,1,69.99,69.99
GM MULTI PLAZA,VIDEO JUEGO,PLAYSTATION 4- PS4,722674120388,Naruto Shippuden UNS4 PS4,1,69.99,69.99
GM MULTI PLAZA,VIDEO JUEGO,PLAYSTATION 4- PS4,710425476570,NBA 2K16 PS4,1,69.99,69.99
GM MULTI PLAZA,ACCESORIO,TARJETAS,711719478102,PSN $20,1,29.99,29.99
GM MULTI PLAZA,ACCESORIO,TARJETAS,711719478102,PSN $20,1,29.99,29.99
GM MULTI PLAZA,ACCESORIO,TARJETAS,711719478102,PSN $20,2,29.99,59.98
GM MULTI PLAZA,ACCESORIO,TARJETAS,711719478102,PSN $20,1,29.99,29.99
GM MULTI PLAZA,ACCESORIO,TARJETAS,799366552260,PSN $50,1,69.99,69.99
GM MULTI PLAZA,ACCESORIO,TARJETAS,799366552260,PSN $50,1,69.99,69.99
GM MULTI PLAZA,CONSOLAS,XBOX360,885370862737,Xbox 360 500 GB C.O.D Ghost-BL,1,269.99,269.99
GM MULTI PLAZA,VIDEO JUEGO,PLAYSTATION 4- PS4,47875874602,COD BLACK OPS III PS4,1,69.99,69.99
GM MULTI PLAZA,VIDEO JUEGO,PLAYSTATION 4- PS4,47875874602,COD BLACK OPS III PS4,1,69.99,69.99
GM MULTI PLAZA,VIDEO JUEGO,PLAYSTATION 4- PS4,47875874602,COD BLACK OPS III PS4,1,69.99,69.99
GM MULTI PLAZA,VIDEO JUEGO,PLAYSTATION 4- PS4,47875874602,COD BLACK OPS III PS4,1,69.99,69.99
GM MULTI PLAZA,VIDEO JUEGO,PLAYSTATION 4- PS4,47875874442,Destiny The Taken King  PS4,1,69.99,69.99
GM MULTI PLAZA,VIDEO JUEGO,PLAYSTATION 4- PS4,93155160286,The Elder Scrolls Online PS4,1,69.99,69.99
GM MULTI PLAZA,VIDEO JUEGO,PLAYSTATION 4- PS4,93155170568,Fallout 4 PS4,1,69.99,69.99
GM MULTI PLAZA,ACCESORIO,TOYS 2 LIFE,45496892036,Amiibo Super Toad,1,19.99,19.99
GM MULTI PLAZA,ACCESORIO,TOYS 2 LIFE,45496891947,Amiibo Shulk,1,19.99,19.99
GM MULTI PLAZA,ACCESORIO,TOYS 2 LIFE,45496892043,Amiibo Super Bowser,1,19.99,19.99
GM MULTI PLAZA,ACCESORIO,PLAYSTATION 4 - PS4,849172002944,Cable cargador KMD - PS4,1,12.99,12.99
GM MULTI PLAZA,ACCESORIO,PLAYSTATION 4 - PS4,849172002944,Cable cargador KMD - PS4,1,12.99,12.99
GM MULTI PLAZA,ACCESORIO,PLAYSTATION 4 - PS4,849172004726,Vertical Stand 3 usb port  PS4,1,15.99,15.99
GM MULTI PLAZA,AUDIFONOS,GAMING,728658042066,Headset Kama PS4,1,39.99,39.99
GM MULTI PLAZA,AUDIFONOS,GAMING,728658041724,Headset Wired Kunai Negro ,1,79.99,79.99
GM MULTI PLAZA,ACCESORIO,PLAYSTATION 3,849172003446,Cable cargador Twin  KMD - PS3,1,19.99,19.99
GM MULTI PLAZA,ACCESORIO,PLAYSTATION 3,849172003446,Cable cargador Twin  KMD - PS3,1,19.99,19.99
GM MULTI PLAZA,ACCESORIO,PSVita,849172004634,Cable cargador KMD - Psvita,1,12.99,12.99
GM MULTI PLAZA,ACCESORIO,PSVita,849172004634,Cable cargador KMD - Psvita,1,12.99,12.99
GM MULTI PLAZA,ACCESORIO,NINTENDO WIIU,849172002616,Ac Adacter Wiiu,1,19.99,19.99
GM MULTI PLAZA,ACCESORIO,XBOX ONE,849172002920,Ac Adacter xbox one,1,39.99,39.99
GM MULTI PLAZA,ACCESORIO,XBOX 360,885370769050,Play & Charge KIt X360,1,29.99,29.99
GM MULTI PLAZA,ACCESORIO,XBOX 360,885370114805,Play and Charge Kit - Xbox360,1,29.99,29.99
GM MULTI PLAZA,ACCESORIO,XBOX 360,885370145717,Wired Control - XBOX360,1,49.99,49.99
GM MULTI PLAZA,ACCESORIO,PLAYSTATION 4 - PS4,711719051503,Dualshock 4 Camo - PS4,1,79.99,79.99
GM MULTI PLAZA,ACCESORIO,TARJETAS,711719039792,PSN Plus 3 Month,1,24.99,24.99
GM MULTI PLAZA,VIDEO JUEGO,PLAYSTATION 4- PS4,14633733808,Madden 16- PS4,1,69.99,69.99
GM MULTI PLAZA,ACCESORIO,NINTENDO WIIU,849172001251,Cable cargador KMD - Wiiu,1,12.99,12.99
GM MULTI PLAZA,ACCESORIO,NINTENDO WIIU,849172001251,Cable cargador KMD - Wiiu,1,12.99,12.99
GM MULTI PLAZA,ACCESORIO,NINTENDO 3DS,617885009761,Starter Kit Zelda 3DS,1,29.99,29.99
GM MULTI PLAZA,VIDEO JUEGO,PLAYSTATION 4- PS4,883929412341,Batman:Arkham Knight PS4,1,69.99,69.99
GM MULTI PLAZA,ACCESORIO,NINTENDO 3DS,663293105571,Traveler Game 3DS/XL/DSI,1,19.99,19.99
GM MULTI PLAZA,VIDEO JUEGO,XBOX 360,885370662351,Fable Anniversary XBOX ,1,49.99,49.99
GM MULTI PLAZA,VIDEO JUEGO,PLAYSTATION 3 - PS3 ,711719051343,Minecraft PS3,1,29.99,29.99
GM MULTI PLAZA,VIDEO JUEGO,PLAYSTATION 3 - PS3 ,711719051343,Minecraft PS3,1,29.99,29.99
GM MULTI PLAZA,ACCESORIO,TARJETAS,711719039792,PSN Plus 3 Month,1,24.99,24.99
GM MULTI PLAZA,ACCESORIO,TARJETAS,711719039792,PSN Plus 3 Month,1,24.99,24.99
GM MULTI PLAZA,ACCESORIO,TARJETAS,711719039792,PSN Plus 3 Month,1,24.99,24.99
GM MULTI PLAZA,ACCESORIO,TARJETAS,711719039792,PSN Plus 3 Month,1,24.99,24.99
GM MULTI PLAZA,VIDEO JUEGO,XBOX ONE,885370661521,Forza Motorsport 5 XONE,1,59.99,59.99
GM MULTI PLAZA,VIDEO JUEGO,PLAYSTATION 3 - PS3 ,711719051343,Minecraft PS3,1,29.99,29.99
GM MULTI PLAZA,ACCESORIO,TARJETAS,711719039792,PSN Plus 3 Month,1,24.99,24.99
GM MULTI PLAZA,ACCESORIO,TARJETAS,711719039792,PSN Plus 3 Month,1,24.99,24.99
GM MULTI PLAZA,ACCESORIO,TARJETAS,711719039808,PSN Plus 1 Year,1,69.99,69.99
GM MULTI PLAZA,ACCESORIO,TARJETAS,711719039792,PSN Plus 3 Month,1,24.99,24.99
GM MULTI PLAZA,ACCESORIO,TARJETAS,711719039792,PSN Plus 3 Month,1,24.99,24.99
GM MULTI PLAZA,ACCESORIO,TARJETAS,711719039792,PSN Plus 3 Month,1,24.99,24.99
GM MULTI PLAZA,ACCESORIO,TOYS 2 LIFE,47875877450,Skylanders Schargers BO 3 pack,1,49.99,49.99
GM MULTI PLAZA,ACCESORIO,PLAYSTATION 4 - PS4,711719039631,Dualshock 4 Azul - PS4,1,69.99,69.99
GM MULTI PLAZA,ACCESORIO,PLAYSTATION 4 - PS4,711719039631,Dualshock 4 Azul - PS4,1,69.99,69.99
GM MULTI PLAZA,ACCESORIO,PLAYSTATION 4 - PS4,711719051473,Dualshock 4 Blanco - PS4,1,69.99,69.99
GM MULTI PLAZA,ACCESORIO,PLAYSTATION 4 - PS4,711719100393,Dualshock 4 Negro - PS4,1,69.99,69.99
GM MULTI PLAZA,ACCESORIO,PLAYSTATION 4 - PS4,711719039617,Dualshock 4 Rojo - PS4,1,69.99,69.99
GM MULTI PLAZA,VIDEO JUEGO,PLAYSTATION 3 - PS3 ,10086690552,Sonic Generations FAV PS3,1,19.99,19.99
GM MULTI PLAZA,ACCESORIO,PLAYSTATION 3,711719990000,Dualshock 3 Urban Camo PS3,1,59.99,59.99
GM MULTI PLAZA,ACCESORIO,PLAYSTATION 3,711719990000,Dualshock 3 Urban Camo PS3,1,59.99,59.99
GM MULTI PLAZA,ACCESORIO,PLAYSTATION 3,711719990062,Dualshock negro PS3,1,59.99,59.99
GM MULTI PLAZA,ACCESORIO,PLAYSTATION 3,711719990000,Dualshock 3 Urban Camo PS3,1,59.99,59.99
GM MULTI PLAZA,CONSOLAS,PLAYSTATION 4 - PS4,711719502470,PS4 Uncharted Collect Bundle ,-1,399.99,-399.99
GM MULTI PLAZA,CONSOLAS,PLAYSTATION 4 - PS4,711719502470,PS4 Uncharted Collect Bundle ,1,399.99,399.99
GM MULTI PLAZA,CONSOLAS,PLAYSTATION 4 - PS4,711719502470,PS4 Uncharted Collect Bundle ,1,399.99,399.99
GM MULTI PLAZA,CONSOLAS,PLAYSTATION 4 - PS4,711719502470,PS4 Uncharted Collect Bundle ,1,399.99,399.99
 METRO MALL,No data,No data,No data,No data,976,,52402.88
METRO MALL,ACCESORIO,NINTENDO WIIU,873124005509,Silicone procte Super M. Wiiu ,1,19.99,19.99
METRO MALL,ACCESORIO,NINTENDO WIIU,873124005363,Silicone procte Splatoon Wiiu ,1,19.99,19.99
METRO MALL,ACCESORIO,NINTENDO 3DS,708056055165,Nerf Armor New 3DSXL,1,29.99,29.99
METRO MALL,ACCESORIO,NINTENDO 3DS,873124005394,Hard Pouch Pikachu 3DSXL NEW,1,19.99,19.99
METRO MALL,VIDEO JUEGO,PLAYSTATION 2 - PS2,13388260041,Devil May Cry  - PS2,1,32.99,32.99
METRO MALL,ACCESORIO,NINTENDO WIIU,873124005417,WiiU Wheel Link Wiiu HORI,1,15.99,15.99
METRO MALL,ACCESORIO,NINTENDO WIIU,873124005363,Silicone procte Splatoon Wiiu ,1,19.99,19.99
METRO MALL,VIDEO JUEGO,NINTENDO WII U,8888187684,Rabbids land Wiiu,1,29.99,29.99
METRO MALL,VIDEO JUEGO,PLAYSTATION 4- PS4,883929474110,Lego marvel avengers PS4,1,0.01,0.01
METRO MALL,ACCESORIO,PLAYSTATION 4 - PS4,617885007323,USB Charging Cable PS4/PSVITA,1,15.99,15.99
METRO MALL,VIDEO JUEGO,PLAYSTATION 4- PS4,883929474110,Lego marvel avengers PS4,1,69.99,69.99
METRO MALL,VIDEO JUEGO,PLAYSTATION 4- PS4,883929474110,Lego marvel avengers PS4,1,69.99,69.99
METRO MALL,ACCESORIO,PLAYSTATION 4 - PS4,804551664724,Thumb Grips Black PS4 - XB1,1,12.99,12.99
METRO MALL,ACCESORIO,PLAYSTATION 4 - PS4,617885007323,USB Charging Cable PS4/PSVITA,1,15.99,15.99
METRO MALL,VIDEO JUEGO,PLAYSTATION 4- PS4,883929474110,Lego marvel avengers PS4,1,69.99,69.99
METRO MALL,VIDEO JUEGO,PLAYSTATION 4- PS4,883929474110,Lego marvel avengers PS4,1,69.99,69.99
METRO MALL,VIDEO JUEGO,PLAYSTATION 4- PS4,883929474110,Lego marvel avengers PS4,1,69.99,69.99
METRO MALL,VIDEO JUEGO,PLAYSTATION 4- PS4,883929474110,Lego marvel avengers PS4,1,69.99,69.99
METRO MALL,VIDEO JUEGO,NINTENDO Wii,13388350186,Resident Evil Zero - Wii,1,29.99,29.99
METRO MALL,VIDEO JUEGO,PLAYSTATION 3 - PS3 ,710425473043,GTA V PS3,1,59.99,59.99
METRO MALL,VIDEO JUEGO,PLAYSTATION 3 - PS3 ,722674111850,Dark Souls II PS3,1,49.99,49.99
METRO MALL,VIDEO JUEGO,PLAYSTATION 3 - PS3 ,710425474064,BorderlandsThe Pre-Seque PS3,1,29.99,29.99
METRO MALL,VIDEO JUEGO,PLAYSTATION 3 - PS3 ,722674111904,J-STARS VICTORY + PS3,1,59.99,59.99
METRO MALL,VIDEO JUEGO,PLAYSTATION 3 - PS3 ,710425476556,NBA 2K16 PS3,1,69.99,69.99
METRO MALL,VIDEO JUEGO,PLAYSTATION 3 - PS3 ,710425471025,Border Lands 2 PS3,1,29.99,29.99
METRO MALL,VIDEO JUEGO,PS VITA,47875770553,SpongeBob Hero Bob PSVITA,1,29.99,29.99
METRO MALL,VIDEO JUEGO,PS VITA,859204005010,Hyperdimension Neptunia Psvita,1,19.99,19.99
METRO MALL,VIDEO JUEGO,PS VITA,730865200092,Lost Dimension Psvita ,1,49.99,49.99
METRO MALL,VIDEO JUEGO,PS VITA,883929331086,Injustice Gods Among UL PSVITA,1,29.99,29.99
METRO MALL,CONSOLAS,PLAYSTATION 3 - PS3,711719990819,PS3 Ultraslim 500 GB,1,299.99,299.99
METRO MALL,ACCESORIO,PLAYSTATION 4 - PS4,804551664649,Thumb Grips orange PS4 ,1,9.99,9.99
METRO MALL,ACCESORIO,PLAYSTATION 4 - PS4,804551664649,Thumb Grips orange PS4 ,1,9.99,9.99
METRO MALL,ACCESORIO,PLAYSTATION 4 - PS4,804551664649,Thumb Grips orange PS4 ,1,9.99,9.99
METRO MALL,ACCESORIO,PLAYSTATION 4 - PS4,804551664649,Thumb Grips orange PS4 ,1,9.99,9.99
METRO MALL,VIDEO JUEGO,NINTENDO Wii,10086650211,Sonic and T. Black Knight -Wii,1,29.99,29.99
METRO MALL,AUDIFONOS,BEATS,848447004621,Beats Urbeats Rojo,1,99.99,99.99
METRO MALL,CONSOLAS,NINTENDO 3DS,45496781330,NINTENDO 3DS XL SNES,1,219.99,219.99
METRO MALL,VIDEO JUEGO,PLAYSTATION 3 - PS3 ,711719811626,Kill Zone 2 FAV - PS3,1,19.99,19.99
METRO MALL,VIDEO JUEGO,PLAYSTATION 3 - PS3 ,83717202868,Castlevania LordofS. Coll PS3 ,1,0.01,0.01
METRO MALL,VIDEO JUEGO,PLAYSTATION 3 - PS3 ,8888348252,RockSmith2014 PS3,1,19.99,19.99
METRO MALL,VIDEO JUEGO,PLAYSTATION 3 - PS3 ,710425476808,WWE 2k16 -PS3,1,69.99,69.99
METRO MALL,VIDEO JUEGO,PLAYSTATION 3 - PS3 ,883929241309,Mortal Kombat Komplete Ed PS3,1,39.99,39.99
METRO MALL,VIDEO JUEGO,PLAYSTATION 3 - PS3 ,710425473043,GTA V PS3,1,49.99,49.99
METRO MALL,VIDEO JUEGO,PLAYSTATION 3 - PS3 ,883929241309,Mortal Kombat Komplete Ed PS3,1,39.99,39.99
METRO MALL,VIDEO JUEGO,PLAYSTATION 3 - PS3 ,710425473043,GTA V PS3,1,59.99,59.99
METRO MALL,VIDEO JUEGO,PLAYSTATION 3 - PS3 ,47875846777,COD Ghost PS3,1,39.99,39.99
METRO MALL,VIDEO JUEGO,PLAYSTATION 3 - PS3 ,722674111904,J-STARS VICTORY + PS3,1,59.99,59.99
METRO MALL,VIDEO JUEGO,PLAYSTATION 3 - PS3 ,710425473043,GTA V PS3,1,59.99,59.99
METRO MALL,VIDEO JUEGO,PLAYSTATION 3 - PS3 ,883929241309,Mortal Kombat Komplete Ed PS3,1,39.99,39.99
METRO MALL,VIDEO JUEGO,PLAYSTATION 3 - PS3 ,722674111560,Dragon Ball Xenoverse PS3,1,59.99,59.99
METRO MALL,VIDEO JUEGO,PLAYSTATION 3 - PS3 ,47875846777,COD Ghost PS3,1,0.01,0.01
METRO MALL,VIDEO JUEGO,PLAYSTATION 3 - PS3 ,710425476556,NBA 2K16 PS3,1,69.99,69.99
METRO MALL,VIDEO JUEGO,PLAYSTATION 3 - PS3 ,722674110501,Dragon Ball U.Tenkaichi PS3,1,49.99,49.99
METRO MALL,VIDEO JUEGO,PLAYSTATION 3 - PS3 ,883929427284,Lego Batman 3 B. G PS3,1,59.99,59.99
METRO MALL,VIDEO JUEGO,PS VITA,14633368055,Fifa 15 PSVITA ,1,39.99,39.99
METRO MALL,VIDEO JUEGO,PS VITA,14633368055,Fifa 15 PSVITA ,1,39.99,39.99
METRO MALL,VIDEO JUEGO,PLAYSTATION 4- PS4,14633735499,Fifa 16 PS4,1,0.01,0.01
METRO MALL,VIDEO JUEGO,PLAYSTATION 4- PS4,722674120401,Saint Seiya Soldiers Soul PS4,1,59.99,59.99
METRO MALL,VIDEO JUEGO,PLAYSTATION 4- PS4,859204005287,Megadimension Neptunia VII PS4,1,69.99,69.99
METRO MALL,VIDEO JUEGO,PLAYSTATION 4- PS4,662248915869,Just Cause 3 PS4,1,69.99,69.99
METRO MALL,VIDEO JUEGO,PLAYSTATION 4- PS4,722674120456,Digimon Story Cyber Sleuth PS4,1,69.99,69.99
METRO MALL,VIDEO JUEGO,PLAYSTATION 4- PS4,14633735499,Fifa 16 PS4,1,59.99,59.99
METRO MALL,VIDEO JUEGO,PLAYSTATION 4- PS4,722674120166,Dragon Ball Xenoverse PS4,1,69.99,69.99
METRO MALL,VIDEO JUEGO,PLAYSTATION 4- PS4,722674120333,Godzilla PS4,1,29.99,29.99
METRO MALL,VIDEO JUEGO,PLAYSTATION 4- PS4,14633368277,UFC PS4 ,1,59.99,59.99
METRO MALL,VIDEO JUEGO,PLAYSTATION 4- PS4,722674120456,Digimon Story Cyber Sleuth PS4,1,69.99,69.99
METRO MALL,VIDEO JUEGO,PLAYSTATION 4- PS4,722674120456,Digimon Story Cyber Sleuth PS4,1,69.99,69.99
METRO MALL,VIDEO JUEGO,PLAYSTATION 4- PS4,710425476785,WWE 2k16 -PS4,1,69.99,69.99
METRO MALL,VIDEO JUEGO,PLAYSTATION 4- PS4,859204005287,Megadimension Neptunia VII PS4,1,69.99,69.99
METRO MALL,VIDEO JUEGO,PLAYSTATION 4- PS4,14633735499,Fifa 16 PS4,1,59.99,59.99
METRO MALL,VIDEO JUEGO,PLAYSTATION 4- PS4,722674120401,Saint Seiya Soldiers Soul PS4,1,59.99,59.99
METRO MALL,VIDEO JUEGO,PLAYSTATION 4- PS4,710425475023,Evolve PS4,1,39.99,39.99
METRO MALL,VIDEO JUEGO,PLAYSTATION 4- PS4,722674120456,Digimon Story Cyber Sleuth PS4,1,69.99,69.99
METRO MALL,VIDEO JUEGO,PLAYSTATION 4- PS4,710425476785,WWE 2k16 -PS4,1,69.99,69.99
METRO MALL,VIDEO JUEGO,PLAYSTATION 4- PS4,13388937028,Street Fighter V - PS4,1,69.99,69.99
METRO MALL,VIDEO JUEGO,PLAYSTATION 4- PS4,13388937028,Street Fighter V - PS4,1,69.99,69.99
METRO MALL,VIDEO JUEGO,PLAYSTATION 4- PS4,13388937028,Street Fighter V - PS4,1,69.99,69.99
METRO MALL,VIDEO JUEGO,PLAYSTATION 4- PS4,14633735499,Fifa 16 PS4,1,49.99,49.99
METRO MALL,VIDEO JUEGO,PLAYSTATION 4- PS4,710425476785,WWE 2k16 -PS4,1,69.99,69.99
METRO MALL,VIDEO JUEGO,PLAYSTATION 4- PS4,722674120456,Digimon Story Cyber Sleuth PS4,1,69.99,69.99
METRO MALL,VIDEO JUEGO,PLAYSTATION 4- PS4,14633735499,Fifa 16 PS4,1,59.99,59.99
METRO MALL,ACCESORIO,PLAYSTATION 4 - PS4,804551664649,Thumb Grips orange PS4 ,1,9.99,9.99
METRO MALL,ACCESORIO,PLAYSTATION 4 - PS4,804551664649,Thumb Grips orange PS4 ,1,9.99,9.99
METRO MALL,ACCESORIO,PLAYSTATION 4 - PS4,804551664649,Thumb Grips orange PS4 ,1,9.99,9.99
METRO MALL,CONSOLAS,NINTENDO WII U,45496881733,Nintendo Wiiu Mario Kart 8 DL,1,369.99,369.99
METRO MALL,CONSOLAS,NINTENDO WII U,45496881733,Nintendo Wiiu Mario Kart 8 DL,1,369.99,369.99
METRO MALL,VIDEO JUEGO,PS VITA,883929472932,Lego jurassic World PSVITA,1,49.99,49.99
METRO MALL,AUDIFONOS,GAMING,711719051527,Silver Wired  Sterio PS4,1,49.99,49.99
METRO MALL,ACCESORIO,PLAYSTATION 3,711719990284,Camara Sony  PS3,1,59.99,59.99
METRO MALL,CONSOLAS,PLAYSTATION 3 - PS3,711719050537,PS3 Ultraslim The last 500 GB,1,299.99,299.99
METRO MALL,CONSOLAS,PLAYSTATION 3 - PS3,711719050537,PS3 Ultraslim The last 500 GB,1,299.99,299.99
METRO MALL,CONSOLAS,PLAYSTATION 3 - PS3,711719050537,PS3 Ultraslim The last 500 GB,1,299.99,299.99
METRO MALL,VIDEO JUEGO,PLAYSTATION 4- PS4,887256300340,Assassins Creed Unity PS4,1,39.99,39.99
METRO MALL,VIDEO JUEGO,PLAYSTATION 4- PS4,887256300340,Assassins Creed Unity PS4,1,0.01,0.01
METRO MALL,VIDEO JUEGO,PLAYSTATION 4- PS4,887256300340,Assassins Creed Unity PS4,1,39.99,39.99
METRO MALL,CONSOLAS,PLAYSTATION 3 - PS3,711719992097,PS3 Ultraslim 250 GB,1,279.99,279.99
METRO MALL,CONSOLAS,PS VITA,711719050681,PS Vita 2.0 Borderland 2,1,229.99,229.99
METRO MALL,ACCESORIO,XBOX ONE,885370818260,Control inalambrico Camo X1,1,74.99,74.99
METRO MALL,VIDEO JUEGO,NINTENDO WII U,883929280483,Game Party Champions Wiiu,1,39.99,39.99
METRO MALL,VIDEO JUEGO,NINTENDO WII U,883929472918,Lego jurassic World Wiiu,1,59.99,59.99
METRO MALL,VIDEO JUEGO,NINTENDO WII U,883929280483,Game Party Champions Wiiu,1,0.01,0.01
METRO MALL,VIDEO JUEGO,NINTENDO 3DS,883929472925,Lego jurassic World 3DS,1,49.99,49.99
METRO MALL,VIDEO JUEGO,PLAYSTATION 3 - PS3 ,883929326976,Lego Marvel Super Heroes PS3,1,29.99,29.99
METRO MALL,VIDEO JUEGO,PLAYSTATION 3 - PS3 ,14633732290,Battlefield 4 PS3,1,29.99,29.99
METRO MALL,VIDEO JUEGO,PLAYSTATION 3 - PS3 ,711719992479,Gran Turismo 6 PS3,1,49.99,49.99
METRO MALL,VIDEO JUEGO,PLAYSTATION 3 - PS3 ,47875874367,COD Black Ops I + II C. PS3,1,49.99,49.99
METRO MALL,VIDEO JUEGO,PLAYSTATION 3 - PS3 ,711719052685,Metal Gear S HD Col FAV PS3,1,19.99,19.99
METRO MALL,VIDEO JUEGO,PLAYSTATION 3 - PS3 ,47875874367,COD Black Ops I + II C. PS3,1,49.99,49.99
METRO MALL,VIDEO JUEGO,PLAYSTATION 3 - PS3 ,883929326976,Lego Marvel Super Heroes PS3,1,29.99,29.99
METRO MALL,VIDEO JUEGO,PLAYSTATION 3 - PS3 ,14633732290,Battlefield 4 PS3,1,29.99,29.99
METRO MALL,VIDEO JUEGO,PLAYSTATION 3 - PS3 ,883929326976,Lego Marvel Super Heroes PS3,1,29.99,29.99
METRO MALL,VIDEO JUEGO,PS VITA,711719220268,Uncharted Golden Abyss PSV,1,29.99,29.99
METRO MALL,VIDEO JUEGO,PS VITA,8888317371,Assassins Creed Liberation PSV,1,39.99,39.99
METRO MALL,VIDEO JUEGO,PS VITA,8888317371,Assassins Creed Liberation PSV,1,39.99,39.99
METRO MALL,VIDEO JUEGO,PLAYSTATION 3 - PS3 ,883929326976,Lego Marvel Super Heroes PS3,1,29.99,29.99
METRO MALL,VIDEO JUEGO,NINTENDO WII U,883929280483,Game Party Champions Wiiu,1,0.01,0.01
METRO MALL,VIDEO JUEGO,NINTENDO WII U,883929280483,Game Party Champions Wiiu,1,39.99,39.99
METRO MALL,VIDEO JUEGO,PLAYSTATION 3 - PS3 ,887256000615,AssassinCreed The  A.C. PS3,1,49.99,49.99
METRO MALL,VIDEO JUEGO,PLAYSTATION 3 - PS3 ,14633732290,Battlefield 4 PS3,1,29.99,29.99
METRO MALL,VIDEO JUEGO,PLAYSTATION 3 - PS3 ,47875874367,COD Black Ops I + II C. PS3,1,49.99,49.99
METRO MALL,VIDEO JUEGO,PLAYSTATION 3 - PS3 ,47875874367,COD Black Ops I + II C. PS3,1,49.99,49.99
METRO MALL,VIDEO JUEGO,PLAYSTATION 3 - PS3 ,47875874367,COD Black Ops I + II C. PS3,1,49.99,49.99
METRO MALL,VIDEO JUEGO,PS VITA,10086620023,Sonic all stars racing PSVITA,1,29.99,29.99
METRO MALL,VIDEO JUEGO,PS VITA,711719220268,Uncharted Golden Abyss PSV,1,29.99,29.99
METRO MALL,VIDEO JUEGO,PLAYSTATION 4- PS4,711719053293,Minecraft PS4,1,29.99,29.99
METRO MALL,VIDEO JUEGO,PLAYSTATION 4- PS4,711719053293,Minecraft PS4,1,29.99,29.99
METRO MALL,VIDEO JUEGO,PLAYSTATION 4- PS4,887256014711,Rainbow Six PS4,1,69.99,69.99
METRO MALL,VIDEO JUEGO,PLAYSTATION 4- PS4,887256014711,Rainbow Six PS4,1,69.99,69.99
METRO MALL,VIDEO JUEGO,PLAYSTATION 4- PS4,883929323371,Injustice Gods Among Us UL PS4,1,39.99,39.99
METRO MALL,VIDEO JUEGO,PLAYSTATION 4- PS4,711719053293,Minecraft PS4,1,29.99,29.99
METRO MALL,VIDEO JUEGO,PLAYSTATION 4- PS4,711719053293,Minecraft PS4,1,29.99,29.99
METRO MALL,VIDEO JUEGO,PLAYSTATION 4- PS4,887256014711,Rainbow Six PS4,1,69.99,69.99
METRO MALL,VIDEO JUEGO,PLAYSTATION 4- PS4,887256014711,Rainbow Six PS4,1,69.99,69.99
METRO MALL,VIDEO JUEGO,PLAYSTATION 4- PS4,711719053293,Minecraft PS4,1,29.99,29.99
METRO MALL,VIDEO JUEGO,PLAYSTATION 4- PS4,711719053293,Minecraft PS4,1,29.99,29.99
METRO MALL,VIDEO JUEGO,PLAYSTATION 4- PS4,887256014711,Rainbow Six PS4,1,69.99,69.99
METRO MALL,VIDEO JUEGO,PLAYSTATION 4- PS4,711719053293,Minecraft PS4,1,29.99,29.99
METRO MALL,VIDEO JUEGO,PLAYSTATION 4- PS4,711719053293,Minecraft PS4,1,29.99,29.99
METRO MALL,VIDEO JUEGO,PLAYSTATION 4- PS4,887256014711,Rainbow Six PS4,1,69.99,69.99
METRO MALL,VIDEO JUEGO,PLAYSTATION 4- PS4,883929323371,Injustice Gods Among Us UL PS4,1,39.99,39.99
METRO MALL,VIDEO JUEGO,PLAYSTATION 4- PS4,711719053293,Minecraft PS4,1,29.99,29.99
METRO MALL,VIDEO JUEGO,PLAYSTATION 4- PS4,887256014711,Rainbow Six PS4,1,69.99,69.99
METRO MALL,VIDEO JUEGO,PLAYSTATION 3 - PS3 ,13388340705,Resident Evil Revelations PS3,1,29.99,29.99
METRO MALL,VIDEO JUEGO,PLAYSTATION 3 - PS3 ,711719811626,Kill Zone 2 FAV - PS3,1,19.99,19.99
METRO MALL,VIDEO JUEGO,PLAYSTATION 3 - PS3 ,711719053248,Little Big Planet 3 - PS3,1,49.99,49.99
METRO MALL,VIDEO JUEGO,PLAYSTATION 3 - PS3 ,711719816720,Mod Nation Racers - PS3,1,29.99,29.99
METRO MALL,VIDEO JUEGO,PLAYSTATION 3 - PS3 ,711719052807,Valkiria Chronicles -PS3,1,19.99,19.99
METRO MALL,VIDEO JUEGO,PLAYSTATION 3 - PS3 ,8888347484,Just Dance 4 PS3,1,19.99,19.99
METRO MALL,VIDEO JUEGO,PLAYSTATION 3 - PS3 ,13388340705,Resident Evil Revelations PS3,1,29.99,29.99
METRO MALL,VIDEO JUEGO,PLAYSTATION 3 - PS3 ,711719811626,Kill Zone 2 FAV - PS3,1,19.99,19.99
METRO MALL,VIDEO JUEGO,PLAYSTATION 3 - PS3 ,711719811626,Kill Zone 2 FAV - PS3,1,19.99,19.99
METRO MALL,VIDEO JUEGO,PLAYSTATION 3 - PS3 ,83717202868,Castlevania LordofS. Coll PS3 ,1,0.01,0.01
METRO MALL,VIDEO JUEGO,PLAYSTATION 3 - PS3 ,711719053248,Little Big Planet 3 - PS3,1,49.99,49.99
METRO MALL,VIDEO JUEGO,PLAYSTATION 3 - PS3 ,711719825722,Uncharted 2 (G.O.T.Y) - PS3,1,29.99,29.99
METRO MALL,VIDEO JUEGO,PLAYSTATION 3 - PS3 ,711719039150,Castlevania LordsofS FAV - PS3,1,19.99,19.99
METRO MALL,VIDEO JUEGO,PLAYSTATION 3 - PS3 ,83717202868,Castlevania LordofS. Coll PS3 ,1,0.01,0.01
METRO MALL,VIDEO JUEGO,PLAYSTATION 3 - PS3 ,83717202868,Castlevania LordofS. Coll PS3 ,1,0.01,0.01
METRO MALL,VIDEO JUEGO,PLAYSTATION 3 - PS3 ,662248913513,Final Fantasy XIV Online PS3,1,0.01,0.01
METRO MALL,VIDEO JUEGO,PS VITA,883929319664,Batman Arkham Origins PSVITA,1,29.99,29.99
METRO MALL,ACCESORIO,PLAYSTATION 3,711719990260,Navigation PSMove ,1,39.99,39.99
METRO MALL,VIDEO JUEGO,PLAYSTATION 4- PS4,711719500278,The Evil Within  PS4,1,69.99,69.99
METRO MALL,VIDEO JUEGO,PLAYSTATION 4- PS4,711719100447,The Order 1886 PS4,1,39.99,39.99
METRO MALL,VIDEO JUEGO,PLAYSTATION 4- PS4,711719100447,The Order 1886 PS4,1,39.99,39.99
METRO MALL,ACCESORIO,TARJETAS,799366552260,PSN $50,1,69.99,69.99
METRO MALL,ACCESORIO,TARJETAS,711719478102,PSN $20,1,29.99,29.99
METRO MALL,ACCESORIO,TARJETAS,TARJETAITUNES15,iTunes $15,1,16.99,16.99
METRO MALL,ACCESORIO,TARJETAS,TARJETAITUNES15,iTunes $15,1,16.99,16.99
METRO MALL,ACCESORIO,TARJETAS,711719478102,PSN $20,1,29.99,29.99
METRO MALL,ACCESORIO,TARJETAS,711719478102,PSN $20,1,29.99,29.99
METRO MALL,ACCESORIO,TARJETAS,799366552260,PSN $50,1,69.99,69.99
METRO MALL,ACCESORIO,TARJETAS,799366104667,Nintendo eShop $20,1,29.99,29.99
METRO MALL,ACCESORIO,TARJETAS,711719478102,PSN $20,1,29.99,29.99
METRO MALL,VIDEO JUEGO,PLAYSTATION 4- PS4,815403010644,Kun Fu Panda Shawdown PS4,1,59.99,59.99
METRO MALL,ACCESORIO,TOYS 2 LIFE,712725027087,Disney infinity 3.0 Han Solo,1,19.99,19.99
METRO MALL,ACCESORIO,TOYS 2 LIFE,712725027087,Disney infinity 3.0 Han Solo,1,19.99,19.99
METRO MALL,ACCESORIO,TOYS 2 LIFE,712725027001,Disney infinity 3.0 Rise.3PA,1,49.99,49.99
METRO MALL,ACCESORIO,TOYS 2 LIFE,712725026943,Disney infinity 3.0 Yoda ,1,19.99,19.99
METRO MALL,VIDEO JUEGO,XBOX 360,83717301776,PES 14 XBOX,1,19.99,19.99
METRO MALL,VIDEO JUEGO,XBOX 360,752919552155,Red Faction Armageddon - X360,1,59.99,59.99
METRO MALL,VIDEO JUEGO,XBOX 360,8888528746,Assassins Creed Revelation X3,1,19.99,19.99
METRO MALL,VIDEO JUEGO,XBOX 360,8888523390,Assassin's Creed - XBOX 360,1,29.99,29.99
METRO MALL,VIDEO JUEGO,XBOX 360,887256000622,AssassinCreed The  A.C. XBOX,1,49.99,49.99
METRO MALL,VIDEO JUEGO,XBOX 360,83717301806,Metal Gear Solid V X360,1,59.99,59.99
METRO MALL,VIDEO JUEGO,XBOX 360,752919552407,Fantastic Pets - XBOX360,1,19.99,19.99
METRO MALL,VIDEO JUEGO,XBOX 360,710425494222,Bioshock Infinite T.C.E  XBOX3,1,39.99,39.99
METRO MALL,VIDEO JUEGO,XBOX 360,14633735482,Fifa 16 XBOX 360,1,59.99,59.99
METRO MALL,VIDEO JUEGO,NINTENDO 3DS,662248916576,Final fantasy Explorers 3DS ,1,49.99,49.99
METRO MALL,VIDEO JUEGO,NINTENDO 3DS,662248914787,Theat Trhy Thm Final F 3DS,1,29.99,29.99
METRO MALL,VIDEO JUEGO,NINTENDO 3DS,662248916576,Final fantasy Explorers 3DS ,1,49.99,49.99
METRO MALL,VIDEO JUEGO,NINTENDO 3DS,662248916576,Final fantasy Explorers 3DS ,1,49.99,49.99
METRO MALL,VIDEO JUEGO,NINTENDO 3DS,815403010507,Adventure Time T.S 3DS,1,19.99,19.99
METRO MALL,ACCESORIO,TARJETAS,799366114901,Nintendo eShop $10,1,15.99,15.99
METRO MALL,ACCESORIO,TARJETAS,711719432500,PSN $10,1,15.99,15.99
METRO MALL,ACCESORIO,TARJETAS,711719478102,PSN $20,1,29.99,29.99
METRO MALL,ACCESORIO,TARJETAS,711719478102,PSN $20,1,29.99,29.99
METRO MALL,ACCESORIO,TARJETAS,711719478102,PSN $20,1,29.99,29.99
METRO MALL,ACCESORIO,TARJETAS,799366552260,PSN $50,1,69.99,69.99
METRO MALL,ACCESORIO,TARJETAS,799366552260,PSN $50,2,69.99,139.98
METRO MALL,ACCESORIO,TARJETAS,799366552260,PSN $50,1,69.99,69.99
METRO MALL,ACCESORIO,TARJETAS,711719432500,PSN $10,1,15.99,15.99
METRO MALL,ACCESORIO,TARJETAS,Steam $ 20,Steam $ 20,1,29.99,29.99
METRO MALL,ACCESORIO,TARJETAS,799366552260,PSN $50,1,69.99,69.99
METRO MALL,ACCESORIO,TARJETAS,711719478102,PSN $20,1,29.99,29.99
METRO MALL,ACCESORIO,TARJETAS,711719478102,PSN $20,1,29.99,29.99
METRO MALL,ACCESORIO,TARJETAS,799366086444,Google Play $15,1,19.99,19.99
METRO MALL,ACCESORIO,TARJETAS,799366552260,PSN $50,1,69.99,69.99
METRO MALL,ACCESORIO,TARJETAS,711719432500,PSN $10,1,15.99,15.99
METRO MALL,ACCESORIO,TARJETAS,711719478102,PSN $20,1,29.99,29.99
METRO MALL,ACCESORIO,TARJETAS,711719478102,PSN $20,1,29.99,29.99
METRO MALL,ACCESORIO,TARJETAS,711719478102,PSN $20,1,29.99,29.99
METRO MALL,ACCESORIO,TARJETAS,711719478102,PSN $20,1,29.99,29.99
METRO MALL,ACCESORIO,TARJETAS,711719478102,PSN $20,1,29.99,29.99
METRO MALL,ACCESORIO,TARJETAS,799366552260,PSN $50,1,69.99,69.99
METRO MALL,ACCESORIO,TARJETAS,799366552260,PSN $50,1,69.99,69.99
METRO MALL,ACCESORIO,TARJETAS,711719432500,PSN $10,1,15.99,15.99
METRO MALL,ACCESORIO,TARJETAS,889842063998,Xbox Live 12 Month,1,79.99,79.99
METRO MALL,ACCESORIO,TARJETAS,711719478102,PSN $20,1,29.99,29.99
METRO MALL,ACCESORIO,TARJETAS,711719478102,PSN $20,1,29.99,29.99
METRO MALL,ACCESORIO,TARJETAS,799366114901,Nintendo eShop $10,1,15.99,15.99
METRO MALL,ACCESORIO,TARJETAS,711719478102,PSN $20,1,29.99,29.99
METRO MALL,ACCESORIO,TARJETAS,TARJETAITUNES15,iTunes $15,2,16.99,33.98
METRO MALL,ACCESORIO,TARJETAS,711719478102,PSN $20,1,29.99,29.99
METRO MALL,ACCESORIO,TARJETAS,711719478102,PSN $20,1,29.99,29.99
METRO MALL,ACCESORIO,TARJETAS,711719478102,PSN $20,1,29.99,29.99
METRO MALL,ACCESORIO,TARJETAS,799366114901,Nintendo eShop $10,1,15.99,15.99
METRO MALL,ACCESORIO,TARJETAS,799366114901,Nintendo eShop $10,1,15.99,15.99
METRO MALL,ACCESORIO,TARJETAS,711719478102,PSN $20,1,29.99,29.99
METRO MALL,ACCESORIO,TARJETAS,711719432500,PSN $10,1,15.99,15.99
METRO MALL,ACCESORIO,TARJETAS,711719478102,PSN $20,1,29.99,29.99
METRO MALL,ACCESORIO,TARJETAS,799366552260,PSN $50,1,69.99,69.99
METRO MALL,ACCESORIO,TARJETAS,799366552260,PSN $50,1,69.99,69.99
METRO MALL,ACCESORIO,TARJETAS,TARJETAITUNES15,iTunes $15,2,16.99,33.98
METRO MALL,ACCESORIO,TARJETAS,711719478102,PSN $20,1,29.99,29.99
METRO MALL,ACCESORIO,TARJETAS,711719478102,PSN $20,1,29.99,29.99
METRO MALL,ACCESORIO,TARJETAS,799366114901,Nintendo eShop $10,1,15.99,15.99
METRO MALL,ACCESORIO,TARJETAS,711719478102,PSN $20,1,29.99,29.99
METRO MALL,ACCESORIO,TARJETAS,711719478102,PSN $20,1,29.99,29.99
METRO MALL,ACCESORIO,TARJETAS,799366114901,Nintendo eShop $10,1,15.99,15.99
METRO MALL,ACCESORIO,TARJETAS,76750020322,iTunes $25,1,26.99,26.99
METRO MALL,ACCESORIO,TARJETAS,711719432500,PSN $10,1,15.99,15.99
METRO MALL,ACCESORIO,TARJETAS,711719432500,PSN $10,1,15.99,15.99
METRO MALL,ACCESORIO,TARJETAS,711719478102,PSN $20,1,29.99,29.99
METRO MALL,ACCESORIO,TARJETAS,799366086444,Google Play $15,1,19.99,19.99
METRO MALL,ACCESORIO,TARJETAS,799366552260,PSN $50,1,69.99,69.99
METRO MALL,ACCESORIO,TARJETAS,889842063998,Xbox Live 12 Month,1,79.99,79.99
METRO MALL,ACCESORIO,TARJETAS,711719478102,PSN $20,1,29.99,29.99
METRO MALL,ACCESORIO,TARJETAS,76750020322,iTunes $25,1,26.99,26.99
METRO MALL,ACCESORIO,TARJETAS,799366114901,Nintendo eShop $10,1,15.99,15.99
METRO MALL,ACCESORIO,TARJETAS,799366552260,PSN $50,1,69.99,69.99
METRO MALL,ACCESORIO,TARJETAS,799366114901,Nintendo eShop $10,1,15.99,15.99
METRO MALL,ACCESORIO,TARJETAS,711719478102,PSN $20,1,29.99,29.99
METRO MALL,ACCESORIO,TARJETAS,799366104667,Nintendo eShop $20,1,29.99,29.99
METRO MALL,ACCESORIO,TARJETAS,711719478102,PSN $20,1,29.99,29.99
METRO MALL,VIDEO JUEGO,PLAYSTATION 3 - PS3 ,711719991830,The Last of Us PS3,1,49.99,49.99
METRO MALL,ACCESORIO,TARJETAS,799366086444,Google Play $15,1,19.99,19.99
METRO MALL,ACCESORIO,TARJETAS,711719432500,PSN $10,1,15.99,15.99
METRO MALL,ACCESORIO,TARJETAS,711719478102,PSN $20,1,29.99,29.99
METRO MALL,ACCESORIO,TARJETAS,799366552260,PSN $50,1,69.99,69.99
METRO MALL,ACCESORIO,TARJETAS,711719432500,PSN $10,1,15.99,15.99
METRO MALL,ACCESORIO,TARJETAS,799366552260,PSN $50,1,69.99,69.99
METRO MALL,ACCESORIO,TARJETAS,799366552260,PSN $50,1,69.99,69.99
METRO MALL,ACCESORIO,TARJETAS,799366086444,Google Play $15,2,19.99,39.98
METRO MALL,ACCESORIO,TARJETAS,799366114901,Nintendo eShop $10,1,15.99,15.99
METRO MALL,ACCESORIO,TARJETAS,711719478102,PSN $20,1,29.99,29.99
METRO MALL,ACCESORIO,TARJETAS,799366114901,Nintendo eShop $10,1,15.99,15.99
METRO MALL,ACCESORIO,TARJETAS,711719478102,PSN $20,1,29.99,29.99
METRO MALL,ACCESORIO,TARJETAS,799366552260,PSN $50,2,69.99,139.98
METRO MALL,ACCESORIO,TARJETAS,711719432500,PSN $10,2,15.99,31.98
METRO MALL,ACCESORIO,TARJETAS,711719478102,PSN $20,1,29.99,29.99
METRO MALL,ACCESORIO,TARJETAS,711719478102,PSN $20,1,29.99,29.99
METRO MALL,ACCESORIO,TARJETAS,711719478102,PSN $20,1,29.99,29.99
METRO MALL,ACCESORIO,TARJETAS,711719478102,PSN $20,1,29.99,29.99
METRO MALL,ACCESORIO,TARJETAS,711719432500,PSN $10,2,15.99,31.98
METRO MALL,VIDEO JUEGO,PLAYSTATION 4- PS4,711719500575,PES 15 PS4,1,0.01,0.01
METRO MALL,VIDEO JUEGO,PLAYSTATION 3 - PS3 ,722674111560,Dragon Ball Xenoverse PS3,1,59.99,59.99
METRO MALL,VIDEO JUEGO,PLAYSTATION 3 - PS3 ,710425476808,WWE 2k16 -PS3,1,69.99,69.99
METRO MALL,VIDEO JUEGO,PLAYSTATION 3 - PS3 ,47875846777,COD Ghost PS3,1,0.01,0.01
METRO MALL,VIDEO JUEGO,PLAYSTATION 3 - PS3 ,710425476808,WWE 2k16 -PS3,1,69.99,69.99
METRO MALL,VIDEO JUEGO,PS VITA,14633368055,Fifa 15 PSVITA ,1,39.99,39.99
METRO MALL,VIDEO JUEGO,PS VITA,14633368055,Fifa 15 PSVITA ,1,39.99,39.99
METRO MALL,VIDEO JUEGO,NINTENDO WII U,883929474066,Lego marvel avengers Wiiu,1,59.99,59.99
METRO MALL,VIDEO JUEGO,PLAYSTATION 3 - PS3 ,710425473043,GTA V PS3,1,49.99,49.99
METRO MALL,VIDEO JUEGO,PLAYSTATION 3 - PS3 ,883929241309,Mortal Kombat Komplete Ed PS3,1,39.99,39.99
METRO MALL,VIDEO JUEGO,PLAYSTATION 3 - PS3 ,710425476556,NBA 2K16 PS3,1,69.99,69.99
METRO MALL,VIDEO JUEGO,PLAYSTATION 3 - PS3 ,710425474064,BorderlandsThe Pre-Seque PS3,1,29.99,29.99
METRO MALL,VIDEO JUEGO,PLAYSTATION 3 - PS3 ,47875846777,COD Ghost PS3,1,0.01,0.01
METRO MALL,VIDEO JUEGO,PLAYSTATION 3 - PS3 ,710425473043,GTA V PS3,1,49.99,49.99
METRO MALL,VIDEO JUEGO,PLAYSTATION 3 - PS3 ,710425473043,GTA V PS3,1,59.99,59.99
METRO MALL,VIDEO JUEGO,PLAYSTATION 3 - PS3 ,883929241309,Mortal Kombat Komplete Ed PS3,1,39.99,39.99
METRO MALL,VIDEO JUEGO,PLAYSTATION 3 - PS3 ,47875846777,COD Ghost PS3,1,39.99,39.99
METRO MALL,VIDEO JUEGO,PLAYSTATION 3 - PS3 ,8888345343,Assassin's Creed 2 - PS3,1,29.99,29.99
METRO MALL,VIDEO JUEGO,PLAYSTATION 3 - PS3 ,710425476808,WWE 2k16 -PS3,1,69.99,69.99
METRO MALL,VIDEO JUEGO,XBOX ONE,722674220101,Dragon Ball Xenoverse XONE,1,69.99,69.99
METRO MALL,VIDEO JUEGO,XBOX ONE,722674220248,Naruto Shippuden UNS4 XONE,1,69.99,69.99
METRO MALL,VIDEO JUEGO,PLAYSTATION 3 - PS3 ,722674111560,Dragon Ball Xenoverse PS3,1,59.99,59.99
METRO MALL,VIDEO JUEGO,XBOX ONE,887256300357,Assassins Creed Unity XONE,1,39.99,39.99
METRO MALL,VIDEO JUEGO,XBOX ONE,710425495281,GTA V XONE,1,69.99,69.99
METRO MALL,VIDEO JUEGO,PLAYSTATION 3 - PS3 ,722674110501,Dragon Ball U.Tenkaichi PS3,1,49.99,49.99
METRO MALL,VIDEO JUEGO,NINTENDO 3DS,883929326945,Lego Chima  3DS,1,0.01,0.01
METRO MALL,VIDEO JUEGO,XBOX 360,14633732726,BattleField Hard.L Xbo360,1,59.99,59.99
METRO MALL,VIDEO JUEGO,XBOX ONE,887256300951,The Crew XONE,1,29.99,29.99
METRO MALL,VIDEO JUEGO,XBOX ONE,816293015061,Lords of the Fallen XONE,1,29.99,29.99
METRO MALL,VIDEO JUEGO,XBOX ONE,47875846838,COD Ghost XONE,1,39.99,39.99
METRO MALL,VIDEO JUEGO,PLAYSTATION 3 - PS3 ,14633735444,Fifa 16 PS3,1,59.99,59.99
METRO MALL,VIDEO JUEGO,PLAYSTATION 3 - PS3 ,83717203087,PES 16-PS3,1,39.99,39.99
METRO MALL,VIDEO JUEGO,PLAYSTATION 3 - PS3 ,83717203087,PES 16-PS3,1,39.99,39.99
METRO MALL,VIDEO JUEGO,PLAYSTATION 3 - PS3 ,13388340330,Resident Evil 5 (G.E.) - PS3,1,29.99,29.99
METRO MALL,VIDEO JUEGO,PLAYSTATION 3 - PS3 ,13388340330,Resident Evil 5 (G.E.) - PS3,1,29.99,29.99
METRO MALL,VIDEO JUEGO,PLAYSTATION 3 - PS3 ,722674110334,Dragon Ball RB 2 - PS3,1,49.99,49.99
METRO MALL,VIDEO JUEGO,PLAYSTATION 3 - PS3 ,83717203087,PES 16-PS3,1,59.99,59.99
METRO MALL,VIDEO JUEGO,PLAYSTATION 3 - PS3 ,14633735444,Fifa 16 PS3,1,59.99,59.99
METRO MALL,VIDEO JUEGO,PLAYSTATION 3 - PS3 ,14633735444,Fifa 16 PS3,1,59.99,59.99
METRO MALL,VIDEO JUEGO,PLAYSTATION 3 - PS3 ,662248912387,Sleeping Dogs PS3,1,29.99,29.99
METRO MALL,VIDEO JUEGO,PLAYSTATION 3 - PS3 ,14633195866,NFS The Run - PS3,1,29.99,29.99
METRO MALL,VIDEO JUEGO,PLAYSTATION 3 - PS3 ,14633733549,Fifa Street 3 - PS3,1,29.99,29.99
METRO MALL,VIDEO JUEGO,PLAYSTATION 3 - PS3 ,722674110822,Naruto Shippuden U.N.S 3 PS3,1,39.99,39.99
METRO MALL,VIDEO JUEGO,PLAYSTATION 3 - PS3 ,14633152753,NFS Carbon - PS3,1,29.99,29.99
METRO MALL,VIDEO JUEGO,PLAYSTATION 3 - PS3 ,14633197457,NFS Most Wanted PS3,1,29.99,29.99
METRO MALL,VIDEO JUEGO,PLAYSTATION 3 - PS3 ,14633735444,Fifa 16 PS3,1,59.99,59.99
METRO MALL,VIDEO JUEGO,PLAYSTATION 3 - PS3 ,47875849341,The Amazing Spiderman 2- PS3,1,59.99,59.99
METRO MALL,VIDEO JUEGO,PLAYSTATION 3 - PS3 ,14633152753,NFS Carbon - PS3,1,29.99,29.99
METRO MALL,VIDEO JUEGO,PLAYSTATION 3 - PS3 ,14633192186,NFS Shift - PS3,1,29.99,29.99
METRO MALL,VIDEO JUEGO,PLAYSTATION 3 - PS3 ,14633152753,NFS Carbon - PS3,1,29.99,29.99
METRO MALL,VIDEO JUEGO,NINTENDO 3DS,45496742867,Pokemon Art Academy 3DS,1,39.99,39.99
METRO MALL,VIDEO JUEGO,NINTENDO 3DS,45496742805,Zelda Majora´s Mask 3DS,1,49.99,49.99
METRO MALL,VIDEO JUEGO,NINTENDO 3DS,45496742904,Super Smash Bros 3DS,1,49.99,49.99
METRO MALL,VIDEO JUEGO,NINTENDO 3DS,45496742904,Super Smash Bros 3DS,1,49.99,49.99
METRO MALL,VIDEO JUEGO,NINTENDO 3DS,45496742072,New Super Mario Bros 2 3DS,1,39.99,39.99
METRO MALL,VIDEO JUEGO,NINTENDO 3DS,45496743154,Fire Emblem Fates Birth 3DS,1,49.99,49.99
METRO MALL,CONSOLAS,NINTENDO 3DS,45496781514,NINTENDO NEW 3DSXL BLACK,1,249.99,249.99
METRO MALL,VIDEO JUEGO,NINTENDO 3DS,45496743581,Fire Emblem Fates S.E 3DS,1,89.99,89.99
METRO MALL,VIDEO JUEGO,NINTENDO 3DS,45496743581,Fire Emblem Fates S.E 3DS,1,89.99,89.99
METRO MALL,VIDEO JUEGO,NINTENDO 3DS,45496743581,Fire Emblem Fates S.E 3DS,1,89.99,89.99
METRO MALL,VIDEO JUEGO,NINTENDO 3DS,45496743154,Fire Emblem Fates Birth 3DS,1,49.99,49.99
METRO MALL,VIDEO JUEGO,NINTENDO 3DS,45496743581,Fire Emblem Fates S.E 3DS,1,89.99,89.99
METRO MALL,VIDEO JUEGO,NINTENDO 3DS,45496743406,Fire Emblem Fates Conquest 3DS,1,49.99,49.99
METRO MALL,VIDEO JUEGO,NINTENDO 3DS,45496743581,Fire Emblem Fates S.E 3DS,1,89.99,89.99
METRO MALL,VIDEO JUEGO,NINTENDO 3DS,45496743154,Fire Emblem Fates Birth 3DS,1,49.99,49.99
METRO MALL,VIDEO JUEGO,NINTENDO 3DS,45496742904,Super Smash Bros 3DS,1,49.99,49.99
METRO MALL,VIDEO JUEGO,NINTENDO 3DS,45496743345,Zelda Tri Force 3DS,1,49.99,49.99
METRO MALL,VIDEO JUEGO,NINTENDO 3DS,45496741747,Mario Kart 7 3DS,1,39.99,39.99
METRO MALL,VIDEO JUEGO,NINTENDO 3DS,45496743345,Zelda Tri Force 3DS,1,49.99,49.99
METRO MALL,VIDEO JUEGO,NINTENDO 3DS,45496742805,Zelda Majora´s Mask 3DS,1,49.99,49.99
METRO MALL,VIDEO JUEGO,NINTENDO 3DS,45496742904,Super Smash Bros 3DS,1,49.99,49.99
METRO MALL,VIDEO JUEGO,NINTENDO 3DS,45496742683,Yoshi New Island SEL 3DS,1,29.99,29.99
METRO MALL,VIDEO JUEGO,NINTENDO 3DS,45496742942,Pokemon Alpha Sapphire 3DS,1,49.99,49.99
METRO MALL,VIDEO JUEGO,NINTENDO 3DS,45496743284,Animal crossing Happy Home 3DS,1,49.99,49.99
METRO MALL,VIDEO JUEGO,NINTENDO 3DS,45496741747,Mario Kart 7 3DS,1,39.99,39.99
METRO MALL,VIDEO JUEGO,NINTENDO 3DS,879278006133,Ben 10 Omniverse 2 3DS,1,19.99,19.99
METRO MALL,VIDEO JUEGO,NINTENDO 3DS,45496742928,Pokemon Omega Ruby 3DS,1,49.99,49.99
METRO MALL,VIDEO JUEGO,NINTENDO 3DS,13388305193,Monster Hunter 4 Ultimate 3DS,1,49.99,49.99
METRO MALL,ACCESORIO,NINTENDO WIIU,45496891046,Nunchuk Negro Wiiu,1,24.99,24.99
METRO MALL,ACCESORIO,NINTENDO WIIU,45496891022,Wii U Pro Controller Black,1,69.99,69.99
METRO MALL,ACCESORIO,NINTENDO WIIU,45496892470,Wii Remote Plus Yoshi,1,49.99,49.99
METRO MALL,ACCESORIO,NINTENDO WIIU,45496891046,Nunchuk Negro Wiiu,1,24.99,24.99
METRO MALL,ACCESORIO,NINTENDO WIIU,45496891022,Wii U Pro Controller Black,1,69.99,69.99
METRO MALL,ACCESORIO,NINTENDO WIIU,45496892463,Wii Remote Plus Toad,1,49.99,49.99
METRO MALL,ACCESORIO,NINTENDO WIIU,45496892470,Wii Remote Plus Yoshi,1,49.99,49.99
METRO MALL,ACCESORIO,NINTENDO WIIU,45496891022,Wii U Pro Controller Black,1,69.99,69.99
METRO MALL,ACCESORIO,NINTENDO WIIU,45496891046,Nunchuk Negro Wiiu,1,24.99,24.99
METRO MALL,ACCESORIO,NINTENDO WIIU,45496891046,Nunchuk Negro Wiiu,1,24.99,24.99
METRO MALL,ACCESORIO,NINTENDO WIIU,45496892470,Wii Remote Plus Yoshi,1,49.99,49.99
METRO MALL,VIDEO JUEGO,PLAYSTATION 4- PS4,711719500575,PES 15 PS4,1,0.01,0.01
METRO MALL,VIDEO JUEGO,PLAYSTATION 3 - PS3 ,47875840591,COD 4 - PS3,1,19.99,19.99
METRO MALL,VIDEO JUEGO,PLAYSTATION 3 - PS3 ,83717203087,PES 16-PS3,1,24.99,24.99
METRO MALL,VIDEO JUEGO,PLAYSTATION 3 - PS3 ,14633735444,Fifa 16 PS3,1,59.99,59.99
METRO MALL,ACCESORIO,TARJETAS,799366552260,PSN $50,1,69.99,69.99
METRO MALL,ACCESORIO,TARJETAS,889842063998,Xbox Live 12 Month,1,79.99,79.99
METRO MALL,ACCESORIO,TARJETAS,711719432500,PSN $10,1,15.99,15.99
METRO MALL,ACCESORIO,TARJETAS,711719478102,PSN $20,1,29.99,29.99
METRO MALL,ACCESORIO,TARJETAS,799366552260,PSN $50,1,69.99,69.99
METRO MALL,ACCESORIO,TARJETAS,711719478102,PSN $20,1,29.99,29.99
METRO MALL,ACCESORIO,TARJETAS,799366086444,Google Play $15,1,19.99,19.99
METRO MALL,ACCESORIO,TARJETAS,711719478102,PSN $20,1,29.99,29.99
METRO MALL,ACCESORIO,TARJETAS,711719478102,PSN $20,1,29.99,29.99
METRO MALL,ACCESORIO,TARJETAS,711719478102,PSN $20,1,29.99,29.99
METRO MALL,ACCESORIO,TARJETAS,799366552260,PSN $50,1,69.99,69.99
METRO MALL,ACCESORIO,TARJETAS,711719478102,PSN $20,1,29.99,29.99
METRO MALL,ACCESORIO,TARJETAS,711719478102,PSN $20,1,29.99,29.99
METRO MALL,ACCESORIO,TARJETAS,711719478102,PSN $20,1,29.99,29.99
METRO MALL,ACCESORIO,TARJETAS,711719478102,PSN $20,1,29.99,29.99
METRO MALL,ACCESORIO,TARJETAS,799366552260,PSN $50,1,69.99,69.99
METRO MALL,ACCESORIO,TARJETAS,711719478102,PSN $20,1,29.99,29.99
METRO MALL,ACCESORIO,TARJETAS,711719478102,PSN $20,1,29.99,29.99
METRO MALL,ACCESORIO,TARJETAS,711719478102,PSN $20,1,29.99,29.99
METRO MALL,ACCESORIO,TARJETAS,711719432500,PSN $10,1,15.99,15.99
METRO MALL,ACCESORIO,TARJETAS,711719432500,PSN $10,1,15.99,15.99
METRO MALL,ACCESORIO,TARJETAS,711719432500,PSN $10,1,15.99,15.99
METRO MALL,ACCESORIO,TARJETAS,711719478102,PSN $20,1,29.99,29.99
METRO MALL,ACCESORIO,TARJETAS,711719478102,PSN $20,1,29.99,29.99
METRO MALL,VIDEO JUEGO,PLAYSTATION 4- PS4,722674120388,Naruto Shippuden UNS4 PS4,1,69.99,69.99
METRO MALL,AUDIFONOS,GAMING,728658041182,Headset Wireless Kunai Blanco,1,89.99,89.99
METRO MALL,VIDEO JUEGO,PLAYSTATION 4- PS4,722674120388,Naruto Shippuden UNS4 PS4,1,69.99,69.99
METRO MALL,VIDEO JUEGO,PLAYSTATION 4- PS4,710425475290,GTA V PS4,1,0.01,0.01
METRO MALL,VIDEO JUEGO,PLAYSTATION 4- PS4,722674120388,Naruto Shippuden UNS4 PS4,1,69.99,69.99
METRO MALL,VIDEO JUEGO,PLAYSTATION 4- PS4,710425475290,GTA V PS4,1,69.99,69.99
METRO MALL,VIDEO JUEGO,PLAYSTATION 4- PS4,14633368611,NFS PS4,1,69.99,69.99
METRO MALL,VIDEO JUEGO,PLAYSTATION 4- PS4,710425475290,GTA V PS4,1,0.01,0.01
METRO MALL,VIDEO JUEGO,PLAYSTATION 4- PS4,711719500575,PES 15 PS4,1,0.01,0.01
METRO MALL,VIDEO JUEGO,PLAYSTATION 4- PS4,710425475290,GTA V PS4,1,69.99,69.99
METRO MALL,VIDEO JUEGO,PLAYSTATION 3 - PS3 ,14633735444,Fifa 16 PS3,1,59.99,59.99
METRO MALL,VIDEO JUEGO,PLAYSTATION 3 - PS3 ,14633152753,NFS Carbon - PS3,1,29.99,29.99
METRO MALL,VIDEO JUEGO,PLAYSTATION 3 - PS3 ,47875840591,COD 4 - PS3,1,19.99,19.99
METRO MALL,VIDEO JUEGO,PLAYSTATION 3 - PS3 ,722674110822,Naruto Shippuden U.N.S 3 PS3,1,39.99,39.99
METRO MALL,VIDEO JUEGO,PLAYSTATION 3 - PS3 ,14633195866,NFS The Run - PS3,1,29.99,29.99
METRO MALL,VIDEO JUEGO,PLAYSTATION 3 - PS3 ,710425474132,NBA 2K15 PS3,1,49.99,49.99
METRO MALL,VIDEO JUEGO,PLAYSTATION 3 - PS3 ,83717203087,PES 16-PS3,1,39.99,39.99
METRO MALL,VIDEO JUEGO,PLAYSTATION 3 - PS3 ,883929474080,Lego marvel avengers PS3,1,59.99,59.99
METRO MALL,VIDEO JUEGO,PLAYSTATION 3 - PS3 ,83717203087,PES 16-PS3,1,39.99,39.99
METRO MALL,VIDEO JUEGO,PLAYSTATION 3 - PS3 ,722674110822,Naruto Shippuden U.N.S 3 PS3,1,39.99,39.99
METRO MALL,VIDEO JUEGO,PLAYSTATION 3 - PS3 ,14633735444,Fifa 16 PS3,1,59.99,59.99
METRO MALL,VIDEO JUEGO,PLAYSTATION 3 - PS3 ,47875840591,COD 4 - PS3,1,19.99,19.99
METRO MALL,VIDEO JUEGO,PLAYSTATION 3 - PS3 ,722674110822,Naruto Shippuden U.N.S 3 PS3,1,39.99,39.99
METRO MALL,VIDEO JUEGO,PLAYSTATION 3 - PS3 ,83717202776,Metal Gear Solid V PS3,1,59.99,59.99
METRO MALL,VIDEO JUEGO,PLAYSTATION 3 - PS3 ,722674111157,Saint Seiya Brave Soldiers PS3,1,29.99,29.99
METRO MALL,VIDEO JUEGO,PLAYSTATION 3 - PS3 ,14633735444,Fifa 16 PS3,1,59.99,59.99
METRO MALL,VIDEO JUEGO,PLAYSTATION 3 - PS3 ,710425476969,GTA San Andreas  PS3,1,29.99,29.99
METRO MALL,VIDEO JUEGO,PLAYSTATION 3 - PS3 ,883929405329,The Lego Movie Videogame PS3,1,49.99,49.99
METRO MALL,VIDEO JUEGO,PS VITA,859204005010,Hyperdimension Neptunia Psvita,1,39.99,39.99
METRO MALL,VIDEO JUEGO,NINTENDO Wii,815403010774,Monster High new ghoul Wii,1,39.99,39.99
METRO MALL,VIDEO JUEGO,NINTENDO Wii,13388350025,Resident Evil T.U.C. - Wii,1,29.99,29.99
METRO MALL,ACCESORIO,TOYS 2 LIFE,712725027285,Disney infinity 3.0 Power Disc,1,9.99,9.99
METRO MALL,ACCESORIO,TOYS 2 LIFE,712725027285,Disney infinity 3.0 Power Disc,1,9.99,9.99
METRO MALL,ACCESORIO,NINTENDO WIIU,45496891022,Wii U Pro Controller Black,1,69.99,69.99
METRO MALL,VIDEO JUEGO,NINTENDO WII U,45496903664,Xenoblade Chronicles X Wiii U,1,69.99,69.99
METRO MALL,VIDEO JUEGO,NINTENDO WII U,45496903756,Super Mario Maker Wii U,1,69.99,69.99
METRO MALL,VIDEO JUEGO,NINTENDO WII U,45496903510,MARIO PARTY 10 WII U,1,59.99,59.99
METRO MALL,VIDEO JUEGO,NINTENDO WII U,45496903756,Super Mario Maker Wii U,1,69.99,69.99
METRO MALL,VIDEO JUEGO,NINTENDO WII U,45496903510,MARIO PARTY 10 WII U,1,59.99,59.99
METRO MALL,VIDEO JUEGO,NINTENDO WII U,45496903527,Splatoon Wii U,1,69.99,69.99
METRO MALL,VIDEO JUEGO,NINTENDO WII U,45496903435,Hyrule Warriors WiiU,1,69.99,69.99
METRO MALL,VIDEO JUEGO,NINTENDO WII U,45496903664,Xenoblade Chronicles X Wiii U,1,69.99,69.99
METRO MALL,VIDEO JUEGO,NINTENDO WII U,45496903664,Xenoblade Chronicles X Wiii U,1,69.99,69.99
METRO MALL,ACCESORIO,NINTENDO WIIU,45496891046,Nunchuk Negro Wiiu,1,24.99,24.99
METRO MALL,VIDEO JUEGO,PLAYSTATION 3 - PS3 ,47875874565,COD BLACK OPS III PS3,1,59.99,59.99
METRO MALL,VIDEO JUEGO,PLAYSTATION 3 - PS3 ,887256014285,Just Dance 2016- PS3,1,44.99,44.99
METRO MALL,VIDEO JUEGO,NINTENDO WII U,45496903756,Super Mario Maker Wii U,1,69.99,69.99
METRO MALL,VIDEO JUEGO,PLAYSTATION 3 - PS3 ,47875874565,COD BLACK OPS III PS3,1,59.99,59.99
METRO MALL,VIDEO JUEGO,PLAYSTATION 3 - PS3 ,47875874565,COD BLACK OPS III PS3,1,59.99,59.99
METRO MALL,VIDEO JUEGO,PLAYSTATION 3 - PS3 ,47875874565,COD BLACK OPS III PS3,1,59.99,59.99
METRO MALL,VIDEO JUEGO,PLAYSTATION 3 - PS3 ,47875874565,COD BLACK OPS III PS3,1,59.99,59.99
METRO MALL,ACCESORIO,NINTENDO WII,45496891534,Wii Remote Plus Peach,1,49.99,49.99
METRO MALL,VIDEO JUEGO,NINTENDO WII U,45496903404,Super Smash Bros Wii U,1,69.99,69.99
METRO MALL,VIDEO JUEGO,NINTENDO WII U,45496903756,Super Mario Maker Wii U,1,69.99,69.99
METRO MALL,VIDEO JUEGO,NINTENDO WII U,45496903213,Super Mario 3D World SEL Wiiu,1,69.99,69.99
METRO MALL,VIDEO JUEGO,NINTENDO Wii,887256014599,Just Dance 2016- Wii,1,49.99,49.99
METRO MALL,VIDEO JUEGO,NINTENDO Wii,887256014599,Just Dance 2016- Wii,1,49.99,49.99
METRO MALL,VIDEO JUEGO,NINTENDO Wii,45496900397,Super Smash Bros. Brawl - Wii,1,39.99,39.99
METRO MALL,VIDEO JUEGO,PLAYSTATION 4- PS4,711719500575,PES 15 PS4,1,0.01,0.01
METRO MALL,ACCESORIO,TOYS 2 LIFE,712725027476,Disney infinity 3.0 Hulkbuster,1,19.99,19.99
METRO MALL,ACCESORIO,TOYS 2 LIFE,712725023799,Disney infinity Mater ,1,9.99,9.99
METRO MALL,ACCESORIO,TARJETAS,TARJETAITUNES15,iTunes $15,1,16.99,16.99
METRO MALL,ACCESORIO,TARJETAS,711719478102,PSN $20,1,29.99,29.99
METRO MALL,ACCESORIO,TARJETAS,799366114901,Nintendo eShop $10,1,15.99,15.99
METRO MALL,VIDEO JUEGO,PLAYSTATION 4- PS4,711719500575,PES 15 PS4,1,0.01,0.01
METRO MALL,VIDEO JUEGO,PLAYSTATION 4- PS4,14633368611,NFS PS4,1,69.99,69.99
METRO MALL,VIDEO JUEGO,PLAYSTATION 4- PS4,722674120388,Naruto Shippuden UNS4 PS4,1,69.99,69.99
METRO MALL,VIDEO JUEGO,PLAYSTATION 4- PS4,722674120388,Naruto Shippuden UNS4 PS4,1,69.99,69.99
METRO MALL,VIDEO JUEGO,PLAYSTATION 4- PS4,722674120388,Naruto Shippuden UNS4 PS4,1,69.99,69.99
METRO MALL,VIDEO JUEGO,PLAYSTATION 4- PS4,710425475290,GTA V PS4,1,69.99,69.99
METRO MALL,VIDEO JUEGO,PLAYSTATION 4- PS4,722674120388,Naruto Shippuden UNS4 PS4,1,69.99,69.99
METRO MALL,VIDEO JUEGO,PLAYSTATION 4- PS4,722674120388,Naruto Shippuden UNS4 PS4,1,69.99,69.99
METRO MALL,VIDEO JUEGO,PLAYSTATION 4- PS4,710425476570,NBA 2K16 PS4,1,69.99,69.99
METRO MALL,VIDEO JUEGO,PLAYSTATION 4- PS4,711719500575,PES 15 PS4,1,0.01,0.01
METRO MALL,VIDEO JUEGO,PLAYSTATION 4- PS4,710425475290,GTA V PS4,1,69.99,69.99
METRO MALL,VIDEO JUEGO,PLAYSTATION 4- PS4,722674120388,Naruto Shippuden UNS4 PS4,1,69.99,69.99
METRO MALL,VIDEO JUEGO,PLAYSTATION 4- PS4,722674120388,Naruto Shippuden UNS4 PS4,1,69.99,69.99
METRO MALL,VIDEO JUEGO,PLAYSTATION 4- PS4,722674120388,Naruto Shippuden UNS4 PS4,1,69.99,69.99
METRO MALL,VIDEO JUEGO,PLAYSTATION 4- PS4,722674120388,Naruto Shippuden UNS4 PS4,1,69.99,69.99
METRO MALL,VIDEO JUEGO,PLAYSTATION 4- PS4,722674120388,Naruto Shippuden UNS4 PS4,1,69.99,69.99
METRO MALL,VIDEO JUEGO,PLAYSTATION 4- PS4,722674120388,Naruto Shippuden UNS4 PS4,1,69.99,69.99
METRO MALL,VIDEO JUEGO,PLAYSTATION 4- PS4,83717203063,PES 16 PS4,1,34.99,34.99
METRO MALL,VIDEO JUEGO,PLAYSTATION 4- PS4,710425475290,GTA V PS4,1,69.99,69.99
METRO MALL,VIDEO JUEGO,PLAYSTATION 4- PS4,722674120388,Naruto Shippuden UNS4 PS4,1,69.99,69.99
METRO MALL,VIDEO JUEGO,PLAYSTATION 4- PS4,83717203063,PES 16 PS4,1,34.99,34.99
METRO MALL,VIDEO JUEGO,PLAYSTATION 4- PS4,14633368611,NFS PS4,1,69.99,69.99
METRO MALL,VIDEO JUEGO,PLAYSTATION 4- PS4,83717203063,PES 16 PS4,1,34.99,34.99
METRO MALL,VIDEO JUEGO,PLAYSTATION 4- PS4,710425475290,GTA V PS4,1,69.99,69.99
METRO MALL,VIDEO JUEGO,PLAYSTATION 4- PS4,722674120388,Naruto Shippuden UNS4 PS4,1,69.99,69.99
METRO MALL,VIDEO JUEGO,PLAYSTATION 4- PS4,722674120388,Naruto Shippuden UNS4 PS4,1,69.99,69.99
METRO MALL,VIDEO JUEGO,PLAYSTATION 4- PS4,722674120388,Naruto Shippuden UNS4 PS4,1,69.99,69.99
METRO MALL,VIDEO JUEGO,PLAYSTATION 4- PS4,722674120388,Naruto Shippuden UNS4 PS4,1,69.99,69.99
METRO MALL,VIDEO JUEGO,PLAYSTATION 4- PS4,83717203063,PES 16 PS4,1,34.99,34.99
METRO MALL,VIDEO JUEGO,PLAYSTATION 4- PS4,722674120388,Naruto Shippuden UNS4 PS4,1,69.99,69.99
METRO MALL,VIDEO JUEGO,PLAYSTATION 4- PS4,710425475290,GTA V PS4,1,69.99,69.99
METRO MALL,VIDEO JUEGO,PLAYSTATION 4- PS4,883929426546,Mortal Kombat X PS4,1,69.99,69.99
METRO MALL,VIDEO JUEGO,PLAYSTATION 4- PS4,722674120388,Naruto Shippuden UNS4 PS4,1,69.99,69.99
METRO MALL,VIDEO JUEGO,PLAYSTATION 4- PS4,722674120388,Naruto Shippuden UNS4 PS4,1,69.99,69.99
METRO MALL,VIDEO JUEGO,PLAYSTATION 4- PS4,883929426546,Mortal Kombat X PS4,1,69.99,69.99
METRO MALL,VIDEO JUEGO,PLAYSTATION 4- PS4,710425475290,GTA V PS4,1,69.99,69.99
METRO MALL,VIDEO JUEGO,PLAYSTATION 4- PS4,711719500575,PES 15 PS4,1,0.01,0.01
METRO MALL,VIDEO JUEGO,PLAYSTATION 4- PS4,722674120388,Naruto Shippuden UNS4 PS4,1,69.99,69.99
METRO MALL,VIDEO JUEGO,PLAYSTATION 4- PS4,14633368611,NFS PS4,1,69.99,69.99
METRO MALL,VIDEO JUEGO,PLAYSTATION 4- PS4,722674120371,J-STARS VICTORY + PS4,1,0.01,0.01
METRO MALL,VIDEO JUEGO,PLAYSTATION 4- PS4,711719500575,PES 15 PS4,1,0.01,0.01
METRO MALL,VIDEO JUEGO,PLAYSTATION 4- PS4,722674120388,Naruto Shippuden UNS4 PS4,1,69.99,69.99
METRO MALL,VIDEO JUEGO,PLAYSTATION 4- PS4,710425475290,GTA V PS4,1,69.99,69.99
METRO MALL,VIDEO JUEGO,PLAYSTATION 4- PS4,711719500575,PES 15 PS4,1,0.01,0.01
METRO MALL,VIDEO JUEGO,PLAYSTATION 4- PS4,83717203063,PES 16 PS4,1,0.01,0.01
METRO MALL,VIDEO JUEGO,PLAYSTATION 4- PS4,722674120388,Naruto Shippuden UNS4 PS4,1,69.99,69.99
METRO MALL,VIDEO JUEGO,NINTENDO Wii,45496902902,Pikmin 2 N.Select Wii,1,29.99,29.99
METRO MALL,VIDEO JUEGO,NINTENDO Wii,887256014599,Just Dance 2016- Wii,-1,49.99,-49.99
METRO MALL,VIDEO JUEGO,NINTENDO Wii,887256014599,Just Dance 2016- Wii,1,49.99,49.99
METRO MALL,VIDEO JUEGO,NINTENDO Wii,887256014599,Just Dance 2016- Wii,1,49.99,49.99
METRO MALL,VIDEO JUEGO,PLAYSTATION 4- PS4,722674120388,Naruto Shippuden UNS4 PS4,1,69.99,69.99
METRO MALL,VIDEO JUEGO,PLAYSTATION 4- PS4,710425475290,GTA V PS4,1,69.99,69.99
METRO MALL,VIDEO JUEGO,PLAYSTATION 4- PS4,710425475290,GTA V PS4,1,69.99,69.99
METRO MALL,VIDEO JUEGO,PLAYSTATION 4- PS4,710425475290,GTA V PS4,1,69.99,69.99
METRO MALL,VIDEO JUEGO,PLAYSTATION 4- PS4,710425475290,GTA V PS4,1,69.99,69.99
METRO MALL,VIDEO JUEGO,PLAYSTATION 4- PS4,722674120388,Naruto Shippuden UNS4 PS4,1,69.99,69.99
METRO MALL,VIDEO JUEGO,PLAYSTATION 4- PS4,722674120388,Naruto Shippuden UNS4 PS4,1,69.99,69.99
METRO MALL,VIDEO JUEGO,PLAYSTATION 4- PS4,14633368611,NFS PS4,1,69.99,69.99
METRO MALL,VIDEO JUEGO,PLAYSTATION 4- PS4,722674120388,Naruto Shippuden UNS4 PS4,1,69.99,69.99
METRO MALL,VIDEO JUEGO,PLAYSTATION 4- PS4,722674120388,Naruto Shippuden UNS4 PS4,1,69.99,69.99
METRO MALL,VIDEO JUEGO,PLAYSTATION 4- PS4,722674120388,Naruto Shippuden UNS4 PS4,1,69.99,69.99
METRO MALL,VIDEO JUEGO,PLAYSTATION 4- PS4,710425476570,NBA 2K16 PS4,1,69.99,69.99
METRO MALL,VIDEO JUEGO,PLAYSTATION 4- PS4,722674120388,Naruto Shippuden UNS4 PS4,1,69.99,69.99
METRO MALL,VIDEO JUEGO,PLAYSTATION 4- PS4,722674120388,Naruto Shippuden UNS4 PS4,1,69.99,69.99
METRO MALL,VIDEO JUEGO,PLAYSTATION 4- PS4,722674120388,Naruto Shippuden UNS4 PS4,1,69.99,69.99
METRO MALL,VIDEO JUEGO,PLAYSTATION 4- PS4,722674120388,Naruto Shippuden UNS4 PS4,1,69.99,69.99
METRO MALL,VIDEO JUEGO,PLAYSTATION 4- PS4,722674120388,Naruto Shippuden UNS4 PS4,1,69.99,69.99
METRO MALL,VIDEO JUEGO,PLAYSTATION 4- PS4,722674120388,Naruto Shippuden UNS4 PS4,1,69.99,69.99
METRO MALL,VIDEO JUEGO,PLAYSTATION 4- PS4,710425475290,GTA V PS4,1,69.99,69.99
METRO MALL,VIDEO JUEGO,PLAYSTATION 4- PS4,83717203063,PES 16 PS4,1,69.99,69.99
METRO MALL,VIDEO JUEGO,PLAYSTATION 4- PS4,14633368611,NFS PS4,1,69.99,69.99
METRO MALL,VIDEO JUEGO,PLAYSTATION 4- PS4,722674120388,Naruto Shippuden UNS4 PS4,1,69.99,69.99
METRO MALL,VIDEO JUEGO,PLAYSTATION 4- PS4,722674120388,Naruto Shippuden UNS4 PS4,1,69.99,69.99
METRO MALL,VIDEO JUEGO,PLAYSTATION 4- PS4,722674120388,Naruto Shippuden UNS4 PS4,1,69.99,69.99
METRO MALL,VIDEO JUEGO,PLAYSTATION 4- PS4,722674120388,Naruto Shippuden UNS4 PS4,1,69.99,69.99
METRO MALL,VIDEO JUEGO,PLAYSTATION 4- PS4,722674120388,Naruto Shippuden UNS4 PS4,1,69.99,69.99
METRO MALL,VIDEO JUEGO,PLAYSTATION 4- PS4,722674120388,Naruto Shippuden UNS4 PS4,1,69.99,69.99
METRO MALL,VIDEO JUEGO,PLAYSTATION 4- PS4,883929426546,Mortal Kombat X PS4,1,69.99,69.99
METRO MALL,VIDEO JUEGO,PLAYSTATION 4- PS4,883929426546,Mortal Kombat X PS4,1,69.99,69.99
METRO MALL,VIDEO JUEGO,PLAYSTATION 4- PS4,722674120388,Naruto Shippuden UNS4 PS4,1,69.99,69.99
METRO MALL,VIDEO JUEGO,PLAYSTATION 4- PS4,722674120388,Naruto Shippuden UNS4 PS4,1,69.99,69.99
METRO MALL,VIDEO JUEGO,PLAYSTATION 4- PS4,722674120388,Naruto Shippuden UNS4 PS4,1,69.99,69.99
METRO MALL,VIDEO JUEGO,PLAYSTATION 4- PS4,722674120388,Naruto Shippuden UNS4 PS4,1,69.99,69.99
METRO MALL,VIDEO JUEGO,PLAYSTATION 4- PS4,722674120388,Naruto Shippuden UNS4 PS4,1,69.99,69.99
METRO MALL,VIDEO JUEGO,PLAYSTATION 4- PS4,722674120388,Naruto Shippuden UNS4 PS4,1,69.99,69.99
METRO MALL,VIDEO JUEGO,PLAYSTATION 4- PS4,883929426546,Mortal Kombat X PS4,1,69.99,69.99
METRO MALL,VIDEO JUEGO,PLAYSTATION 4- PS4,710425475290,GTA V PS4,1,69.99,69.99
METRO MALL,VIDEO JUEGO,PLAYSTATION 4- PS4,883929427352,Lego Batman 3 B. G PS4,1,39.99,39.99
METRO MALL,ACCESORIO,TOYS 2 LIFE,712725027117,Disney infinity 3.0 Ultron,1,19.99,19.99
METRO MALL,VIDEO JUEGO,PLAYSTATION 4- PS4,662248914916,Sleeping Dogs  PS4,1,39.99,39.99
METRO MALL,VIDEO JUEGO,PLAYSTATION 4- PS4,47875874268,COD Advanced Wa.15 BONU  PS4,1,69.99,69.99
METRO MALL,VIDEO JUEGO,PLAYSTATION 4- PS4,13388560233,Resident Evil Origins Col PS4,1,49.99,49.99
METRO MALL,VIDEO JUEGO,PLAYSTATION 4- PS4,710425476785,WWE 2k16 -PS4,1,69.99,69.99
METRO MALL,VIDEO JUEGO,PLAYSTATION 4- PS4,722674120333,Godzilla PS4,1,29.99,29.99
METRO MALL,VIDEO JUEGO,PLAYSTATION 4- PS4,14633735499,Fifa 16 PS4,1,0.01,0.01
METRO MALL,VIDEO JUEGO,PLAYSTATION 4- PS4,14633370461,Star Wars Battlefront PS4,1,69.99,69.99
METRO MALL,VIDEO JUEGO,PLAYSTATION 4- PS4,14633735499,Fifa 16 PS4,1,59.99,59.99
METRO MALL,VIDEO JUEGO,PLAYSTATION 4- PS4,710425476785,WWE 2k16 -PS4,1,69.99,69.99
METRO MALL,VIDEO JUEGO,PLAYSTATION 4- PS4,710425476785,WWE 2k16 -PS4,1,69.99,69.99
METRO MALL,VIDEO JUEGO,PLAYSTATION 4- PS4,710425476785,WWE 2k16 -PS4,1,69.99,69.99
METRO MALL,VIDEO JUEGO,PLAYSTATION 4- PS4,13388937028,Street Fighter V - PS4,1,69.99,69.99
METRO MALL,VIDEO JUEGO,PLAYSTATION 4- PS4,13388937028,Street Fighter V - PS4,1,69.99,69.99
METRO MALL,VIDEO JUEGO,PLAYSTATION 4- PS4,722674120456,Digimon Story Cyber Sleuth PS4,1,69.99,69.99
METRO MALL,VIDEO JUEGO,PLAYSTATION 4- PS4,13388937028,Street Fighter V - PS4,1,69.99,69.99
METRO MALL,VIDEO JUEGO,PLAYSTATION 4- PS4,83717202790,Metal Gear Solid V PS4,1,69.99,69.99
METRO MALL,VIDEO JUEGO,PLAYSTATION 4- PS4,14633370461,Star Wars Battlefront PS4,1,69.99,69.99
METRO MALL,VIDEO JUEGO,PLAYSTATION 4- PS4,13388937028,Street Fighter V - PS4,1,69.99,69.99
METRO MALL,VIDEO JUEGO,PLAYSTATION 4- PS4,13388937028,Street Fighter V - PS4,1,69.99,69.99
METRO MALL,VIDEO JUEGO,PLAYSTATION 4- PS4,14633370461,Star Wars Battlefront PS4,1,69.99,69.99
METRO MALL,VIDEO JUEGO,PLAYSTATION 4- PS4,722674120166,Dragon Ball Xenoverse PS4,1,69.99,69.99
METRO MALL,VIDEO JUEGO,PLAYSTATION 4- PS4,722674120456,Digimon Story Cyber Sleuth PS4,1,69.99,69.99
METRO MALL,VIDEO JUEGO,PLAYSTATION 4- PS4,13388937028,Street Fighter V - PS4,1,69.99,69.99
METRO MALL,VIDEO JUEGO,PLAYSTATION 4- PS4,722674120081,Ride PS4,1,49.99,49.99
METRO MALL,VIDEO JUEGO,PLAYSTATION 4- PS4,40198002646,Bladestorm Nightmare PS4,1,39.99,39.99
METRO MALL,VIDEO JUEGO,PLAYSTATION 4- PS4,14633370461,Star Wars Battlefront PS4,1,69.99,69.99
METRO MALL,VIDEO JUEGO,PLAYSTATION 4- PS4,13388560233,Resident Evil Origins Col PS4,1,49.99,49.99
METRO MALL,VIDEO JUEGO,PLAYSTATION 4- PS4,14633735499,Fifa 16 PS4,1,59.99,59.99
METRO MALL,VIDEO JUEGO,PLAYSTATION 4- PS4,722674120166,Dragon Ball Xenoverse PS4,1,69.99,69.99
METRO MALL,VIDEO JUEGO,PLAYSTATION 4- PS4,883929530618,Dying Light the following  PS4,1,69.99,69.99
METRO MALL,VIDEO JUEGO,PLAYSTATION 4- PS4,722674120401,Saint Seiya Soldiers Soul PS4,1,59.99,59.99
METRO MALL,VIDEO JUEGO,PLAYSTATION 4- PS4,662248915869,Just Cause 3 PS4,1,69.99,69.99
METRO MALL,VIDEO JUEGO,PLAYSTATION 4- PS4,13388560233,Resident Evil Origins Col PS4,1,49.99,49.99
METRO MALL,VIDEO JUEGO,PLAYSTATION 4- PS4,14633370461,Star Wars Battlefront PS4,1,69.99,69.99
METRO MALL,VIDEO JUEGO,PLAYSTATION 4- PS4,722674120166,Dragon Ball Xenoverse PS4,1,69.99,69.99
METRO MALL,VIDEO JUEGO,PLAYSTATION 4- PS4,14633370461,Star Wars Battlefront PS4,1,69.99,69.99
METRO MALL,VIDEO JUEGO,PLAYSTATION 4- PS4,722674120166,Dragon Ball Xenoverse PS4,1,69.99,69.99
METRO MALL,VIDEO JUEGO,PLAYSTATION 4- PS4,710425476785,WWE 2k16 -PS4,1,69.99,69.99
METRO MALL,VIDEO JUEGO,PLAYSTATION 4- PS4,812872018522,Payday 2  PS4,1,39.99,39.99
METRO MALL,VIDEO JUEGO,PLAYSTATION 4- PS4,722674120166,Dragon Ball Xenoverse PS4,1,69.99,69.99
METRO MALL,VIDEO JUEGO,PLAYSTATION 4- PS4,14633735499,Fifa 16 PS4,1,59.99,59.99
METRO MALL,VIDEO JUEGO,PLAYSTATION 4- PS4,722674120166,Dragon Ball Xenoverse PS4,1,69.99,69.99
METRO MALL,VIDEO JUEGO,PLAYSTATION 4- PS4,722674120456,Digimon Story Cyber Sleuth PS4,1,69.99,69.99
METRO MALL,VIDEO JUEGO,PLAYSTATION 4- PS4,710425476785,WWE 2k16 -PS4,1,69.99,69.99
METRO MALL,VIDEO JUEGO,PLAYSTATION 4- PS4,710425476785,WWE 2k16 -PS4,1,69.99,69.99
METRO MALL,VIDEO JUEGO,PLAYSTATION 4- PS4,887256014520,The Division PS4,1,69.99,69.99
METRO MALL,ACCESORIO,TARJETAS,711719478102,PSN $20,1,29.99,29.99
METRO MALL,ACCESORIO,TARJETAS,711719478102,PSN $20,1,29.99,29.99
METRO MALL,ACCESORIO,TARJETAS,711719478102,PSN $20,1,29.99,29.99
METRO MALL,ACCESORIO,TARJETAS,799366104667,Nintendo eShop $20,2,29.99,59.98
METRO MALL,ACCESORIO,TARJETAS,799366114901,Nintendo eShop $10,1,15.99,15.99
METRO MALL,ACCESORIO,TARJETAS,711719478102,PSN $20,2,29.99,59.98
METRO MALL,ACCESORIO,TARJETAS,711719432500,PSN $10,1,15.99,15.99
METRO MALL,ACCESORIO,TARJETAS,799366114901,Nintendo eShop $10,1,15.99,15.99
METRO MALL,ACCESORIO,TARJETAS,799366552260,PSN $50,1,69.99,69.99
METRO MALL,ACCESORIO,TARJETAS,711719478102,PSN $20,1,29.99,29.99
METRO MALL,ACCESORIO,TARJETAS,711719478102,PSN $20,1,29.99,29.99
METRO MALL,ACCESORIO,TARJETAS,711719478102,PSN $20,1,29.99,29.99
METRO MALL,ACCESORIO,TARJETAS,711719432500,PSN $10,1,15.99,15.99
METRO MALL,ACCESORIO,TARJETAS,799366114901,Nintendo eShop $10,1,15.99,15.99
METRO MALL,ACCESORIO,TARJETAS,799366552260,PSN $50,1,69.99,69.99
METRO MALL,ACCESORIO,TARJETAS,711719478102,PSN $20,1,29.99,29.99
METRO MALL,ACCESORIO,TARJETAS,799366114901,Nintendo eShop $10,1,15.99,15.99
METRO MALL,ACCESORIO,TARJETAS,799366552260,PSN $50,1,69.99,69.99
METRO MALL,ACCESORIO,TARJETAS,711719432500,PSN $10,1,15.99,15.99
METRO MALL,ACCESORIO,TARJETAS,711719478102,PSN $20,1,29.99,29.99
METRO MALL,ACCESORIO,TARJETAS,711719478102,PSN $20,1,29.99,29.99
METRO MALL,ACCESORIO,TARJETAS,711719432500,PSN $10,1,15.99,15.99
METRO MALL,ACCESORIO,TARJETAS,711719432500,PSN $10,1,15.99,15.99
METRO MALL,ACCESORIO,TARJETAS,711719478102,PSN $20,1,29.99,29.99
METRO MALL,ACCESORIO,TARJETAS,799366086444,Google Play $15,1,19.99,19.99
METRO MALL,ACCESORIO,TARJETAS,76750020322,iTunes $25,1,26.99,26.99
METRO MALL,ACCESORIO,TARJETAS,799366086444,Google Play $15,2,19.99,39.98
METRO MALL,ACCESORIO,TARJETAS,799366086444,Google Play $15,1,19.99,19.99
METRO MALL,ACCESORIO,TARJETAS,711719432500,PSN $10,2,15.99,31.98
METRO MALL,ACCESORIO,TARJETAS,TARJETAITUNES15,iTunes $15,1,16.99,16.99
METRO MALL,ACCESORIO,TARJETAS,711719432500,PSN $10,2,15.99,31.98
METRO MALL,ACCESORIO,TARJETAS,711719432500,PSN $10,2,15.99,31.98
METRO MALL,ACCESORIO,TARJETAS,711719432500,PSN $10,1,15.99,15.99
METRO MALL,ACCESORIO,TARJETAS,711719432500,PSN $10,2,15.99,31.98
METRO MALL,ACCESORIO,TARJETAS,711719432500,PSN $10,1,15.99,15.99
METRO MALL,ACCESORIO,TARJETAS,711719432500,PSN $10,1,15.99,15.99
METRO MALL,ACCESORIO,TARJETAS,711719432500,PSN $10,1,15.99,15.99
METRO MALL,ACCESORIO,TARJETAS,799366114901,Nintendo eShop $10,1,15.99,15.99
METRO MALL,ACCESORIO,TARJETAS,711719478102,PSN $20,1,29.99,29.99
METRO MALL,ACCESORIO,TARJETAS,711719478102,PSN $20,1,29.99,29.99
METRO MALL,ACCESORIO,TARJETAS,Steam $ 20,Steam $ 20,1,29.99,29.99
METRO MALL,ACCESORIO,TARJETAS,711719478102,PSN $20,1,29.99,29.99
METRO MALL,VIDEO JUEGO,NINTENDO Wii,47875842076,COD Modern Warfare 3 Wii,1,39.99,39.99
METRO MALL,VIDEO JUEGO,NINTENDO Wii,47875842076,COD Modern Warfare 3 Wii,1,39.99,39.99
METRO MALL,VIDEO JUEGO,PLAYSTATION 4- PS4,47875874602,COD BLACK OPS III PS4,1,0.01,0.01
METRO MALL,VIDEO JUEGO,PLAYSTATION 4- PS4,47875874602,COD BLACK OPS III PS4,1,69.99,69.99
METRO MALL,VIDEO JUEGO,PLAYSTATION 4- PS4,47875874602,COD BLACK OPS III PS4,1,69.99,69.99
METRO MALL,VIDEO JUEGO,PLAYSTATION 4- PS4,47875874602,COD BLACK OPS III PS4,1,69.99,69.99
METRO MALL,VIDEO JUEGO,PLAYSTATION 4- PS4,47875874602,COD BLACK OPS III PS4,1,69.99,69.99
METRO MALL,VIDEO JUEGO,PLAYSTATION 4- PS4,47875874602,COD BLACK OPS III PS4,1,0.01,0.01
METRO MALL,VIDEO JUEGO,PLAYSTATION 4- PS4,47875874602,COD BLACK OPS III PS4,1,69.99,69.99
METRO MALL,VIDEO JUEGO,PLAYSTATION 4- PS4,47875874602,COD BLACK OPS III PS4,1,69.99,69.99
METRO MALL,ACCESORIO,TOYS 2 LIFE,45496891794,Amiibo Zelda ,1,14.99,14.99
METRO MALL,ACCESORIO,TOYS 2 LIFE,45496892715,Amiibo Lucas,1,19.99,19.99
METRO MALL,ACCESORIO,TOYS 2 LIFE,45496891701,Amiibo Link,1,19.99,19.99
METRO MALL,ACCESORIO,TOYS 2 LIFE,45496891701,Amiibo Link,1,19.99,19.99
METRO MALL,ACCESORIO,TOYS 2 LIFE,45496892265,Amiibo Dark Pit ,1,19.99,19.99
METRO MALL,ACCESORIO,TOYS 2 LIFE,45496892265,Amiibo Dark Pit ,1,19.99,19.99
METRO MALL,ACCESORIO,TOYS 2 LIFE,45496892715,Amiibo Lucas,1,19.99,19.99
METRO MALL,ACCESORIO,TOYS 2 LIFE,45496892715,Amiibo Lucas,1,19.99,19.99
METRO MALL,ACCESORIO,TOYS 2 LIFE,45496891732,Amiibo Yoshi,1,19.99,19.99
METRO MALL,ACCESORIO,TOYS 2 LIFE,45496891831,Amiibo Little Mac,1,19.99,19.99
METRO MALL,ACCESORIO,TOYS 2 LIFE,45496891824,Amiibo Diddy Kong ,1,14.99,14.99
METRO MALL,ACCESORIO,TOYS 2 LIFE,45496892159,Amiibo Greninja,1,19.99,19.99
METRO MALL,ACCESORIO,TOYS 2 LIFE,45496892418,Amiibo Mewtwo ,1,19.99,19.99
METRO MALL,ACCESORIO,TOYS 2 LIFE,45496891947,Amiibo Shulk,1,19.99,19.99
METRO MALL,ACCESORIO,TOYS 2 LIFE,45496892258,Amiibo Zero Suit Samus,1,19.99,19.99
METRO MALL,ACCESORIO,TOYS 2 LIFE,45496891923,Amiibo Ike,1,19.99,19.99
METRO MALL,ACCESORIO,TOYS 2 LIFE,45496891855,Amiibo Capitan Falcon ,1,19.99,19.99
METRO MALL,ACCESORIO,TOYS 2 LIFE,45496892265,Amiibo Dark Pit ,1,19.99,19.99
METRO MALL,ACCESORIO,TOYS 2 LIFE,45496892418,Amiibo Mewtwo ,1,19.99,19.99
METRO MALL,ACCESORIO,TOYS 2 LIFE,45496892715,Amiibo Lucas,1,19.99,19.99
METRO MALL,ACCESORIO,TOYS 2 LIFE,45496891701,Amiibo Link,1,19.99,19.99
METRO MALL,ACCESORIO,TOYS 2 LIFE,45496892159,Amiibo Greninja,1,19.99,19.99
METRO MALL,ACCESORIO,TOYS 2 LIFE,45496891947,Amiibo Shulk,1,19.99,19.99
METRO MALL,ACCESORIO,TOYS 2 LIFE,45496891695,Amiibo Villager,1,19.99,19.99
METRO MALL,ACCESORIO,TOYS 2 LIFE,45496892715,Amiibo Lucas,1,19.99,19.99
METRO MALL,ACCESORIO,TOYS 2 LIFE,45496891947,Amiibo Shulk,1,19.99,19.99
METRO MALL,VIDEO JUEGO,PLAYSTATION 4- PS4,47875874602,COD BLACK OPS III PS4,1,69.99,69.99
METRO MALL,ACCESORIO,TOYS 2 LIFE,45496891923,Amiibo Ike,1,19.99,19.99
METRO MALL,ACCESORIO,TOYS 2 LIFE,45496892517,Amiibo Mario Modern color,1,19.99,19.99
METRO MALL,ACCESORIO,TOYS 2 LIFE,45496892197,Amiibo 3 pack Splatoon ,1,49.99,49.99
METRO MALL,ACCESORIO,TOYS 2 LIFE,45496892715,Amiibo Lucas,1,19.99,19.99
METRO MALL,ACCESORIO,TOYS 2 LIFE,45496892067,Amiibo Super mario Plata,1,19.99,19.99
METRO MALL,ACCESORIO,TOYS 2 LIFE,45496892159,Amiibo Greninja,1,19.99,19.99
METRO MALL,ACCESORIO,TOYS 2 LIFE,45496892715,Amiibo Lucas,1,19.99,19.99
METRO MALL,VIDEO JUEGO,PLAYSTATION 4- PS4,887256014582,Just Dance 2016 PS4,1,59.99,59.99
METRO MALL,VIDEO JUEGO,PLAYSTATION 4- PS4,47875874602,COD BLACK OPS III PS4,1,69.99,69.99
METRO MALL,VIDEO JUEGO,PLAYSTATION 4- PS4,47875874602,COD BLACK OPS III PS4,1,69.99,69.99
METRO MALL,VIDEO JUEGO,PLAYSTATION 4- PS4,47875874602,COD BLACK OPS III PS4,1,69.99,69.99
METRO MALL,VIDEO JUEGO,PLAYSTATION 4- PS4,47875874602,COD BLACK OPS III PS4,1,69.99,69.99
METRO MALL,VIDEO JUEGO,PLAYSTATION 4- PS4,47875874602,COD BLACK OPS III PS4,1,69.99,69.99
METRO MALL,VIDEO JUEGO,PLAYSTATION 4- PS4,47875874602,COD BLACK OPS III PS4,1,69.99,69.99
METRO MALL,VIDEO JUEGO,PLAYSTATION 4- PS4,93155170568,Fallout 4 PS4,1,69.99,69.99
METRO MALL,VIDEO JUEGO,PLAYSTATION 4- PS4,47875874602,COD BLACK OPS III PS4,1,69.99,69.99
METRO MALL,VIDEO JUEGO,PLAYSTATION 4- PS4,887256014582,Just Dance 2016 PS4,1,59.99,59.99
METRO MALL,VIDEO JUEGO,PLAYSTATION 4- PS4,47875874602,COD BLACK OPS III PS4,1,69.99,69.99
METRO MALL,VIDEO JUEGO,PLAYSTATION 4- PS4,47875874602,COD BLACK OPS III PS4,1,69.99,69.99
METRO MALL,VIDEO JUEGO,PLAYSTATION 4- PS4,47875874442,Destiny The Taken King  PS4,1,69.99,69.99
METRO MALL,VIDEO JUEGO,PLAYSTATION 4- PS4,47875874602,COD BLACK OPS III PS4,1,69.99,69.99
METRO MALL,VIDEO JUEGO,PLAYSTATION 4- PS4,47875874602,COD BLACK OPS III PS4,1,69.99,69.99
METRO MALL,VIDEO JUEGO,PLAYSTATION 4- PS4,47875874602,COD BLACK OPS III PS4,1,69.99,69.99
METRO MALL,VIDEO JUEGO,PLAYSTATION 4- PS4,47875874602,COD BLACK OPS III PS4,1,0.01,0.01
METRO MALL,VIDEO JUEGO,PLAYSTATION 4- PS4,47875874602,COD BLACK OPS III PS4,1,69.99,69.99
METRO MALL,VIDEO JUEGO,PLAYSTATION 4- PS4,47875874602,COD BLACK OPS III PS4,1,69.99,69.99
METRO MALL,VIDEO JUEGO,PLAYSTATION 4- PS4,47875874602,COD BLACK OPS III PS4,1,69.99,69.99
METRO MALL,VIDEO JUEGO,PLAYSTATION 4- PS4,93155170568,Fallout 4 PS4,1,69.99,69.99
METRO MALL,VIDEO JUEGO,PLAYSTATION 4- PS4,47875874602,COD BLACK OPS III PS4,1,69.99,69.99
METRO MALL,VIDEO JUEGO,PLAYSTATION 4- PS4,93155170568,Fallout 4 PS4,1,69.99,69.99
METRO MALL,VIDEO JUEGO,PLAYSTATION 4- PS4,47875874602,COD BLACK OPS III PS4,1,69.99,69.99
METRO MALL,VIDEO JUEGO,PLAYSTATION 4- PS4,47875874602,COD BLACK OPS III PS4,1,69.99,69.99
METRO MALL,VIDEO JUEGO,PLAYSTATION 4- PS4,47875874602,COD BLACK OPS III PS4,1,69.99,69.99
METRO MALL,VIDEO JUEGO,PLAYSTATION 4- PS4,47875874602,COD BLACK OPS III PS4,1,69.99,69.99
METRO MALL,VIDEO JUEGO,PLAYSTATION 4- PS4,47875874602,COD BLACK OPS III PS4,1,69.99,69.99
METRO MALL,VIDEO JUEGO,PLAYSTATION 4- PS4,887256014582,Just Dance 2016 PS4,1,59.99,59.99
METRO MALL,VIDEO JUEGO,PLAYSTATION 4- PS4,47875874602,COD BLACK OPS III PS4,1,69.99,69.99
METRO MALL,VIDEO JUEGO,PLAYSTATION 4- PS4,887256014582,Just Dance 2016 PS4,1,59.99,59.99
METRO MALL,VIDEO JUEGO,PLAYSTATION 4- PS4,93155170568,Fallout 4 PS4,1,69.99,69.99
METRO MALL,ACCESORIO,PLAYSTATION 4 - PS4,849172003071,Siliconeskin azul controll PS4,1,9.99,9.99
METRO MALL,ACCESORIO,PLAYSTATION 4 - PS4,849172002944,Cable cargador KMD - PS4,1,12.99,12.99
METRO MALL,ACCESORIO,PLAYSTATION 4 - PS4,849172003064,Siliconeskin negrocontroll PS4,1,9.99,9.99
METRO MALL,ACCESORIO,PLAYSTATION 4 - PS4,849172001787,Thumb Grips PS4 ,1,12.99,12.99
METRO MALL,ACCESORIO,PLAYSTATION 4 - PS4,663293106080,Mochila (SONY) - PS4,1,69.99,69.99
METRO MALL,ACCESORIO,PLAYSTATION 4 - PS4,849172003071,Siliconeskin azul controll PS4,1,9.99,9.99
METRO MALL,ACCESORIO,PLAYSTATION 4 - PS4,849172003057,Dual Charging Station KMD PS4,1,29.99,29.99
METRO MALL,ACCESORIO,PLAYSTATION 4 - PS4,849172003057,Dual Charging Station KMD PS4,1,29.99,29.99
METRO MALL,ACCESORIO,PLAYSTATION 4 - PS4,849172003071,Siliconeskin azul controll PS4,1,9.99,9.99
METRO MALL,ACCESORIO,PLAYSTATION 4 - PS4,849172001787,Thumb Grips PS4 ,1,12.99,12.99
METRO MALL,ACCESORIO,PLAYSTATION 4 - PS4,849172003057,Dual Charging Station KMD PS4,1,29.99,29.99
METRO MALL,ACCESORIO,PLAYSTATION 4 - PS4,849172003071,Siliconeskin azul controll PS4,1,9.99,9.99
METRO MALL,ACCESORIO,PLAYSTATION 4 - PS4,849172003064,Siliconeskin negrocontroll PS4,1,9.99,9.99
METRO MALL,ACCESORIO,PLAYSTATION 4 - PS4,849172001787,Thumb Grips PS4 ,1,12.99,12.99
METRO MALL,ACCESORIO,PLAYSTATION 4 - PS4,849172003071,Siliconeskin azul controll PS4,1,9.99,9.99
METRO MALL,AUDIFONOS,GAMING,728658041724,Headset Wired Kunai Negro ,1,79.99,79.99
METRO MALL,AUDIFONOS,GAMING,731855030057,Earforce Pla ,1,69.99,69.99
METRO MALL,AUDIFONOS,GAMING,728658041724,Headset Wired Kunai Negro ,1,79.99,79.99
METRO MALL,AUDIFONOS,GAMING,728658042066,Headset Kama PS4,1,39.99,39.99
METRO MALL,AUDIFONOS,GAMING,728658042066,Headset Kama PS4,1,39.99,39.99
METRO MALL,ACCESORIO,PLAYSTATION 3,849172003446,Cable cargador Twin  KMD - PS3,1,19.99,19.99
METRO MALL,ACCESORIO,PLAYSTATION 3,849172003446,Cable cargador Twin  KMD - PS3,1,19.99,19.99
METRO MALL,ACCESORIO,PLAYSTATION 3,849172003446,Cable cargador Twin  KMD - PS3,1,19.99,19.99
METRO MALL,ACCESORIO,PLAYSTATION 3,711719983491,HDMI Sony 2M PS3,1,29.99,29.99
METRO MALL,ACCESORIO,PLAYSTATION 3,849172003446,Cable cargador Twin  KMD - PS3,1,19.99,19.99
METRO MALL,ACCESORIO,PSVita,708056004958,Trigger Grips PSVITA 2000,1,19.99,19.99
METRO MALL,ACCESORIO,PSVita,708056004989,Protective screen guards PSVIT,1,9.99,9.99
METRO MALL,ACCESORIO,PSVita,708056004965,Silicone Skin Psvita,1,15.99,15.99
METRO MALL,ACCESORIO,PSVita,849172003644,Ac Adacter Psvita,1,19.99,19.99
METRO MALL,ACCESORIO,PSVita,812820046898,KMD Silicon Twin Pack PSV,1,15.99,15.99
METRO MALL,ACCESORIO,PSVita,708056004965,Silicone Skin Psvita,1,15.99,15.99
METRO MALL,ACCESORIO,PSVita,708056004989,Protective screen guards PSVIT,1,9.99,9.99
METRO MALL,ACCESORIO,NINTENDO WIIU,849172001251,Cable cargador KMD - Wiiu,1,12.99,12.99
METRO MALL,ACCESORIO,NINTENDO WII,45496891442,Wii Remote Plus Luigi,1,49.99,49.99
METRO MALL,ACCESORIO,NINTENDO 3DS,617885009785,Bundle Starte kit 3dsxl new,1,19.99,19.99
METRO MALL,ACCESORIO,NINTENDO 3DS,873124004229,Hard pouch 3DS/XL/DSI/DSLXL,1,19.99,19.99
METRO MALL,ACCESORIO,NINTENDO 3DS,849172000612,Aluminum Armor Case Rojo 3dsxl,1,15.99,15.99
METRO MALL,ACCESORIO,NINTENDO 3DS,708056054311,Clip Armor Super mario New3dsx,1,19.99,19.99
METRO MALL,ACCESORIO,XBOX ONE,885370603903,Control inalambrico xbox one,1,69.99,69.99
METRO MALL,ACCESORIO,XBOX ONE,849172003118,Controller Si. Grip Blue  XO,1,9.99,9.99
METRO MALL,ACCESORIO,XBOX ONE,885370603989,Play and Charge Kit - Xboxone,1,39.99,39.99
METRO MALL,ACCESORIO,XBOX ONE,743840861058,Batterie rechargeable XB1,1,19.99,19.99
METRO MALL,ACCESORIO,XBOX 360,885370145717,Wired Control - XBOX360,1,49.99,49.99
METRO MALL,ACCESORIO,XBOX 360,885370145717,Wired Control - XBOX360,1,49.99,49.99
METRO MALL,ACCESORIO,XBOX 360,885370114843,Control Inala/Negro - XBOX 360,1,59.99,59.99
METRO MALL,ACCESORIO,XBOX 360,885370769050,Play & Charge KIt X360,1,29.99,29.99
METRO MALL,VIDEO JUEGO,PLAYSTATION 4- PS4,14633368611,NFS PS4,1,69.99,69.99
METRO MALL,VIDEO JUEGO,PLAYSTATION 4- PS4,711719500575,PES 15 PS4,1,0.01,0.01
METRO MALL,ACCESORIO,TOYS 2 LIFE,712725026349,Disney infinity 2.0 Yondu ,1,19.99,19.99
METRO MALL,VIDEO JUEGO,PLAYSTATION 4- PS4,710425475290,GTA V PS4,1,69.99,69.99
METRO MALL,VIDEO JUEGO,PLAYSTATION 4- PS4,83717203063,PES 16 PS4,1,34.99,34.99
METRO MALL,VIDEO JUEGO,PLAYSTATION 4- PS4,722674120388,Naruto Shippuden UNS4 PS4,1,69.99,69.99
METRO MALL,VIDEO JUEGO,PLAYSTATION 4- PS4,710425476570,NBA 2K16 PS4,1,69.99,69.99
METRO MALL,VIDEO JUEGO,PLAYSTATION 4- PS4,722674120388,Naruto Shippuden UNS4 PS4,1,69.99,69.99
METRO MALL,VIDEO JUEGO,PLAYSTATION 4- PS4,722674120388,Naruto Shippuden UNS4 PS4,1,69.99,69.99
METRO MALL,VIDEO JUEGO,PLAYSTATION 4- PS4,883929366927,Lego MarvelSuper Heroes - PS4,1,39.99,39.99
METRO MALL,ACCESORIO,PLAYSTATION 4 - PS4,711719051503,Dualshock 4 Camo - PS4,1,79.99,79.99
METRO MALL,ACCESORIO,PLAYSTATION 4 - PS4,711719100423,Camara - PS4,1,69.99,69.99
METRO MALL,ACCESORIO,PLAYSTATION 4 - PS4,711719051503,Dualshock 4 Camo - PS4,1,79.99,79.99
METRO MALL,ACCESORIO,TOYS 2 LIFE,47875870925,Skylanders TT Hijinx &Eye Smal,1,19.99,19.99
METRO MALL,ACCESORIO,PLAYSTATION 4 - PS4,711719051503,Dualshock 4 Camo - PS4,1,79.99,79.99
METRO MALL,ACCESORIO,PLAYSTATION 4 - PS4,711719051503,Dualshock 4 Camo - PS4,1,79.99,79.99
METRO MALL,ACCESORIO,PLAYSTATION 4 - PS4,711719100423,Camara - PS4,1,69.99,69.99
METRO MALL,ACCESORIO,TOYS 2 LIFE,47875875166,Skylanders Superchargers Frigh,1,24.99,24.99
METRO MALL,ACCESORIO,PLAYSTATION 4 - PS4,711719100423,Camara - PS4,1,69.99,69.99
METRO MALL,VIDEO JUEGO,PLAYSTATION 4- PS4,883929366927,Lego MarvelSuper Heroes - PS4,1,39.99,39.99
METRO MALL,ACCESORIO,TARJETAS,711719039792,PSN Plus 3 Month,1,24.99,24.99
METRO MALL,ACCESORIO,TARJETAS,711719039792,PSN Plus 3 Month,1,24.99,24.99
METRO MALL,ACCESORIO,TARJETAS,711719039792,PSN Plus 3 Month,1,24.99,24.99
METRO MALL,ACCESORIO,TARJETAS,711719039792,PSN Plus 3 Month,1,24.99,24.99
METRO MALL,ACCESORIO,TARJETAS,711719039792,PSN Plus 3 Month,1,24.99,24.99
METRO MALL,ACCESORIO,TARJETAS,711719039792,PSN Plus 3 Month,1,24.99,24.99
METRO MALL,ACCESORIO,TARJETAS,711719039792,PSN Plus 3 Month,1,24.99,24.99
METRO MALL,ACCESORIO,TARJETAS,711719039792,PSN Plus 3 Month,1,24.99,24.99
METRO MALL,ACCESORIO,TARJETAS,711719039792,PSN Plus 3 Month,1,24.99,24.99
METRO MALL,ACCESORIO,TARJETAS,711719039792,PSN Plus 3 Month,1,24.99,24.99
METRO MALL,ACCESORIO,TARJETAS,711719039792,PSN Plus 3 Month,1,24.99,24.99
METRO MALL,ACCESORIO,NINTENDO 3DS,617885009761,Starter Kit Zelda 3DS,1,29.99,29.99
METRO MALL,ACCESORIO,NINTENDO 3DS,708056054311,Clip Armor Super mario New3dsx,1,19.99,19.99
METRO MALL,ACCESORIO,NINTENDO 3DS,663293104819,Mario Game traveler 3DS,1,19.99,19.99
METRO MALL,ACCESORIO,NINTENDO WIIU,708056585303,Nerf Game Pad Armor Wiiu,1,29.99,29.99
METRO MALL,ACCESORIO,TARJETAS,711719039792,PSN Plus 3 Month,1,24.99,24.99
METRO MALL,ACCESORIO,TARJETAS,711719039792,PSN Plus 3 Month,1,24.99,24.99
METRO MALL,ACCESORIO,TARJETAS,711719039792,PSN Plus 3 Month,1,24.99,24.99
METRO MALL,ACCESORIO,TARJETAS,711719039792,PSN Plus 3 Month,1,24.99,24.99
METRO MALL,ACCESORIO,TARJETAS,711719039792,PSN Plus 3 Month,1,24.99,24.99
METRO MALL,ACCESORIO,TARJETAS,711719039792,PSN Plus 3 Month,1,24.99,24.99
METRO MALL,ACCESORIO,NINTENDO WIIU,708056585303,Nerf Game Pad Armor Wiiu,1,29.99,29.99
METRO MALL,ACCESORIO,NINTENDO WIIU,849172001251,Cable cargador KMD - Wiiu,1,12.99,12.99
METRO MALL,ACCESORIO,TARJETAS,711719039792,PSN Plus 3 Month,1,24.99,24.99
METRO MALL,ACCESORIO,TARJETAS,711719039792,PSN Plus 3 Month,1,24.99,24.99
METRO MALL,ACCESORIO,TARJETAS,711719039792,PSN Plus 3 Month,1,24.99,24.99
METRO MALL,ACCESORIO,TARJETAS,711719039792,PSN Plus 3 Month,1,24.99,24.99
METRO MALL,ACCESORIO,TARJETAS,711719039792,PSN Plus 3 Month,1,24.99,24.99
METRO MALL,ACCESORIO,TARJETAS,711719039792,PSN Plus 3 Month,1,24.99,24.99
METRO MALL,ACCESORIO,TARJETAS,711719039792,PSN Plus 3 Month,1,24.99,24.99
METRO MALL,ACCESORIO,NINTENDO WIIU,849172001251,Cable cargador KMD - Wiiu,1,12.99,12.99
METRO MALL,ACCESORIO,NINTENDO 3DS,873124005288,Case dura flexi clear 3dsxl,1,12.99,12.99
METRO MALL,ACCESORIO,TARJETAS,711719039792,PSN Plus 3 Month,1,24.99,24.99
METRO MALL,ACCESORIO,TARJETAS,711719039792,PSN Plus 3 Month,1,24.99,24.99
METRO MALL,ACCESORIO,TARJETAS,711719039792,PSN Plus 3 Month,1,24.99,24.99
METRO MALL,ACCESORIO,TARJETAS,711719039792,PSN Plus 3 Month,1,24.99,24.99
METRO MALL,ACCESORIO,VARIADO,849172003286,HDMI Cable universal KMD,1,19.99,19.99
METRO MALL,ACCESORIO,VARIADO,4535123819261,Toy - Dragon ball figure,1,7.99,7.99
METRO MALL,ACCESORIO,VARIADO,849172003286,HDMI Cable universal KMD,1,19.99,19.99
METRO MALL,VIDEO JUEGO,PS VITA,14633197488,NFS Most Wanted PSV,1,29.99,29.99
METRO MALL,VIDEO JUEGO,XBOX 360,883929241293,Mortal Kombat Komplete Ed X360,1,39.99,39.99
METRO MALL,VIDEO JUEGO,NINTENDO 3DS,722674700634,Dragon Ball Z extr. butome 3DS,1,39.99,39.99
METRO MALL,VIDEO JUEGO,NINTENDO 3DS,722674700634,Dragon Ball Z extr. butome 3DS,1,39.99,39.99
METRO MALL,VIDEO JUEGO,NINTENDO 3DS,45496742539,Zelda A Link Betwen Worlds 3DS,1,49.99,49.99
METRO MALL,ACCESORIO,NINTENDO 3DS,45496891503,AC Adapter Nintendo 3DS ,1,19.99,19.99
METRO MALL,VIDEO JUEGO,PLAYSTATION 3 - PS3 ,711719051343,Minecraft PS3,1,29.99,29.99
METRO MALL,VIDEO JUEGO,PLAYSTATION 3 - PS3 ,47875874251,COD Advanced Wa.15 BONU  PS3,1,69.99,69.99
METRO MALL,VIDEO JUEGO,PLAYSTATION 3 - PS3 ,711719051343,Minecraft PS3,1,29.99,29.99
METRO MALL,ACCESORIO,XBOX ONE,885370814163,Control/Play & charge xbox one,1,89.99,89.99
METRO MALL,ACCESORIO,TARJETAS,711719039792,PSN Plus 3 Month,1,24.99,24.99
METRO MALL,ACCESORIO,TARJETAS,711719039792,PSN Plus 3 Month,1,24.99,24.99
METRO MALL,ACCESORIO,TARJETAS,885370611250,Xbox Live $50,1,69.99,69.99
METRO MALL,VIDEO JUEGO,PLAYSTATION 3 - PS3 ,711719051343,Minecraft PS3,1,29.99,29.99
METRO MALL,VIDEO JUEGO,PLAYSTATION 3 - PS3 ,711719051343,Minecraft PS3,1,29.99,29.99
METRO MALL,VIDEO JUEGO,PLAYSTATION 3 - PS3 ,887256300579,Far Cry 4 PS3,1,49.99,49.99
METRO MALL,VIDEO JUEGO,PLAYSTATION 3 - PS3 ,711719051343,Minecraft PS3,1,29.99,29.99
METRO MALL,VIDEO JUEGO,PLAYSTATION 3 - PS3 ,711719051343,Minecraft PS3,1,29.99,29.99
METRO MALL,VIDEO JUEGO,PS VITA,711719221883,God of War - PSVITA,1,39.99,39.99
METRO MALL,VIDEO JUEGO,PS VITA,14633197488,NFS Most Wanted PSV,1,29.99,29.99
METRO MALL,VIDEO JUEGO,PS VITA,883929244157,Lego Batman 2 PSV,1,29.99,29.99
METRO MALL,ACCESORIO,TARJETAS,711719039808,PSN Plus 1 Year,1,69.99,69.99
METRO MALL,ACCESORIO,TARJETAS,711719039808,PSN Plus 1 Year,1,69.99,69.99
METRO MALL,ACCESORIO,TARJETAS,711719039808,PSN Plus 1 Year,1,69.99,69.99
METRO MALL,ACCESORIO,TARJETAS,711719039808,PSN Plus 1 Year,1,69.99,69.99
METRO MALL,ACCESORIO,TARJETAS,711719039808,PSN Plus 1 Year,1,69.99,69.99
METRO MALL,ACCESORIO,TARJETAS,711719039808,PSN Plus 1 Year,1,69.99,69.99
METRO MALL,ACCESORIO,TARJETAS,711719039808,PSN Plus 1 Year,1,69.99,69.99
METRO MALL,ACCESORIO,TARJETAS,711719039808,PSN Plus 1 Year,1,69.99,69.99
METRO MALL,ACCESORIO,TARJETAS,711719039808,PSN Plus 1 Year,1,69.99,69.99
METRO MALL,ACCESORIO,TARJETAS,711719039808,PSN Plus 1 Year,1,69.99,69.99
METRO MALL,VIDEO JUEGO,PS VITA,14633197488,NFS Most Wanted PSV,1,29.99,29.99
METRO MALL,VIDEO JUEGO,PLAYSTATION 3 - PS3 ,722674111195,Dragon Ball Z Battle of Z-PS3,1,39.99,39.99
METRO MALL,VIDEO JUEGO,PS VITA,14633197488,NFS Most Wanted PSV,1,29.99,29.99
METRO MALL,VIDEO JUEGO,PS VITA,711719221883,God of War - PSVITA,1,39.99,39.99
METRO MALL,ACCESORIO,TARJETAS,711719039792,PSN Plus 3 Month,1,24.99,24.99
METRO MALL,ACCESORIO,TARJETAS,711719039792,PSN Plus 3 Month,1,24.99,24.99
METRO MALL,ACCESORIO,TARJETAS,711719039792,PSN Plus 3 Month,1,24.99,24.99
METRO MALL,ACCESORIO,TARJETAS,711719039792,PSN Plus 3 Month,1,24.99,24.99
METRO MALL,VIDEO JUEGO,PS VITA,883929405312,The Lego Movie Videogame PSVIT,1,29.99,29.99
METRO MALL,VIDEO JUEGO,PS VITA,14633197488,NFS Most Wanted PSV,1,29.99,29.99
METRO MALL,ACCESORIO,PLAYSTATION 3,711719990154,Dualshock 3 Rosado,1,59.99,59.99
METRO MALL,ACCESORIO,TARJETAS,711719039792,PSN Plus 3 Month,1,24.99,24.99
METRO MALL,ACCESORIO,TARJETAS,711719039792,PSN Plus 3 Month,1,24.99,24.99
METRO MALL,ACCESORIO,TARJETAS,711719039792,PSN Plus 3 Month,1,24.99,24.99
METRO MALL,ACCESORIO,TARJETAS,711719039792,PSN Plus 3 Month,1,24.99,24.99
METRO MALL,ACCESORIO,TARJETAS,711719039792,PSN Plus 3 Month,1,24.99,24.99
METRO MALL,ACCESORIO,TARJETAS,711719039792,PSN Plus 3 Month,1,24.99,24.99
METRO MALL,VIDEO JUEGO,PLAYSTATION 3 - PS3 ,711719051343,Minecraft PS3,1,29.99,29.99
METRO MALL,ACCESORIO,TARJETAS,711719039792,PSN Plus 3 Month,1,24.99,24.99
METRO MALL,ACCESORIO,TARJETAS,711719039792,PSN Plus 3 Month,1,24.99,24.99
METRO MALL,VIDEO JUEGO,PLAYSTATION 3 - PS3 ,711719051343,Minecraft PS3,1,29.99,29.99
METRO MALL,VIDEO JUEGO,PLAYSTATION 3 - PS3 ,887256300579,Far Cry 4 PS3,1,49.99,49.99
METRO MALL,VIDEO JUEGO,PLAYSTATION 3 - PS3 ,711719051343,Minecraft PS3,1,29.99,29.99
METRO MALL,VIDEO JUEGO,PLAYSTATION 3 - PS3 ,887256300579,Far Cry 4 PS3,1,49.99,49.99
METRO MALL,VIDEO JUEGO,PLAYSTATION 3 - PS3 ,711719051343,Minecraft PS3,1,29.99,29.99
METRO MALL,VIDEO JUEGO,PLAYSTATION 3 - PS3 ,711719051343,Minecraft PS3,1,29.99,29.99
METRO MALL,VIDEO JUEGO,PLAYSTATION 3 - PS3 ,887256300579,Far Cry 4 PS3,1,49.99,49.99
METRO MALL,VIDEO JUEGO,PLAYSTATION 4- PS4,883929366927,Lego MarvelSuper Heroes - PS4,1,39.99,39.99
METRO MALL,ACCESORIO,TOYS 2 LIFE,45496892234,Amiibo Yoshi Ligth Blue Yarn ,1,24.99,24.99
METRO MALL,VIDEO JUEGO,PLAYSTATION 4- PS4,883929366927,Lego MarvelSuper Heroes - PS4,1,39.99,39.99
METRO MALL,VIDEO JUEGO,PLAYSTATION 4- PS4,883929366927,Lego MarvelSuper Heroes - PS4,1,39.99,39.99
METRO MALL,VIDEO JUEGO,PLAYSTATION 4- PS4,14633733808,Madden 16- PS4,1,69.99,69.99
METRO MALL,VIDEO JUEGO,PLAYSTATION 4- PS4,14633733808,Madden 16- PS4,1,69.99,69.99
METRO MALL,VIDEO JUEGO,PLAYSTATION 4- PS4,14633733808,Madden 16- PS4,1,69.99,69.99
METRO MALL,ACCESORIO,TARJETAS,711719039808,PSN Plus 1 Year,1,69.99,69.99
METRO MALL,ACCESORIO,TARJETAS,711719039808,PSN Plus 1 Year,1,69.99,69.99
METRO MALL,ACCESORIO,TARJETAS,711719039808,PSN Plus 1 Year,1,69.99,69.99
METRO MALL,ACCESORIO,TARJETAS,711719039808,PSN Plus 1 Year,1,69.99,69.99
METRO MALL,ACCESORIO,TARJETAS,711719039808,PSN Plus 1 Year,1,69.99,69.99
METRO MALL,ACCESORIO,TARJETAS,711719039808,PSN Plus 1 Year,1,69.99,69.99
METRO MALL,ACCESORIO,TARJETAS,711719039808,PSN Plus 1 Year,1,69.99,69.99
METRO MALL,ACCESORIO,PLAYSTATION 4 - PS4,711719051473,Dualshock 4 Blanco - PS4,1,69.99,69.99
METRO MALL,ACCESORIO,PLAYSTATION 4 - PS4,711719100393,Dualshock 4 Negro - PS4,1,69.99,69.99
METRO MALL,ACCESORIO,PLAYSTATION 4 - PS4,711719039631,Dualshock 4 Azul - PS4,1,69.99,69.99
METRO MALL,ACCESORIO,PLAYSTATION 4 - PS4,711719051473,Dualshock 4 Blanco - PS4,1,69.99,69.99
METRO MALL,ACCESORIO,PLAYSTATION 4 - PS4,711719051473,Dualshock 4 Blanco - PS4,1,69.99,69.99
METRO MALL,ACCESORIO,PLAYSTATION 4 - PS4,711719100393,Dualshock 4 Negro - PS4,1,69.99,69.99
METRO MALL,ACCESORIO,PLAYSTATION 4 - PS4,711719051473,Dualshock 4 Blanco - PS4,1,69.99,69.99
METRO MALL,ACCESORIO,PLAYSTATION 4 - PS4,711719039617,Dualshock 4 Rojo - PS4,1,69.99,69.99
METRO MALL,ACCESORIO,PLAYSTATION 4 - PS4,711719051473,Dualshock 4 Blanco - PS4,1,69.99,69.99
METRO MALL,ACCESORIO,PLAYSTATION 4 - PS4,711719039631,Dualshock 4 Azul - PS4,1,69.99,69.99
METRO MALL,ACCESORIO,PLAYSTATION 4 - PS4,711719039631,Dualshock 4 Azul - PS4,1,69.99,69.99
METRO MALL,ACCESORIO,PLAYSTATION 4 - PS4,711719100393,Dualshock 4 Negro - PS4,1,69.99,69.99
METRO MALL,ACCESORIO,PLAYSTATION 4 - PS4,711719039617,Dualshock 4 Rojo - PS4,1,69.99,69.99
METRO MALL,ACCESORIO,PLAYSTATION 4 - PS4,711719039631,Dualshock 4 Azul - PS4,1,69.99,69.99
METRO MALL,ACCESORIO,PLAYSTATION 4 - PS4,711719100393,Dualshock 4 Negro - PS4,1,69.99,69.99
METRO MALL,ACCESORIO,PLAYSTATION 4 - PS4,711719051473,Dualshock 4 Blanco - PS4,1,69.99,69.99
METRO MALL,ACCESORIO,PLAYSTATION 4 - PS4,711719051473,Dualshock 4 Blanco - PS4,1,69.99,69.99
METRO MALL,ACCESORIO,PLAYSTATION 4 - PS4,711719051473,Dualshock 4 Blanco - PS4,1,69.99,69.99
METRO MALL,ACCESORIO,PLAYSTATION 4 - PS4,711719039617,Dualshock 4 Rojo - PS4,1,69.99,69.99
METRO MALL,ACCESORIO,PLAYSTATION 4 - PS4,711719100393,Dualshock 4 Negro - PS4,1,69.99,69.99
METRO MALL,ACCESORIO,PLAYSTATION 4 - PS4,711719039617,Dualshock 4 Rojo - PS4,1,69.99,69.99
METRO MALL,ACCESORIO,PLAYSTATION 4 - PS4,711719039631,Dualshock 4 Azul - PS4,1,69.99,69.99
METRO MALL,ACCESORIO,PLAYSTATION 4 - PS4,711719051473,Dualshock 4 Blanco - PS4,1,69.99,69.99
METRO MALL,VIDEO JUEGO,PLAYSTATION 4- PS4,711719501312,God of war III remast.PS4,1,49.99,49.99
METRO MALL,ACCESORIO,PLAYSTATION 4 - PS4,711719100393,Dualshock 4 Negro - PS4,1,69.99,69.99
METRO MALL,ACCESORIO,PLAYSTATION 4 - PS4,711719039631,Dualshock 4 Azul - PS4,1,69.99,69.99
METRO MALL,VIDEO JUEGO,PLAYSTATION 4- PS4,711719100461,Infamous Second Son PS4,1,49.99,49.99
METRO MALL,ACCESORIO,PLAYSTATION 4 - PS4,711719100393,Dualshock 4 Negro - PS4,1,69.99,69.99
METRO MALL,ACCESORIO,PLAYSTATION 4 - PS4,711719051473,Dualshock 4 Blanco - PS4,1,69.99,69.99
METRO MALL,ACCESORIO,PLAYSTATION 4 - PS4,711719051473,Dualshock 4 Blanco - PS4,1,69.99,69.99
METRO MALL,ACCESORIO,PLAYSTATION 4 - PS4,711719039631,Dualshock 4 Azul - PS4,1,69.99,69.99
METRO MALL,ACCESORIO,PLAYSTATION 4 - PS4,711719051473,Dualshock 4 Blanco - PS4,1,69.99,69.99
METRO MALL,VIDEO JUEGO,PLAYSTATION 3 - PS3 ,10086690552,Sonic Generations FAV PS3,1,19.99,19.99
METRO MALL,VIDEO JUEGO,PLAYSTATION 3 - PS3 ,10086690552,Sonic Generations FAV PS3,1,19.99,19.99
METRO MALL,VIDEO JUEGO,PLAYSTATION 3 - PS3 ,711719992790,King Of Fighters 13 FAV - PS3,1,19.99,19.99
METRO MALL,VIDEO JUEGO,PLAYSTATION 3 - PS3 ,13388922017,Devil May Cry HD Collect PS3,1,19.99,19.99
METRO MALL,VIDEO JUEGO,PLAYSTATION 3 - PS3 ,722674111911,Saint Seiya Soldiers Soul PS3,1,39.99,39.99
METRO MALL,VIDEO JUEGO,PLAYSTATION 3 - PS3 ,10086690552,Sonic Generations FAV PS3,1,19.99,19.99
METRO MALL,VIDEO JUEGO,PLAYSTATION 3 - PS3 ,711719992790,King Of Fighters 13 FAV - PS3,1,19.99,19.99
METRO MALL,VIDEO JUEGO,PLAYSTATION 3 - PS3 ,10086690552,Sonic Generations FAV PS3,1,19.99,19.99
METRO MALL,VIDEO JUEGO,PLAYSTATION 3 - PS3 ,13388922017,Devil May Cry HD Collect PS3,1,19.99,19.99
METRO MALL,ACCESORIO,PLAYSTATION 3,711719984757,Dualshock 3 Azul PS3,1,59.99,59.99
METRO MALL,ACCESORIO,PLAYSTATION 3,711719984757,Dualshock 3 Azul PS3,1,59.99,59.99
METRO MALL,ACCESORIO,PLAYSTATION 3,711719990062,Dualshock negro PS3,1,59.99,59.99
METRO MALL,ACCESORIO,PLAYSTATION 3,711719990062,Dualshock negro PS3,1,59.99,59.99
METRO MALL,CONSOLAS,PLAYSTATION 4 - PS4,711719502470,PS4 Uncharted Collect Bundle ,1,399.99,399.99
METRO MALL,CONSOLAS,PLAYSTATION 4 - PS4,711719502104,PS4 God of War Bundle,1,499.99,499.99
METRO MALL,CONSOLAS,PLAYSTATION 4 - PS4,711719502470,PS4 Uncharted Collect Bundle ,1,499.99,499.99
METRO MALL,CONSOLAS,PLAYSTATION 4 - PS4,711719502470,PS4 Uncharted Collect Bundle ,1,499.99,499.99
METRO MALL,CONSOLAS,PLAYSTATION 4 - PS4,711719503040,PS4 Fifa 16 Bundle,1,499.99,499.99
METRO MALL,CONSOLAS,PLAYSTATION 4 - PS4,711719502470,PS4 Uncharted Collect Bundle ,1,499.99,499.99
METRO MALL,ACCESORIO,PLAYSTATION 3,711719984757,Dualshock 3 Azul PS3,1,59.99,59.99
METRO MALL,ACCESORIO,PLAYSTATION 3,711719990062,Dualshock negro PS3,1,59.99,59.99
METRO MALL,ACCESORIO,PLAYSTATION 3,711719990062,Dualshock negro PS3,1,59.99,59.99
METRO MALL,AUDIFONOS,GAMING,711719100294,Wireless Headset Gold ,1,129.99,129.99
METRO MALL,AUDIFONOS,GAMING,711719100294,Wireless Headset Gold ,1,129.99,129.99
METRO MALL,ACCESORIO,PLAYSTATION 3,711719990062,Dualshock negro PS3,1,59.99,59.99
METRO MALL,ACCESORIO,PLAYSTATION 3,711719990062,Dualshock negro PS3,1,59.99,59.99
METRO MALL,ACCESORIO,PLAYSTATION 3,711719984757,Dualshock 3 Azul PS3,1,59.99,59.99
METRO MALL,ACCESORIO,PLAYSTATION 3,711719984757,Dualshock 3 Azul PS3,1,59.99,59.99
METRO MALL,ACCESORIO,PLAYSTATION 3,711719990062,Dualshock negro PS3,1,59.99,59.99
METRO MALL,ACCESORIO,PLAYSTATION 3,711719990062,Dualshock negro PS3,1,59.99,59.99
METRO MALL,ACCESORIO,PLAYSTATION 3,711719990062,Dualshock negro PS3,1,59.99,59.99
METRO MALL,ACCESORIO,PLAYSTATION 4 - PS4,711719039617,Dualshock 4 Rojo - PS4,1,69.99,69.99
METRO MALL,ACCESORIO,PLAYSTATION 4 - PS4,711719051473,Dualshock 4 Blanco - PS4,1,69.99,69.99
METRO MALL,CONSOLAS,PLAYSTATION 4 - PS4,711719502470,PS4 Uncharted Collect Bundle ,1,499.99,499.99
METRO MALL,CONSOLAS,PLAYSTATION 4 - PS4,711719502470,PS4 Uncharted Collect Bundle ,1,499.99,499.99
METRO MALL,CONSOLAS,PLAYSTATION 4 - PS4,711719502470,PS4 Uncharted Collect Bundle ,1,399.99,399.99
METRO MALL,CONSOLAS,PLAYSTATION 4 - PS4,711719502470,PS4 Uncharted Collect Bundle ,1,499.99,499.99
METRO MALL,CONSOLAS,PLAYSTATION 4 - PS4,711719502470,PS4 Uncharted Collect Bundle ,1,449.99,449.99
METRO MALL,CONSOLAS,PLAYSTATION 4 - PS4,711719502470,PS4 Uncharted Collect Bundle ,1,399.99,399.99
METRO MALL,CONSOLAS,PLAYSTATION 4 - PS4,711719502470,PS4 Uncharted Collect Bundle ,1,499.99,499.99
METRO MALL,CONSOLAS,PLAYSTATION 4 - PS4,711719502470,PS4 Uncharted Collect Bundle ,1,499.99,499.99
METRO MALL,CONSOLAS,PLAYSTATION 4 - PS4,711719502470,PS4 Uncharted Collect Bundle ,1,499.99,499.99
METRO MALL,CONSOLAS,PLAYSTATION 4 - PS4,711719502470,PS4 Uncharted Collect Bundle ,1,499.99,499.99
METRO MALL,VIDEO JUEGO,PLAYSTATION 4- PS4,711719501312,God of war III remast.PS4,1,49.99,49.99
METRO MALL,VIDEO JUEGO,PLAYSTATION 4- PS4,711719051817,The Last of Us PS4,1,59.99,59.99
METRO MALL,VIDEO JUEGO,PLAYSTATION 4- PS4,711719501312,God of war III remast.PS4,1,49.99,49.99
METRO MALL,VIDEO JUEGO,PLAYSTATION 4- PS4,711719100461,Infamous Second Son PS4,1,49.99,49.99
METRO MALL,VIDEO JUEGO,PLAYSTATION 4- PS4,711719501381,Uncharted The Nathan Dra. PS4,1,69.99,69.99
 MULTI CENTRO,No data,No data,No data,No data,302,,16946.11
MULTI CENTRO,ACCESORIO,NINTENDO WIIU,873124005509,Silicone procte Super M. Wiiu ,1,19.99,19.99
MULTI CENTRO,ACCESORIO,NINTENDO WIIU,45496892456,Wii Remote Plus Bowser,1,49.99,49.99
MULTI CENTRO,VIDEO JUEGO,PLAYSTATION 4- PS4,883929474110,Lego marvel avengers PS4,1,69.99,69.99
MULTI CENTRO,ACCESORIO,PLAYSTATION 4 - PS4,804551664724,Thumb Grips Black PS4 - XB1,1,12.99,12.99
MULTI CENTRO,VIDEO JUEGO,PS VITA,711719221272,Jak and daxter PSVITA,1,29.99,29.99
MULTI CENTRO,CONSOLAS,NINTENDO 3DS,45496781330,NINTENDO 3DS XL SNES,1,219.99,219.99
MULTI CENTRO,VIDEO JUEGO,PLAYSTATION 3 - PS3 ,8888397694,Rayman Legends PS3,1,29.99,29.99
MULTI CENTRO,VIDEO JUEGO,PLAYSTATION 3 - PS3 ,711719039235,Borderlands - PS3,1,19.99,19.99
MULTI CENTRO,VIDEO JUEGO,PLAYSTATION 3 - PS3 ,710425473043,GTA V PS3,1,49.99,49.99
MULTI CENTRO,VIDEO JUEGO,PLAYSTATION 4- PS4,722674120388,Naruto Shippuden UNS4 PS4,1,69.99,69.99
MULTI CENTRO,VIDEO JUEGO,PLAYSTATION 4- PS4,812872018522,Payday 2  PS4,1,39.99,39.99
MULTI CENTRO,VIDEO JUEGO,PLAYSTATION 4- PS4,662248916484,Final Fantasy X/X-2HD L.E  PS4,1,59.99,59.99
MULTI CENTRO,VIDEO JUEGO,PLAYSTATION 4- PS4,722674120166,Dragon Ball Xenoverse PS4,1,69.99,69.99
MULTI CENTRO,VIDEO JUEGO,PLAYSTATION 4- PS4,662248916514,Dragon Quest Heroes PS4,1,49.99,49.99
MULTI CENTRO,VIDEO JUEGO,PLAYSTATION 4- PS4,642337732553,The Witcher:Wild Hunt PS4,1,69.99,69.99
MULTI CENTRO,VIDEO JUEGO,PLAYSTATION 4- PS4,14633735499,Fifa 16 PS4,1,0.01,0.01
MULTI CENTRO,VIDEO JUEGO,PLAYSTATION 4- PS4,722674120401,Saint Seiya Soldiers Soul PS4,1,59.99,59.99
MULTI CENTRO,VIDEO JUEGO,PLAYSTATION 4- PS4,14633735499,Fifa 16 PS4,1,59.99,59.99
MULTI CENTRO,VIDEO JUEGO,PLAYSTATION 4- PS4,14633735079,Nba Live 16 PS4,1,69.99,69.99
MULTI CENTRO,VIDEO JUEGO,PLAYSTATION 4- PS4,13388937028,Street Fighter V - PS4,1,69.99,69.99
MULTI CENTRO,VIDEO JUEGO,PLAYSTATION 4- PS4,13388937028,Street Fighter V - PS4,1,69.99,69.99
MULTI CENTRO,VIDEO JUEGO,PLAYSTATION 4- PS4,722674120456,Digimon Story Cyber Sleuth PS4,1,69.99,69.99
MULTI CENTRO,VIDEO JUEGO,PLAYSTATION 4- PS4,883929530618,Dying Light the following  PS4,1,69.99,69.99
MULTI CENTRO,VIDEO JUEGO,PLAYSTATION 4- PS4,14633731781,Plants vs Zombies GW PS4,1,49.99,49.99
MULTI CENTRO,VIDEO JUEGO,PLAYSTATION 4- PS4,710425476785,WWE 2k16 -PS4,1,69.99,69.99
MULTI CENTRO,VIDEO JUEGO,PLAYSTATION 4- PS4,14633735499,Fifa 16 PS4,1,59.99,59.99
MULTI CENTRO,VIDEO JUEGO,PLAYSTATION 4- PS4,722674120166,Dragon Ball Xenoverse PS4,1,69.99,69.99
MULTI CENTRO,VIDEO JUEGO,PLAYSTATION 4- PS4,662248916682,Life is Strange PS4,1,49.99,49.99
MULTI CENTRO,VIDEO JUEGO,PLAYSTATION 4- PS4,814290013332,WRC 5 PS4,1,59.99,59.99
MULTI CENTRO,VIDEO JUEGO,PLAYSTATION 4- PS4,14633370461,Star Wars Battlefront PS4,1,69.99,69.99
MULTI CENTRO,VIDEO JUEGO,PLAYSTATION 4- PS4,14633370461,Star Wars Battlefront PS4,1,69.99,69.99
MULTI CENTRO,VIDEO JUEGO,PLAYSTATION 4- PS4,814290013332,WRC 5 PS4,1,59.99,59.99
MULTI CENTRO,VIDEO JUEGO,PLAYSTATION 4- PS4,642337732553,The Witcher:Wild Hunt PS4,1,69.99,69.99
MULTI CENTRO,CONSOLAS,NINTENDO WII U,45496881733,Nintendo Wiiu Mario Kart 8 DL,1,369.99,369.99
MULTI CENTRO,CONSOLAS,NINTENDO WII U,45496881733,Nintendo Wiiu Mario Kart 8 DL,1,369.99,369.99
MULTI CENTRO,VIDEO JUEGO,PLAYSTATION 4- PS4,887256300340,Assassins Creed Unity PS4,1,0.01,0.01
MULTI CENTRO,ACCESORIO,XBOX ONE,885370818260,Control inalambrico Camo X1,1,74.99,74.99
MULTI CENTRO,VIDEO JUEGO,NINTENDO WII U,883929280483,Game Party Champions Wiiu,1,0.01,0.01
MULTI CENTRO,VIDEO JUEGO,NINTENDO WII U,883929326969,Lego Marvel Super Heroes WII U,1,29.99,29.99
MULTI CENTRO,VIDEO JUEGO,PLAYSTATION 3 - PS3 ,883929326976,Lego Marvel Super Heroes PS3,1,29.99,29.99
MULTI CENTRO,VIDEO JUEGO,PS VITA,13388370030,Street fighter X Tekken PSV,1,39.99,39.99
MULTI CENTRO,VIDEO JUEGO,NINTENDO WII U,883929280483,Game Party Champions Wiiu,1,0.01,0.01
MULTI CENTRO,VIDEO JUEGO,NINTENDO WII U,883929326969,Lego Marvel Super Heroes WII U,1,29.99,29.99
MULTI CENTRO,VIDEO JUEGO,PLAYSTATION 4- PS4,887256014711,Rainbow Six PS4,1,69.99,69.99
MULTI CENTRO,VIDEO JUEGO,PLAYSTATION 4- PS4,887256015084,Assassins Creed Syndicate- PS4,1,0.01,0.01
MULTI CENTRO,VIDEO JUEGO,PLAYSTATION 4- PS4,711719053293,Minecraft PS4,1,29.99,29.99
MULTI CENTRO,VIDEO JUEGO,PLAYSTATION 4- PS4,883929323371,Injustice Gods Among Us UL PS4,1,39.99,39.99
MULTI CENTRO,VIDEO JUEGO,PS VITA,883929319664,Batman Arkham Origins PSVITA,1,29.99,29.99
MULTI CENTRO,VIDEO JUEGO,PLAYSTATION 4- PS4,711719100447,The Order 1886 PS4,1,39.99,39.99
MULTI CENTRO,VIDEO JUEGO,PLAYSTATION 4- PS4,711719500278,The Evil Within  PS4,1,62.99,62.99
MULTI CENTRO,ACCESORIO,TOYS 2 LIFE,712725027506,Disney infinity 3.0 Dark V Lig,1,19.99,19.99
MULTI CENTRO,ACCESORIO,TOYS 2 LIFE,712725027087,Disney infinity 3.0 Han Solo,1,19.99,19.99
MULTI CENTRO,ACCESORIO,TOYS 2 LIFE,712725027285,Disney infinity 3.0 Power Disc,1,9.99,9.99
MULTI CENTRO,VIDEO JUEGO,XBOX 360,83717301776,PES 14 XBOX,1,19.99,19.99
MULTI CENTRO,VIDEO JUEGO,XBOX 360,894515001658,Minecraft Story Mode  XB360,1,39.99,39.99
MULTI CENTRO,VIDEO JUEGO,XBOX 360,13388330225,Resident Evil 5 (G.E) - XBOX36,1,29.99,29.99
MULTI CENTRO,VIDEO JUEGO,XBOX 360,14633192193,NFS Shift - XBOX 3,1,29.99,29.99
MULTI CENTRO,VIDEO JUEGO,XBOX 360,710425397172,Midnight Club L.A.C.E - XBOX,1,19.99,19.99
MULTI CENTRO,VIDEO JUEGO,PLAYSTATION 3 - PS3 ,83717203087,PES 16-PS3,1,39.99,39.99
MULTI CENTRO,VIDEO JUEGO,NINTENDO 3DS,662248916576,Final fantasy Explorers 3DS ,1,49.99,49.99
MULTI CENTRO,VIDEO JUEGO,PLAYSTATION 3 - PS3 ,83717203087,PES 16-PS3,1,59.99,59.99
MULTI CENTRO,VIDEO JUEGO,PLAYSTATION 3 - PS3 ,711719990871,God of War Ascension PS3,1,29.99,29.99
MULTI CENTRO,ACCESORIO,TARJETAS,799366104667,Nintendo eShop $20,1,29.99,29.99
MULTI CENTRO,ACCESORIO,TARJETAS,711719432500,PSN $10,1,15.99,15.99
MULTI CENTRO,ACCESORIO,TARJETAS,799366086444,Google Play $15,2,19.99,39.98
MULTI CENTRO,VIDEO JUEGO,PS VITA,883929474240,Lego marvel avengers PSVITA,1,39.99,39.99
MULTI CENTRO,VIDEO JUEGO,NINTENDO WII U,883929474066,Lego marvel avengers Wiiu,1,59.99,59.99
MULTI CENTRO,VIDEO JUEGO,NINTENDO WII U,883929474066,Lego marvel avengers Wiiu,1,59.99,59.99
MULTI CENTRO,VIDEO JUEGO,PLAYSTATION 3 - PS3 ,710425377167,MIdnight Club L.A.C.E - PS3,1,29.99,29.99
MULTI CENTRO,VIDEO JUEGO,PLAYSTATION 3 - PS3 ,710425473043,GTA V PS3,1,49.99,49.99
MULTI CENTRO,VIDEO JUEGO,PLAYSTATION 3 - PS3 ,710425476808,WWE 2k16 -PS3,1,69.99,69.99
MULTI CENTRO,VIDEO JUEGO,PLAYSTATION 3 - PS3 ,710425476808,WWE 2k16 -PS3,1,69.99,69.99
MULTI CENTRO,VIDEO JUEGO,PLAYSTATION 3 - PS3 ,14633192926,Skate 3 - PS3,1,39.99,39.99
MULTI CENTRO,VIDEO JUEGO,XBOX 360,83717302131,PES 16- XBOX 360,1,24.99,24.99
MULTI CENTRO,VIDEO JUEGO,XBOX 360,710425493034,GTA V X360,1,49.99,49.99
MULTI CENTRO,VIDEO JUEGO,XBOX ONE,14633369427,Star Wars Battlefront XONE,1,69.99,69.99
MULTI CENTRO,VIDEO JUEGO,XBOX ONE,883929530601,Dying Light the following XB1,1,69.99,69.99
MULTI CENTRO,VIDEO JUEGO,PLAYSTATION 3 - PS3 ,883929472888,Lego jurassic World PS3,1,49.99,49.99
MULTI CENTRO,VIDEO JUEGO,PLAYSTATION 3 - PS3 ,83717203087,PES 16-PS3,1,39.99,39.99
MULTI CENTRO,VIDEO JUEGO,PLAYSTATION 3 - PS3 ,47875840591,COD 4 - PS3,1,19.99,19.99
MULTI CENTRO,VIDEO JUEGO,PLAYSTATION 3 - PS3 ,83717203087,PES 16-PS3,1,24.99,24.99
MULTI CENTRO,VIDEO JUEGO,PLAYSTATION 3 - PS3 ,83717203087,PES 16-PS3,1,24.99,24.99
MULTI CENTRO,VIDEO JUEGO,PLAYSTATION 3 - PS3 ,83717203087,PES 16-PS3,1,24.99,24.99
MULTI CENTRO,VIDEO JUEGO,PLAYSTATION 3 - PS3 ,14633152753,NFS Carbon - PS3,1,29.99,29.99
MULTI CENTRO,VIDEO JUEGO,PLAYSTATION 3 - PS3 ,47875840591,COD 4 - PS3,1,19.99,19.99
MULTI CENTRO,VIDEO JUEGO,PLAYSTATION 3 - PS3 ,711719991830,The Last of Us PS3,1,49.99,49.99
MULTI CENTRO,VIDEO JUEGO,PLAYSTATION 3 - PS3 ,83717203087,PES 16-PS3,1,24.99,24.99
MULTI CENTRO,VIDEO JUEGO,PLAYSTATION 3 - PS3 ,14633735444,Fifa 16 PS3,1,59.99,59.99
MULTI CENTRO,VIDEO JUEGO,PLAYSTATION 3 - PS3 ,83717203087,PES 16-PS3,1,24.99,24.99
MULTI CENTRO,VIDEO JUEGO,PLAYSTATION 3 - PS3 ,83717203087,PES 16-PS3,1,24.99,24.99
MULTI CENTRO,VIDEO JUEGO,PLAYSTATION 3 - PS3 ,83717203087,PES 16-PS3,1,24.99,24.99
MULTI CENTRO,VIDEO JUEGO,XBOX 360,887256014612,Just Dance 2016- XBOX 360,1,49.99,49.99
MULTI CENTRO,VIDEO JUEGO,XBOX 360,887256014612,Just Dance 2016- XBOX 360,1,49.99,49.99
MULTI CENTRO,VIDEO JUEGO,NINTENDO 3DS,45496741747,Mario Kart 7 3DS,1,39.99,39.99
MULTI CENTRO,VIDEO JUEGO,NINTENDO 3DS,45496742928,Pokemon Omega Ruby 3DS,1,49.99,49.99
MULTI CENTRO,VIDEO JUEGO,NINTENDO 3DS,45496743598,Mario & Luigi: Paper Jam 3DS,1,49.99,49.99
MULTI CENTRO,VIDEO JUEGO,NINTENDO 3DS,45496741723,Super Mario 3DLand 3DS,1,39.99,39.99
MULTI CENTRO,VIDEO JUEGO,NINTENDO 3DS,45496743406,Fire Emblem Fates Conquest 3DS,1,49.99,49.99
MULTI CENTRO,VIDEO JUEGO,NINTENDO 3DS,45496743154,Fire Emblem Fates Birth 3DS,1,49.99,49.99
MULTI CENTRO,VIDEO JUEGO,NINTENDO 3DS,45496743406,Fire Emblem Fates Conquest 3DS,1,49.99,49.99
MULTI CENTRO,VIDEO JUEGO,NINTENDO 3DS,45496742072,New Super Mario Bros 2 3DS,1,39.99,39.99
MULTI CENTRO,CONSOLAS,NINTENDO 3DS,45496781927,NINTENDO NEW 3DSXL Fire Emblem,1,249.99,249.99
MULTI CENTRO,VIDEO JUEGO,NINTENDO 3DS,45496743314,Pokemon Super Mystery Dung.3DS,1,49.99,49.99
MULTI CENTRO,ACCESORIO,NINTENDO WIIU,45496891053,Nunchuk Blanco Wiiu,1,24.99,24.99
MULTI CENTRO,ACCESORIO,NINTENDO WIIU,45496891053,Nunchuk Blanco Wiiu,1,24.99,24.99
MULTI CENTRO,ACCESORIO,NINTENDO WIIU,45496891091,Wii Remote Plus Negro Wiiu,1,49.99,49.99
MULTI CENTRO,VIDEO JUEGO,PLAYSTATION 4- PS4,722674120388,Naruto Shippuden UNS4 PS4,1,69.99,69.99
MULTI CENTRO,VIDEO JUEGO,PLAYSTATION 3 - PS3 ,710425377808,GTA Episod.  Liberty City -PS3,1,29.99,29.99
MULTI CENTRO,VIDEO JUEGO,PLAYSTATION 3 - PS3 ,722674110532,Naruto Shippuden Gen PS3,1,39.99,39.99
MULTI CENTRO,ACCESORIO,TARJETAS,799366086444,Google Play $15,1,19.99,19.99
MULTI CENTRO,ACCESORIO,TARJETAS,711719478102,PSN $20,1,29.99,29.99
MULTI CENTRO,ACCESORIO,TARJETAS,711719432500,PSN $10,1,15.99,15.99
MULTI CENTRO,ACCESORIO,TARJETAS,799366552260,PSN $50,2,69.99,139.98
MULTI CENTRO,ACCESORIO,TARJETAS,799366552260,PSN $50,1,69.99,69.99
MULTI CENTRO,ACCESORIO,TARJETAS,799366552260,PSN $50,1,69.99,69.99
MULTI CENTRO,ACCESORIO,TARJETAS,711719478102,PSN $20,1,29.99,29.99
MULTI CENTRO,ACCESORIO,TARJETAS,711719478102,PSN $20,1,29.99,29.99
MULTI CENTRO,ACCESORIO,TARJETAS,799366552260,PSN $50,1,69.99,69.99
MULTI CENTRO,ACCESORIO,TARJETAS,711719478102,PSN $20,1,29.99,29.99
MULTI CENTRO,ACCESORIO,TARJETAS,799366552260,PSN $50,1,69.99,69.99
MULTI CENTRO,ACCESORIO,TARJETAS,711719478102,PSN $20,1,29.99,29.99
MULTI CENTRO,ACCESORIO,TARJETAS,799366086444,Google Play $15,1,19.99,19.99
MULTI CENTRO,ACCESORIO,TARJETAS,711719478102,PSN $20,1,29.99,29.99
MULTI CENTRO,ACCESORIO,TARJETAS,799366552260,PSN $50,1,69.99,69.99
MULTI CENTRO,VIDEO JUEGO,PLAYSTATION 4- PS4,710425475290,GTA V PS4,1,69.99,69.99
MULTI CENTRO,VIDEO JUEGO,PLAYSTATION 4- PS4,14633732740,BattleField Hard.L PS4,1,59.99,59.99
MULTI CENTRO,VIDEO JUEGO,PLAYSTATION 4- PS4,722674120388,Naruto Shippuden UNS4 PS4,1,69.99,69.99
MULTI CENTRO,VIDEO JUEGO,PLAYSTATION 4- PS4,722674120388,Naruto Shippuden UNS4 PS4,1,69.99,69.99
MULTI CENTRO,VIDEO JUEGO,PLAYSTATION 4- PS4,722674120388,Naruto Shippuden UNS4 PS4,1,69.99,69.99
MULTI CENTRO,VIDEO JUEGO,PLAYSTATION 4- PS4,883929426546,Mortal Kombat X PS4,1,65.42,65.42
MULTI CENTRO,VIDEO JUEGO,PLAYSTATION 4- PS4,722674120371,J-STARS VICTORY + PS4,1,69.99,69.99
MULTI CENTRO,VIDEO JUEGO,PLAYSTATION 4- PS4,722674120388,Naruto Shippuden UNS4 PS4,1,69.99,69.99
MULTI CENTRO,VIDEO JUEGO,PLAYSTATION 4- PS4,83717203063,PES 16 PS4,1,34.99,34.99
MULTI CENTRO,VIDEO JUEGO,PLAYSTATION 4- PS4,722674120388,Naruto Shippuden UNS4 PS4,1,69.99,69.99
MULTI CENTRO,VIDEO JUEGO,PLAYSTATION 4- PS4,710425475290,GTA V PS4,1,0.01,0.01
MULTI CENTRO,VIDEO JUEGO,PLAYSTATION 4- PS4,710425475290,GTA V PS4,1,69.99,69.99
MULTI CENTRO,VIDEO JUEGO,PLAYSTATION 4- PS4,722674120388,Naruto Shippuden UNS4 PS4,1,62.99,62.99
MULTI CENTRO,VIDEO JUEGO,PLAYSTATION 4- PS4,13388937028,Street Fighter V - PS4,1,69.99,69.99
MULTI CENTRO,VIDEO JUEGO,PLAYSTATION 4- PS4,13388560233,Resident Evil Origins Col PS4,1,49.99,49.99
MULTI CENTRO,VIDEO JUEGO,PLAYSTATION 4- PS4,13388937028,Street Fighter V - PS4,1,69.99,69.99
MULTI CENTRO,VIDEO JUEGO,PLAYSTATION 3 - PS3 ,47875874404,Destiny The Taken King  PS3,1,69.99,69.99
MULTI CENTRO,VIDEO JUEGO,PLAYSTATION 3 - PS3 ,47875874565,COD BLACK OPS III PS3,1,59.99,59.99
MULTI CENTRO,VIDEO JUEGO,PLAYSTATION 3 - PS3 ,47875874565,COD BLACK OPS III PS3,1,59.99,59.99
MULTI CENTRO,VIDEO JUEGO,XBOX ONE,93155160279,The Elder Scrolls Online XONE,1,69.99,69.99
MULTI CENTRO,VIDEO JUEGO,XBOX ONE,93155170575,Fallout 4 XONE,1,69.99,69.99
MULTI CENTRO,VIDEO JUEGO,NINTENDO WII U,45496903510,MARIO PARTY 10 WII U,1,59.99,59.99
MULTI CENTRO,VIDEO JUEGO,NINTENDO WII U,45496902971,Lego city Undercover SEL Wiiu,1,39.99,39.99
MULTI CENTRO,VIDEO JUEGO,NINTENDO WII U,45496903435,Hyrule Warriors WiiU,1,69.99,69.99
MULTI CENTRO,VIDEO JUEGO,NINTENDO WII U,45496903459,Captain Toad Wiiu ,1,49.99,49.99
MULTI CENTRO,VIDEO JUEGO,NINTENDO WII U,887256014605,Just Dance 2016 Wii U,1,59.99,59.99
MULTI CENTRO,VIDEO JUEGO,NINTENDO WII U,45496903190,Donkey Kong Coun T.F SEL WiiU,1,59.99,59.99
MULTI CENTRO,VIDEO JUEGO,NINTENDO WII U,45496903190,Donkey Kong Coun T.F SEL WiiU,1,59.99,59.99
MULTI CENTRO,VIDEO JUEGO,NINTENDO WII U,45496903664,Xenoblade Chronicles X Wiii U,1,69.99,69.99
MULTI CENTRO,VIDEO JUEGO,NINTENDO WII U,45496903213,Super Mario 3D World SEL Wiiu,1,69.99,69.99
MULTI CENTRO,VIDEO JUEGO,NINTENDO WII U,45496903527,Splatoon Wii U,1,69.99,69.99
MULTI CENTRO,VIDEO JUEGO,NINTENDO WII U,45496903664,Xenoblade Chronicles X Wiii U,1,69.99,69.99
MULTI CENTRO,VIDEO JUEGO,NINTENDO WII U,45496903213,Super Mario 3D World SEL Wiiu,1,69.99,69.99
MULTI CENTRO,VIDEO JUEGO,NINTENDO WII U,45496903404,Super Smash Bros Wii U,1,69.99,69.99
MULTI CENTRO,VIDEO JUEGO,NINTENDO WII U,45496903435,Hyrule Warriors WiiU,1,59.99,59.99
MULTI CENTRO,VIDEO JUEGO,NINTENDO WII U,45496903404,Super Smash Bros Wii U,1,69.99,69.99
MULTI CENTRO,VIDEO JUEGO,NINTENDO WII U,45496903367,Mario Kart 8 Wii U,1,69.99,69.99
MULTI CENTRO,ACCESORIO,NINTENDO WIIU,45496891046,Nunchuk Negro Wiiu,1,24.99,24.99
MULTI CENTRO,ACCESORIO,NINTENDO WIIU,45496892470,Wii Remote Plus Yoshi,1,49.99,49.99
MULTI CENTRO,ACCESORIO,NINTENDO WIIU,45496891046,Nunchuk Negro Wiiu,1,24.99,24.99
MULTI CENTRO,ACCESORIO,NINTENDO WIIU,45496892531,Amiibo Card Animal Crossin 2,1,9.99,9.99
MULTI CENTRO,ACCESORIO,NINTENDO WIIU,45496892470,Wii Remote Plus Yoshi,1,46.72,46.72
MULTI CENTRO,VIDEO JUEGO,NINTENDO WII U,45496903756,Super Mario Maker Wii U,1,69.99,69.99
MULTI CENTRO,VIDEO JUEGO,NINTENDO Wii,887256014599,Just Dance 2016- Wii,1,49.99,49.99
MULTI CENTRO,VIDEO JUEGO,NINTENDO Wii,887256014599,Just Dance 2016- Wii,1,49.99,49.99
MULTI CENTRO,VIDEO JUEGO,PLAYSTATION 4- PS4,710425476570,NBA 2K16 PS4,1,69.99,69.99
MULTI CENTRO,VIDEO JUEGO,PLAYSTATION 4- PS4,722674120388,Naruto Shippuden UNS4 PS4,1,69.99,69.99
MULTI CENTRO,ACCESORIO,TOYS 2 LIFE,712725026929,Disney infinity 3.0 Obi wan Ke,1,19.99,19.99
MULTI CENTRO,ACCESORIO,TARJETAS,799366086444,Google Play $15,2,19.99,39.98
MULTI CENTRO,ACCESORIO,TARJETAS,TARJETAITUNES15,iTunes $15,1,16.99,16.99
MULTI CENTRO,ACCESORIO,TARJETAS,799366552260,PSN $50,1,69.99,69.99
MULTI CENTRO,ACCESORIO,TARJETAS,711719432500,PSN $10,2,15.99,31.98
MULTI CENTRO,ACCESORIO,TARJETAS,711719478102,PSN $20,2,29.99,59.98
MULTI CENTRO,ACCESORIO,TARJETAS,799366552260,PSN $50,1,69.99,69.99
MULTI CENTRO,VIDEO JUEGO,PLAYSTATION 4- PS4,883929360093,Mad Max -PS4,1,69.99,69.99
MULTI CENTRO,VIDEO JUEGO,PLAYSTATION 4- PS4,722674120388,Naruto Shippuden UNS4 PS4,1,69.99,69.99
MULTI CENTRO,VIDEO JUEGO,PLAYSTATION 4- PS4,722674120388,Naruto Shippuden UNS4 PS4,1,69.99,69.99
MULTI CENTRO,VIDEO JUEGO,PLAYSTATION 4- PS4,83717203063,PES 16 PS4,1,34.99,34.99
MULTI CENTRO,VIDEO JUEGO,PLAYSTATION 4- PS4,722674120388,Naruto Shippuden UNS4 PS4,1,69.99,69.99
MULTI CENTRO,VIDEO JUEGO,PLAYSTATION 4- PS4,722674120388,Naruto Shippuden UNS4 PS4,1,69.99,69.99
MULTI CENTRO,VIDEO JUEGO,PLAYSTATION 4- PS4,722674120388,Naruto Shippuden UNS4 PS4,1,69.99,69.99
MULTI CENTRO,VIDEO JUEGO,PLAYSTATION 4- PS4,883929426546,Mortal Kombat X PS4,1,69.99,69.99
MULTI CENTRO,VIDEO JUEGO,PLAYSTATION 4- PS4,13388937028,Street Fighter V - PS4,1,69.99,69.99
MULTI CENTRO,ACCESORIO,TARJETAS,799366552260,PSN $50,1,69.99,69.99
MULTI CENTRO,ACCESORIO,TARJETAS,76750020322,iTunes $25,1,26.99,26.99
MULTI CENTRO,ACCESORIO,TARJETAS,711719478102,PSN $20,1,29.99,29.99
MULTI CENTRO,VIDEO JUEGO,XBOX 360,885370606515,Minecraft Launch XB360,1,0.01,0.01
MULTI CENTRO,CONSOLAS,XBOX360,885370862737,Xbox 360 500 GB C.O.D Ghost-BL,1,269.99,269.99
MULTI CENTRO,VIDEO JUEGO,PLAYSTATION 4- PS4,47875874602,COD BLACK OPS III PS4,1,69.99,69.99
MULTI CENTRO,VIDEO JUEGO,PLAYSTATION 4- PS4,887256014582,Just Dance 2016 PS4,1,59.99,59.99
MULTI CENTRO,VIDEO JUEGO,PLAYSTATION 4- PS4,93155170568,Fallout 4 PS4,1,69.99,69.99
MULTI CENTRO,VIDEO JUEGO,PLAYSTATION 4- PS4,47875874602,COD BLACK OPS III PS4,1,69.99,69.99
MULTI CENTRO,VIDEO JUEGO,PLAYSTATION 4- PS4,47875874602,COD BLACK OPS III PS4,1,69.99,69.99
MULTI CENTRO,VIDEO JUEGO,PLAYSTATION 4- PS4,93155170568,Fallout 4 PS4,1,69.99,69.99
MULTI CENTRO,VIDEO JUEGO,PLAYSTATION 4- PS4,47875874602,COD BLACK OPS III PS4,1,69.99,69.99
MULTI CENTRO,VIDEO JUEGO,PLAYSTATION 4- PS4,887256014582,Just Dance 2016 PS4,1,59.99,59.99
MULTI CENTRO,VIDEO JUEGO,PLAYSTATION 4- PS4,47875874602,COD BLACK OPS III PS4,1,69.99,69.99
MULTI CENTRO,VIDEO JUEGO,PLAYSTATION 4- PS4,47875874602,COD BLACK OPS III PS4,1,69.99,69.99
MULTI CENTRO,VIDEO JUEGO,PLAYSTATION 4- PS4,93155170568,Fallout 4 PS4,1,65.42,65.42
MULTI CENTRO,VIDEO JUEGO,PLAYSTATION 4- PS4,93155170568,Fallout 4 PS4,1,69.99,69.99
MULTI CENTRO,VIDEO JUEGO,PLAYSTATION 4- PS4,47875874602,COD BLACK OPS III PS4,1,69.99,69.99
MULTI CENTRO,VIDEO JUEGO,PLAYSTATION 4- PS4,47875874602,COD BLACK OPS III PS4,1,69.99,69.99
MULTI CENTRO,ACCESORIO,TOYS 2 LIFE,45496892258,Amiibo Zero Suit Samus,1,19.99,19.99
MULTI CENTRO,ACCESORIO,TOYS 2 LIFE,45496892715,Amiibo Lucas,1,19.99,19.99
MULTI CENTRO,ACCESORIO,TOYS 2 LIFE,45496891701,Amiibo Link,1,19.99,19.99
MULTI CENTRO,ACCESORIO,TOYS 2 LIFE,45496892517,Amiibo Mario Modern color,1,19.99,19.99
MULTI CENTRO,VIDEO JUEGO,PLAYSTATION 4- PS4,47875874602,COD BLACK OPS III PS4,1,69.99,69.99
MULTI CENTRO,ACCESORIO,TOYS 2 LIFE,45496892418,Amiibo Mewtwo ,1,19.99,19.99
MULTI CENTRO,ACCESORIO,TOYS 2 LIFE,45496892227,Amiibo Yoshi Pink Yarn,1,24.99,24.99
MULTI CENTRO,ACCESORIO,TOYS 2 LIFE,45496892753,Amiibo  Mr Resetti,1,19.99,19.99
MULTI CENTRO,VIDEO JUEGO,PLAYSTATION 4- PS4,93155170568,Fallout 4 PS4,1,69.99,69.99
MULTI CENTRO,VIDEO JUEGO,PLAYSTATION 4- PS4,47875874602,COD BLACK OPS III PS4,1,62.99,62.99
MULTI CENTRO,ACCESORIO,PLAYSTATION 4 - PS4,849172003064,Siliconeskin negrocontroll PS4,1,9.99,9.99
MULTI CENTRO,ACCESORIO,PLAYSTATION 4 - PS4,663293107551,Silicone skin Rojol PS4,1,12.99,12.99
MULTI CENTRO,ACCESORIO,PLAYSTATION 4 - PS4,849172002944,Cable cargador KMD - PS4,1,12.99,12.99
MULTI CENTRO,ACCESORIO,PLAYSTATION 4 - PS4,663293107537,Silicone skin Gris PS4,1,12.99,12.99
MULTI CENTRO,ACCESORIO,PLAYSTATION 4 - PS4,849172001787,Thumb Grips PS4 ,1,11.69,11.69
MULTI CENTRO,ACCESORIO,PSVita,708056004989,Protective screen guards PSVIT,1,9.99,9.99
MULTI CENTRO,ACCESORIO,PLAYSTATION 3,711719983491,HDMI Sony 2M PS3,1,29.99,29.99
MULTI CENTRO,ACCESORIO,PLAYSTATION 3,711719983491,HDMI Sony 2M PS3,1,29.99,29.99
MULTI CENTRO,ACCESORIO,PSVita,873124005103,Ps vita face cover,1,15.99,15.99
MULTI CENTRO,ACCESORIO,PSVita,873124005103,Ps vita face cover,1,15.99,15.99
MULTI CENTRO,ACCESORIO,NINTENDO WIIU,708056585303,Nerf Game Pad Armor Wiiu,1,29.99,29.99
MULTI CENTRO,ACCESORIO,NINTENDO WIIU,708056585303,Nerf Game Pad Armor Wiiu,1,29.99,29.99
MULTI CENTRO,ACCESORIO,XBOX ONE,743840861058,Batterie rechargeable XB1,1,19.99,19.99
MULTI CENTRO,ACCESORIO,XBOX 360,885370114843,Control Inala/Negro - XBOX 360,1,59.99,59.99
MULTI CENTRO,ACCESORIO,XBOX 360,885370145717,Wired Control - XBOX360,1,49.99,49.99
MULTI CENTRO,ACCESORIO,XBOX 360,885370769050,Play & Charge KIt X360,1,29.99,29.99
MULTI CENTRO,ACCESORIO,XBOX 360,885370769050,Play & Charge KIt X360,1,29.99,29.99
MULTI CENTRO,ACCESORIO,XBOX 360,743840860389,Batterie rechargeable X360,1,19.99,19.99
MULTI CENTRO,ACCESORIO,XBOX 360,617885011870,Control inala. Star Wars azu.,1,49.99,49.99
MULTI CENTRO,ACCESORIO,TOYS 2 LIFE,712725026325,Disney infinity 2.0 Green Gobl,1,19.99,19.99
MULTI CENTRO,VIDEO JUEGO,PLAYSTATION 4- PS4,722674120388,Naruto Shippuden UNS4 PS4,1,69.99,69.99
MULTI CENTRO,ACCESORIO,TOYS 2 LIFE,712725027254,Disney infinity 3.0 The fo.3PA,1,49.99,49.99
MULTI CENTRO,ACCESORIO,TOYS 2 LIFE,45496892234,Amiibo Yoshi Ligth Blue Yarn ,1,22.49,22.49
MULTI CENTRO,VIDEO JUEGO,PLAYSTATION 4- PS4,47875770669,Tony Hawk's Pro 5 PS4,1,69.99,69.99
MULTI CENTRO,VIDEO JUEGO,PLAYSTATION 4- PS4,883929412341,Batman:Arkham Knight PS4,1,69.99,69.99
MULTI CENTRO,ACCESORIO,TARJETAS,711719039792,PSN Plus 3 Month,1,24.99,24.99
MULTI CENTRO,ACCESORIO,XBOX 360,885370114843,Control Inala/Negro - XBOX 360,1,59.99,59.99
MULTI CENTRO,ACCESORIO,NINTENDO WIIU,873124005035,Wii Wheel Mario 8 Wiiu HORI,1,15.99,15.99
MULTI CENTRO,ACCESORIO,NINTENDO WIIU,617885007378,Wii Wheel Mario kart 8 Wiiu,1,15.99,15.99
MULTI CENTRO,ACCESORIO,NINTENDO WIIU,849172003330,Sensor de Barra  Wiiu ,1,19.99,19.99
MULTI CENTRO,ACCESORIO,NINTENDO WIIU,849172003330,Sensor de Barra  Wiiu ,1,19.99,19.99
MULTI CENTRO,ACCESORIO,NINTENDO WIIU,849172001251,Cable cargador KMD - Wiiu,1,12.99,12.99
MULTI CENTRO,ACCESORIO,NINTENDO WIIU,849172001251,Cable cargador KMD - Wiiu,1,12.99,12.99
MULTI CENTRO,ACCESORIO,NINTENDO WIIU,849172003330,Sensor de Barra  Wiiu ,1,19.99,19.99
MULTI CENTRO,ACCESORIO,NINTENDO WIIU,873124005035,Wii Wheel Mario 8 Wiiu HORI,1,15.99,15.99
MULTI CENTRO,ACCESORIO,NINTENDO WIIU,849172001251,Cable cargador KMD - Wiiu,1,12.99,12.99
MULTI CENTRO,ACCESORIO,PLAYSTATION 4 - PS4,711719100423,Camara - PS4,1,65.42,65.42
MULTI CENTRO,ACCESORIO,PLAYSTATION 4 - PS4,711719051503,Dualshock 4 Camo - PS4,1,69.99,69.99
MULTI CENTRO,ACCESORIO,PLAYSTATION 4 - PS4,711719100423,Camara - PS4,1,69.99,69.99
MULTI CENTRO,VIDEO JUEGO,XBOX 360,882224743068,Gears of War (Bonus)- XBOX 360,1,29.99,29.99
MULTI CENTRO,VIDEO JUEGO,PLAYSTATION 3 - PS3 ,711719051343,Minecraft PS3,1,29.99,29.99
MULTI CENTRO,ACCESORIO,TARJETAS,711719039792,PSN Plus 3 Month,1,24.99,24.99
MULTI CENTRO,VIDEO JUEGO,PLAYSTATION 3 - PS3 ,47875875005,Skylanders Superchargers PS3,1,99.99,99.99
MULTI CENTRO,VIDEO JUEGO,PLAYSTATION 3 - PS3 ,711719051343,Minecraft PS3,1,29.99,29.99
MULTI CENTRO,VIDEO JUEGO,PLAYSTATION 3 - PS3 ,887256300579,Far Cry 4 PS3,1,49.99,49.99
MULTI CENTRO,ACCESORIO,XBOX ONE,885370814163,Control/Play & charge xbox one,1,89.99,89.99
MULTI CENTRO,ACCESORIO,XBOX ONE,885370814163,Control/Play & charge xbox one,1,89.99,89.99
MULTI CENTRO,ACCESORIO,TARJETAS,711719039792,PSN Plus 3 Month,1,24.99,24.99
MULTI CENTRO,ACCESORIO,TARJETAS,711719039792,PSN Plus 3 Month,1,24.99,24.99
MULTI CENTRO,VIDEO JUEGO,PS VITA,14633197488,NFS Most Wanted PSV,1,29.99,29.99
MULTI CENTRO,ACCESORIO,TARJETAS,711719039808,PSN Plus 1 Year,1,69.99,69.99
MULTI CENTRO,ACCESORIO,TARJETAS,711719039808,PSN Plus 1 Year,1,69.99,69.99
MULTI CENTRO,ACCESORIO,TARJETAS,711719039808,PSN Plus 1 Year,1,69.99,69.99
MULTI CENTRO,ACCESORIO,TARJETAS,711719039808,PSN Plus 1 Year,1,69.99,69.99
MULTI CENTRO,ACCESORIO,TARJETAS,711719039808,PSN Plus 1 Year,1,69.99,69.99
MULTI CENTRO,ACCESORIO,TARJETAS,711719039808,PSN Plus 1 Year,1,69.99,69.99
MULTI CENTRO,ACCESORIO,TARJETAS,711719039792,PSN Plus 3 Month,1,24.99,24.99
MULTI CENTRO,ACCESORIO,TARJETAS,711719039792,PSN Plus 3 Month,1,24.99,24.99
MULTI CENTRO,ACCESORIO,TARJETAS,711719039792,PSN Plus 3 Month,1,24.99,24.99
MULTI CENTRO,ACCESORIO,TOYS 2 LIFE,47875875838,Skylanders Schargers 2Pk Hurri,1,34.99,34.99
MULTI CENTRO,ACCESORIO,TOYS 2 LIFE,47875875319,Skylanders Schargers Smash Hit,1,24.99,24.99
MULTI CENTRO,ACCESORIO,TOYS 2 LIFE,47875877450,Skylanders Schargers BO 3 pack,1,49.99,49.99
MULTI CENTRO,ACCESORIO,PLAYSTATION 4 - PS4,711719039617,Dualshock 4 Rojo - PS4,1,69.99,69.99
MULTI CENTRO,VIDEO JUEGO,PLAYSTATION 4- PS4,711719051817,The Last of Us PS4,1,59.99,59.99
MULTI CENTRO,ACCESORIO,PLAYSTATION 4 - PS4,711719100393,Dualshock 4 Negro - PS4,1,69.99,69.99
MULTI CENTRO,ACCESORIO,PLAYSTATION 4 - PS4,711719039631,Dualshock 4 Azul - PS4,1,69.99,69.99
MULTI CENTRO,ACCESORIO,PLAYSTATION 4 - PS4,711719051473,Dualshock 4 Blanco - PS4,1,69.99,69.99
MULTI CENTRO,ACCESORIO,PLAYSTATION 4 - PS4,711719039617,Dualshock 4 Rojo - PS4,1,69.99,69.99
MULTI CENTRO,VIDEO JUEGO,PLAYSTATION 4- PS4,711719051817,The Last of Us PS4,1,56.07,56.07
MULTI CENTRO,VIDEO JUEGO,PLAYSTATION 3 - PS3 ,711719817628,Resistance 3 FAV - PS3,1,18.68,18.68
MULTI CENTRO,VIDEO JUEGO,PLAYSTATION 3 - PS3 ,711719052623,DmC FAV PS3,1,19.99,19.99
MULTI CENTRO,VIDEO JUEGO,PLAYSTATION 3 - PS3 ,711719052623,DmC FAV PS3,1,19.99,19.99
MULTI CENTRO,ACCESORIO,PLAYSTATION 3,711719990000,Dualshock 3 Urban Camo PS3,1,59.99,59.99
MULTI CENTRO,ACCESORIO,PLAYSTATION 3,711719990000,Dualshock 3 Urban Camo PS3,1,59.99,59.99
MULTI CENTRO,ACCESORIO,PLAYSTATION 3,711719984757,Dualshock 3 Azul PS3,1,53.99,53.99
MULTI CENTRO,AUDIFONOS,GAMING,711719100294,Wireless Headset Gold ,1,129.99,129.99
MULTI CENTRO,ACCESORIO,PLAYSTATION 4 - PS4,711719100393,Dualshock 4 Negro - PS4,1,69.99,69.99
MULTI CENTRO,CONSOLAS,PLAYSTATION 4 - PS4,711719502470,PS4 Uncharted Collect Bundle ,1,449.99,449.99
MULTI CENTRO,CONSOLAS,PLAYSTATION 4 - PS4,711719502470,PS4 Uncharted Collect Bundle ,1,449.99,449.99
MULTI CENTRO,CONSOLAS,PLAYSTATION 4 - PS4,711719502470,PS4 Uncharted Collect Bundle ,1,449.99,449.99
MULTI CENTRO,CONSOLAS,PLAYSTATION 4 - PS4,711719503040,PS4 Fifa 16 Bundle,1,499.99,499.99
 MULTI PLAZA,No data,No data,No data,No data,1523,,87518.78
MULTI PLAZA,VIDEO JUEGO,NINTENDO DS,96427018049,Phineas and Ferb QFST - DS,1,19.99,19.99
MULTI PLAZA,VIDEO JUEGO,NINTENDO DS,722674700412,Thunder cats DS,1,19.99,19.99
MULTI PLAZA,VIDEO JUEGO,NINTENDO DS,96427018049,Phineas and Ferb QFST - DS,1,19.99,19.99
MULTI PLAZA,VIDEO JUEGO,NINTENDO DS,722674700412,Thunder cats DS,1,19.99,19.99
MULTI PLAZA,VIDEO JUEGO,NINTENDO 3DS,83717241850,Deca Sport Extreme 3DS,1,29.99,29.99
MULTI PLAZA,ACCESORIO,NINTENDO WIIU,873124005363,Silicone procte Splatoon Wiiu ,1,19.99,19.99
MULTI PLAZA,ACCESORIO,NINTENDO 3DS,708056055165,Nerf Armor New 3DSXL,1,29.99,29.99
MULTI PLAZA,ACCESORIO,NINTENDO 3DS,708056055165,Nerf Armor New 3DSXL,1,29.99,29.99
MULTI PLAZA,ACCESORIO,NINTENDO 3DS,708056055165,Nerf Armor New 3DSXL,1,29.99,29.99
MULTI PLAZA,ACCESORIO,NINTENDO 3DS,4902370522242,Charging Station 3DS,1,19.99,19.99
MULTI PLAZA,AUDIFONOS,TURTLEBEACH,731855042081,Head Set C.O.D-Spectre,1,129.99,129.99
MULTI PLAZA,JUGUETES,JUGUETE,843258480046,Angry Bird Rojo Vidrio,1,1.99,1.99
MULTI PLAZA,VIDEO JUEGO,PLAYSTATION 4- PS4,883929474110,Lego marvel avengers PS4,1,69.99,69.99
MULTI PLAZA,ACCESORIO,PLAYSTATION 4 - PS4,804551664724,Thumb Grips Black PS4 - XB1,1,12.99,12.99
MULTI PLAZA,VIDEO JUEGO,PLAYSTATION 4- PS4,883929474110,Lego marvel avengers PS4,1,69.99,69.99
MULTI PLAZA,VIDEO JUEGO,PLAYSTATION 4- PS4,883929474110,Lego marvel avengers PS4,1,69.99,69.99
MULTI PLAZA,VIDEO JUEGO,PLAYSTATION 4- PS4,883929474110,Lego marvel avengers PS4,1,69.99,69.99
MULTI PLAZA,VIDEO JUEGO,PLAYSTATION 4- PS4,883929474110,Lego marvel avengers PS4,1,69.99,69.99
MULTI PLAZA,VIDEO JUEGO,PLAYSTATION 4- PS4,883929474110,Lego marvel avengers PS4,1,69.99,69.99
MULTI PLAZA,VIDEO JUEGO,PLAYSTATION 4- PS4,883929474110,Lego marvel avengers PS4,1,69.99,69.99
MULTI PLAZA,VIDEO JUEGO,PLAYSTATION 4- PS4,883929474110,Lego marvel avengers PS4,1,69.99,69.99
MULTI PLAZA,VIDEO JUEGO,PLAYSTATION 4- PS4,662248913995,Final Fantasy XIV A RealmR.PS4,1,49.99,49.99
MULTI PLAZA,VIDEO JUEGO,PLAYSTATION 4- PS4,883929474110,Lego marvel avengers PS4,1,69.99,69.99
MULTI PLAZA,VIDEO JUEGO,PLAYSTATION 4- PS4,883929474110,Lego marvel avengers PS4,1,69.99,69.99
MULTI PLAZA,VIDEO JUEGO,PLAYSTATION 4- PS4,883929474110,Lego marvel avengers PS4,1,69.99,69.99
MULTI PLAZA,VIDEO JUEGO,PLAYSTATION 4- PS4,883929474110,Lego marvel avengers PS4,1,69.99,69.99
MULTI PLAZA,VIDEO JUEGO,PLAYSTATION 4- PS4,883929474110,Lego marvel avengers PS4,1,69.99,69.99
MULTI PLAZA,VIDEO JUEGO,PLAYSTATION 4- PS4,883929474110,Lego marvel avengers PS4,1,69.99,69.99
MULTI PLAZA,VIDEO JUEGO,PLAYSTATION 4- PS4,883929474110,Lego marvel avengers PS4,1,69.99,69.99
MULTI PLAZA,VIDEO JUEGO,PLAYSTATION 4- PS4,883929474110,Lego marvel avengers PS4,1,69.99,69.99
MULTI PLAZA,VIDEO JUEGO,PLAYSTATION 4- PS4,883929474110,Lego marvel avengers PS4,1,69.99,69.99
MULTI PLAZA,VIDEO JUEGO,PLAYSTATION 4- PS4,883929474110,Lego marvel avengers PS4,1,69.99,69.99
MULTI PLAZA,VIDEO JUEGO,PLAYSTATION 3 - PS3 ,710425473043,GTA V PS3,1,59.99,59.99
MULTI PLAZA,VIDEO JUEGO,PLAYSTATION 3 - PS3 ,722674110501,Dragon Ball U.Tenkaichi PS3,1,49.99,49.99
MULTI PLAZA,VIDEO JUEGO,PLAYSTATION 3 - PS3 ,894515001672,Minecraft Story Mode  PS3,1,39.99,39.99
MULTI PLAZA,VIDEO JUEGO,PLAYSTATION 3 - PS3 ,710425473043,GTA V PS3,1,49.99,49.99
MULTI PLAZA,VIDEO JUEGO,PS VITA,711719053095,MLB 15 The Show PSVITA,1,19.99,19.99
MULTI PLAZA,ACCESORIO,PLAYSTATION 4 - PS4,804551664649,Thumb Grips orange PS4 ,1,9.99,9.99
MULTI PLAZA,ACCESORIO,PLAYSTATION 4 - PS4,804551664649,Thumb Grips orange PS4 ,1,9.99,9.99
MULTI PLAZA,ACCESORIO,PLAYSTATION 4 - PS4,804551664649,Thumb Grips orange PS4 ,1,9.99,9.99
MULTI PLAZA,ACCESORIO,PLAYSTATION 4 - PS4,804551664649,Thumb Grips orange PS4 ,1,9.99,9.99
MULTI PLAZA,ACCESORIO,PLAYSTATION 4 - PS4,804551664649,Thumb Grips orange PS4 ,1,9.99,9.99
MULTI PLAZA,CONSOLAS,NINTENDO 3DS,45496781330,NINTENDO 3DS XL SNES,1,219.99,219.99
MULTI PLAZA,CONSOLAS,NINTENDO 3DS,45496781330,NINTENDO 3DS XL SNES,1,219.99,219.99
MULTI PLAZA,CONSOLAS,NINTENDO 3DS,45496781330,NINTENDO 3DS XL SNES,1,219.99,219.99
MULTI PLAZA,VIDEO JUEGO,PLAYSTATION 3 - PS3 ,8888345343,Assassin's Creed 2 - PS3,1,29.99,29.99
MULTI PLAZA,VIDEO JUEGO,PLAYSTATION 3 - PS3 ,722674111560,Dragon Ball Xenoverse PS3,1,59.99,59.99
MULTI PLAZA,VIDEO JUEGO,PLAYSTATION 3 - PS3 ,47875846777,COD Ghost PS3,1,39.99,39.99
MULTI PLAZA,VIDEO JUEGO,PLAYSTATION 3 - PS3 ,883929241309,Mortal Kombat Komplete Ed PS3,1,39.99,39.99
MULTI PLAZA,VIDEO JUEGO,PLAYSTATION 3 - PS3 ,722674111560,Dragon Ball Xenoverse PS3,1,59.99,59.99
MULTI PLAZA,VIDEO JUEGO,PLAYSTATION 3 - PS3 ,710425476556,NBA 2K16 PS3,1,69.99,69.99
MULTI PLAZA,VIDEO JUEGO,PLAYSTATION 3 - PS3 ,710425473043,GTA V PS3,1,49.99,49.99
MULTI PLAZA,VIDEO JUEGO,PLAYSTATION 3 - PS3 ,883929408184,Shadow of Mordor PS3,1,29.99,29.99
MULTI PLAZA,VIDEO JUEGO,PS VITA,883929474240,Lego marvel avengers PSVITA,1,39.99,39.99
MULTI PLAZA,VIDEO JUEGO,PS VITA,883929474240,Lego marvel avengers PSVITA,1,39.99,39.99
MULTI PLAZA,VIDEO JUEGO,PS VITA,14633368055,Fifa 15 PSVITA ,1,39.99,39.99
MULTI PLAZA,VIDEO JUEGO,PS VITA,711719221272,Jak and daxter PSVITA,1,29.99,29.99
MULTI PLAZA,VIDEO JUEGO,PLAYSTATION 4- PS4,722674120401,Saint Seiya Soldiers Soul PS4,1,59.99,59.99
MULTI PLAZA,VIDEO JUEGO,PLAYSTATION 4- PS4,662248916682,Life is Strange PS4,1,49.99,49.99
MULTI PLAZA,VIDEO JUEGO,PLAYSTATION 4- PS4,662248915869,Just Cause 3 PS4,1,69.99,69.99
MULTI PLAZA,VIDEO JUEGO,PLAYSTATION 4- PS4,83717202790,Metal Gear Solid V PS4,1,69.99,69.99
MULTI PLAZA,VIDEO JUEGO,PLAYSTATION 4- PS4,14633735499,Fifa 16 PS4,1,0.01,0.01
MULTI PLAZA,VIDEO JUEGO,PLAYSTATION 4- PS4,722674120456,Digimon Story Cyber Sleuth PS4,1,69.99,69.99
MULTI PLAZA,VIDEO JUEGO,PLAYSTATION 4- PS4,814290013059,Rugby 2015 PS4,1,39.99,39.99
MULTI PLAZA,VIDEO JUEGO,PLAYSTATION 4- PS4,14633735499,Fifa 16 PS4,1,59.99,59.99
MULTI PLAZA,VIDEO JUEGO,PLAYSTATION 4- PS4,662248915869,Just Cause 3 PS4,1,69.99,69.99
MULTI PLAZA,VIDEO JUEGO,PLAYSTATION 4- PS4,83717202790,Metal Gear Solid V PS4,1,69.99,69.99
MULTI PLAZA,VIDEO JUEGO,PLAYSTATION 4- PS4,13388937028,Street Fighter V - PS4,1,69.99,69.99
MULTI PLAZA,ACCESORIO,PLAYSTATION 4 - PS4,804551664649,Thumb Grips orange PS4 ,1,9.99,9.99
MULTI PLAZA,ACCESORIO,PLAYSTATION 4 - PS4,804551664649,Thumb Grips orange PS4 ,1,9.99,9.99
MULTI PLAZA,ACCESORIO,PLAYSTATION 4 - PS4,804551664649,Thumb Grips orange PS4 ,1,9.99,9.99
MULTI PLAZA,ACCESORIO,PLAYSTATION 4 - PS4,804551664649,Thumb Grips orange PS4 ,1,9.99,9.99
MULTI PLAZA,ACCESORIO,PLAYSTATION 4 - PS4,804551664649,Thumb Grips orange PS4 ,1,9.99,9.99
MULTI PLAZA,ACCESORIO,PLAYSTATION 4 - PS4,804551664649,Thumb Grips orange PS4 ,1,9.99,9.99
MULTI PLAZA,ACCESORIO,PLAYSTATION 4 - PS4,804551664649,Thumb Grips orange PS4 ,1,9.99,9.99
MULTI PLAZA,CONSOLAS,NINTENDO WII U,45496881733,Nintendo Wiiu Mario Kart 8 DL,1,369.99,369.99
MULTI PLAZA,CONSOLAS,NINTENDO WII U,45496881733,Nintendo Wiiu Mario Kart 8 DL,1,369.99,369.99
MULTI PLAZA,CONSOLAS,NINTENDO WII U,45496881733,Nintendo Wiiu Mario Kart 8 DL,1,369.99,369.99
MULTI PLAZA,CONSOLAS,NINTENDO WII U,45496881733,Nintendo Wiiu Mario Kart 8 DL,1,369.99,369.99
MULTI PLAZA,CONSOLAS,NINTENDO WII U,45496881733,Nintendo Wiiu Mario Kart 8 DL,1,369.99,369.99
MULTI PLAZA,CONSOLAS,NINTENDO WII U,45496881733,Nintendo Wiiu Mario Kart 8 DL,1,369.99,369.99
MULTI PLAZA,VIDEO JUEGO,NINTENDO WII U,45496902964,Ninja 3 Gaiden  Wiiu,1,39.99,39.99
MULTI PLAZA,AUDIFONOS,GAMING,711719051527,Silver Wired  Sterio PS4,1,49.99,49.99
MULTI PLAZA,AUDIFONOS,GAMING,711719051527,Silver Wired  Sterio PS4,1,49.99,49.99
MULTI PLAZA,AUDIFONOS,GAMING,711719051527,Silver Wired  Sterio PS4,1,49.99,49.99
MULTI PLAZA,AUDIFONOS,GAMING,711719051527,Silver Wired  Sterio PS4,1,49.99,49.99
MULTI PLAZA,AUDIFONOS,GAMING,711719051527,Silver Wired  Sterio PS4,1,49.99,49.99
MULTI PLAZA,AUDIFONOS,GAMING,711719051527,Silver Wired  Sterio PS4,1,49.99,49.99
MULTI PLAZA,ACCESORIO,PLAYSTATION 3,711719990284,Camara Sony  PS3,1,59.99,59.99
MULTI PLAZA,VIDEO JUEGO,PLAYSTATION 4- PS4,887256300340,Assassins Creed Unity PS4,1,0.01,0.01
MULTI PLAZA,VIDEO JUEGO,PLAYSTATION 4- PS4,887256300340,Assassins Creed Unity PS4,1,0.01,0.01
MULTI PLAZA,VIDEO JUEGO,PLAYSTATION 4- PS4,887256300340,Assassins Creed Unity PS4,1,0.01,0.01
MULTI PLAZA,CONSOLAS,PS VITA,711719050681,PS Vita 2.0 Borderland 2,1,249.99,249.99
MULTI PLAZA,CONSOLAS,PS VITA,711719050681,PS Vita 2.0 Borderland 2,1,249.99,249.99
MULTI PLAZA,CONSOLAS,XBOX ONE,885370982343,Xbox One Gear Of War 500 GB,1,429.99,429.99
MULTI PLAZA,ACCESORIO,XBOX ONE,885370818260,Control inalambrico Camo X1,1,74.99,74.99
MULTI PLAZA,VIDEO JUEGO,NINTENDO WII U,883929280483,Game Party Champions Wiiu,1,39.99,39.99
MULTI PLAZA,VIDEO JUEGO,NINTENDO WII U,883929326969,Lego Marvel Super Heroes WII U,1,29.99,29.99
MULTI PLAZA,VIDEO JUEGO,NINTENDO WII U,883929472918,Lego jurassic World Wiiu,1,59.99,59.99
MULTI PLAZA,VIDEO JUEGO,NINTENDO WII U,883929326969,Lego Marvel Super Heroes WII U,1,29.99,29.99
MULTI PLAZA,VIDEO JUEGO,XBOX 360,883929266494,Injustice Gods Among Us Xbox,1,29.99,29.99
MULTI PLAZA,VIDEO JUEGO,XBOX 360,883929326983,Lego Marvel Super Heroes XBOX,1,29.99,29.99
MULTI PLAZA,VIDEO JUEGO,NINTENDO 3DS,45496742157,Luigis Mansión SEL 3DS,1,49.99,49.99
MULTI PLAZA,VIDEO JUEGO,NINTENDO 3DS,883929472925,Lego jurassic World 3DS,1,49.99,49.99
MULTI PLAZA,VIDEO JUEGO,NINTENDO 3DS,45496742157,Luigis Mansión SEL 3DS,1,49.99,49.99
MULTI PLAZA,VIDEO JUEGO,NINTENDO 3DS,45496742157,Luigis Mansión SEL 3DS,1,49.99,49.99
MULTI PLAZA,VIDEO JUEGO,PLAYSTATION 3 - PS3 ,887256000615,AssassinCreed The  A.C. PS3,1,49.99,49.99
MULTI PLAZA,VIDEO JUEGO,PS VITA,711719220015,Modnation Racers Psvita,1,29.99,29.99
MULTI PLAZA,VIDEO JUEGO,PS VITA,47875843899,COD Black Ops Psvita,1,49.99,49.99
MULTI PLAZA,VIDEO JUEGO,PS VITA,47875843899,COD Black Ops Psvita,1,49.99,49.99
MULTI PLAZA,VIDEO JUEGO,PS VITA,711719220268,Uncharted Golden Abyss PSV,1,29.99,29.99
MULTI PLAZA,VIDEO JUEGO,PS VITA,10086620023,Sonic all stars racing PSVITA,1,29.99,29.99
MULTI PLAZA,VIDEO JUEGO,PS VITA,711719220268,Uncharted Golden Abyss PSV,1,49.99,49.99
MULTI PLAZA,VIDEO JUEGO,PS VITA,47875843899,COD Black Ops Psvita,1,49.99,49.99
MULTI PLAZA,VIDEO JUEGO,PS VITA,47875767997,The Amazing Spiderman PSVITA,1,39.99,39.99
MULTI PLAZA,VIDEO JUEGO,PS VITA,10086620023,Sonic all stars racing PSVITA,1,29.99,29.99
MULTI PLAZA,VIDEO JUEGO,PS VITA,10086620023,Sonic all stars racing PSVITA,1,29.99,29.99
MULTI PLAZA,VIDEO JUEGO,NINTENDO WII U,883929326969,Lego Marvel Super Heroes WII U,1,29.99,29.99
MULTI PLAZA,VIDEO JUEGO,NINTENDO WII U,883929472918,Lego jurassic World Wiiu,1,59.99,59.99
MULTI PLAZA,VIDEO JUEGO,NINTENDO WII U,883929280483,Game Party Champions Wiiu,1,0.01,0.01
MULTI PLAZA,VIDEO JUEGO,NINTENDO WII U,883929326969,Lego Marvel Super Heroes WII U,1,29.99,29.99
MULTI PLAZA,VIDEO JUEGO,NINTENDO WII U,883929326969,Lego Marvel Super Heroes WII U,1,29.99,29.99
MULTI PLAZA,VIDEO JUEGO,NINTENDO WII U,883929280483,Game Party Champions Wiiu,1,0.01,0.01
MULTI PLAZA,VIDEO JUEGO,NINTENDO WII U,883929472918,Lego jurassic World Wiiu,1,59.99,59.99
MULTI PLAZA,VIDEO JUEGO,NINTENDO WII U,883929280483,Game Party Champions Wiiu,1,0.01,0.01
MULTI PLAZA,VIDEO JUEGO,NINTENDO WII U,883929280483,Game Party Champions Wiiu,1,0.01,0.01
MULTI PLAZA,VIDEO JUEGO,NINTENDO WII U,883929326969,Lego Marvel Super Heroes WII U,1,29.99,29.99
MULTI PLAZA,VIDEO JUEGO,NINTENDO WII U,883929280483,Game Party Champions Wiiu,1,39.99,39.99
MULTI PLAZA,VIDEO JUEGO,PLAYSTATION 3 - PS3 ,711719822929,God of War Col FAV - PS3,1,19.99,19.99
MULTI PLAZA,VIDEO JUEGO,NINTENDO Wii,45496902414,Zelda Twilight Princess - Wii,1,49.99,49.99
MULTI PLAZA,VIDEO JUEGO,NINTENDO Wii,31719191765,Mortal Kombat Armageddon - Wii,1,29.99,29.99
MULTI PLAZA,VIDEO JUEGO,PLAYSTATION 4- PS4,883929323371,Injustice Gods Among Us UL PS4,1,39.99,39.99
MULTI PLAZA,VIDEO JUEGO,PLAYSTATION 4- PS4,47875849365,The Amazing Spiderman 2-PS4,1,69.99,69.99
MULTI PLAZA,VIDEO JUEGO,PLAYSTATION 4- PS4,711719053293,Minecraft PS4,1,29.99,29.99
MULTI PLAZA,VIDEO JUEGO,PLAYSTATION 4- PS4,887256015084,Assassins Creed Syndicate- PS4,1,69.99,69.99
MULTI PLAZA,VIDEO JUEGO,PLAYSTATION 4- PS4,711719053293,Minecraft PS4,1,29.99,29.99
MULTI PLAZA,VIDEO JUEGO,PLAYSTATION 4- PS4,711719053293,Minecraft PS4,1,29.99,29.99
MULTI PLAZA,VIDEO JUEGO,PLAYSTATION 4- PS4,883929323371,Injustice Gods Among Us UL PS4,1,39.99,39.99
MULTI PLAZA,VIDEO JUEGO,PLAYSTATION 4- PS4,887256014711,Rainbow Six PS4,1,0.01,0.01
MULTI PLAZA,VIDEO JUEGO,PLAYSTATION 4- PS4,711719053293,Minecraft PS4,1,29.99,29.99
MULTI PLAZA,VIDEO JUEGO,PLAYSTATION 4- PS4,887256015084,Assassins Creed Syndicate- PS4,1,69.99,69.99
MULTI PLAZA,VIDEO JUEGO,PLAYSTATION 4- PS4,887256014711,Rainbow Six PS4,1,69.99,69.99
MULTI PLAZA,VIDEO JUEGO,PLAYSTATION 4- PS4,711719053293,Minecraft PS4,1,29.99,29.99
MULTI PLAZA,VIDEO JUEGO,PLAYSTATION 4- PS4,711719053293,Minecraft PS4,1,29.99,29.99
MULTI PLAZA,VIDEO JUEGO,PLAYSTATION 4- PS4,887256014711,Rainbow Six PS4,1,69.99,69.99
MULTI PLAZA,VIDEO JUEGO,PLAYSTATION 4- PS4,711719053293,Minecraft PS4,1,29.99,29.99
MULTI PLAZA,VIDEO JUEGO,PLAYSTATION 4- PS4,887256014711,Rainbow Six PS4,1,69.99,69.99
MULTI PLAZA,VIDEO JUEGO,PLAYSTATION 4- PS4,711719053293,Minecraft PS4,1,29.99,29.99
MULTI PLAZA,VIDEO JUEGO,PLAYSTATION 4- PS4,887256015084,Assassins Creed Syndicate- PS4,1,69.99,69.99
MULTI PLAZA,VIDEO JUEGO,PLAYSTATION 4- PS4,711719053293,Minecraft PS4,1,29.99,29.99
MULTI PLAZA,VIDEO JUEGO,PLAYSTATION 4- PS4,887256014711,Rainbow Six PS4,1,69.99,69.99
MULTI PLAZA,VIDEO JUEGO,PLAYSTATION 4- PS4,711719053293,Minecraft PS4,1,29.99,29.99
MULTI PLAZA,VIDEO JUEGO,PLAYSTATION 4- PS4,711719053293,Minecraft PS4,1,29.99,29.99
MULTI PLAZA,VIDEO JUEGO,PLAYSTATION 4- PS4,887256014711,Rainbow Six PS4,1,69.99,69.99
MULTI PLAZA,VIDEO JUEGO,PLAYSTATION 4- PS4,887256014711,Rainbow Six PS4,1,69.99,69.99
MULTI PLAZA,VIDEO JUEGO,PLAYSTATION 4- PS4,887256014711,Rainbow Six PS4,1,69.99,69.99
MULTI PLAZA,VIDEO JUEGO,PLAYSTATION 4- PS4,887256015084,Assassins Creed Syndicate- PS4,1,69.99,69.99
MULTI PLAZA,VIDEO JUEGO,PLAYSTATION 4- PS4,711719053293,Minecraft PS4,1,29.99,29.99
MULTI PLAZA,VIDEO JUEGO,NINTENDO WII U,883929326969,Lego Marvel Super Heroes WII U,1,29.99,29.99
MULTI PLAZA,VIDEO JUEGO,PLAYSTATION 4- PS4,887256015084,Assassins Creed Syndicate- PS4,1,69.99,69.99
MULTI PLAZA,VIDEO JUEGO,PLAYSTATION 4- PS4,711719053293,Minecraft PS4,1,29.99,29.99
MULTI PLAZA,VIDEO JUEGO,PLAYSTATION 4- PS4,887256014711,Rainbow Six PS4,2,69.99,139.98
MULTI PLAZA,VIDEO JUEGO,PLAYSTATION 4- PS4,711719053293,Minecraft PS4,1,29.99,29.99
MULTI PLAZA,VIDEO JUEGO,PLAYSTATION 4- PS4,887256014711,Rainbow Six PS4,1,69.99,69.99
MULTI PLAZA,VIDEO JUEGO,PLAYSTATION 4- PS4,883929323371,Injustice Gods Among Us UL PS4,1,39.99,39.99
MULTI PLAZA,VIDEO JUEGO,PLAYSTATION 4- PS4,887256014711,Rainbow Six PS4,1,69.99,69.99
MULTI PLAZA,VIDEO JUEGO,PLAYSTATION 4- PS4,887256014711,Rainbow Six PS4,1,69.99,69.99
MULTI PLAZA,VIDEO JUEGO,PLAYSTATION 4- PS4,711719053293,Minecraft PS4,1,29.99,29.99
MULTI PLAZA,VIDEO JUEGO,PLAYSTATION 4- PS4,711719053293,Minecraft PS4,1,29.99,29.99
MULTI PLAZA,VIDEO JUEGO,PLAYSTATION 4- PS4,711719053293,Minecraft PS4,1,29.99,29.99
MULTI PLAZA,VIDEO JUEGO,PLAYSTATION 4- PS4,887256014711,Rainbow Six PS4,1,69.99,69.99
MULTI PLAZA,VIDEO JUEGO,PLAYSTATION 4- PS4,711719053293,Minecraft PS4,1,29.99,29.99
MULTI PLAZA,VIDEO JUEGO,PLAYSTATION 4- PS4,887256014711,Rainbow Six PS4,1,69.99,69.99
MULTI PLAZA,VIDEO JUEGO,PLAYSTATION 4- PS4,883929404896,The Lego Movie Videogame PS4,1,29.99,29.99
MULTI PLAZA,VIDEO JUEGO,PLAYSTATION 4- PS4,883929404896,The Lego Movie Videogame PS4,1,29.99,29.99
MULTI PLAZA,VIDEO JUEGO,PLAYSTATION 3 - PS3 ,711719982814,Jak & Daxter Col FAV PS3,1,19.99,19.99
MULTI PLAZA,VIDEO JUEGO,PLAYSTATION 3 - PS3 ,711719817727,Sport Champions PS3,1,19.99,19.99
MULTI PLAZA,VIDEO JUEGO,PLAYSTATION 3 - PS3 ,83717202868,Castlevania LordofS. Coll PS3 ,1,29.99,29.99
MULTI PLAZA,VIDEO JUEGO,PLAYSTATION 3 - PS3 ,711719052807,Valkiria Chronicles -PS3,1,19.99,19.99
MULTI PLAZA,VIDEO JUEGO,PLAYSTATION 3 - PS3 ,711719052722,Silent Hill HD Col FAV PS3,1,19.99,19.99
MULTI PLAZA,VIDEO JUEGO,PLAYSTATION 3 - PS3 ,711719982814,Jak & Daxter Col FAV PS3,1,19.99,19.99
MULTI PLAZA,VIDEO JUEGO,PLAYSTATION 3 - PS3 ,711719811626,Kill Zone 2 FAV - PS3,1,19.99,19.99
MULTI PLAZA,VIDEO JUEGO,PLAYSTATION 3 - PS3 ,711719052722,Silent Hill HD Col FAV PS3,1,19.99,19.99
MULTI PLAZA,VIDEO JUEGO,PLAYSTATION 3 - PS3 ,711719052722,Silent Hill HD Col FAV PS3,1,19.99,19.99
MULTI PLAZA,VIDEO JUEGO,PS VITA,83717260714,Metal Gear Solid HD Collec PSV,1,39.99,39.99
MULTI PLAZA,VIDEO JUEGO,PS VITA,711719221241,Tearaway PSVITA,1,29.99,29.99
MULTI PLAZA,VIDEO JUEGO,PS VITA,711719220602,Allstars Battle Royale PSVITA,1,0.01,0.01
MULTI PLAZA,VIDEO JUEGO,PS VITA,711719220602,Allstars Battle Royale PSVITA,1,0.01,0.01
MULTI PLAZA,ACCESORIO,PLAYSTATION 3,711719990260,Navigation PSMove ,1,39.99,39.99
MULTI PLAZA,ACCESORIO,PLAYSTATION 3,711719806806,Estacion de Recarga PSMove,1,39.99,39.99
MULTI PLAZA,VIDEO JUEGO,PLAYSTATION 4- PS4,711719100447,The Order 1886 PS4,1,39.99,39.99
MULTI PLAZA,ACCESORIO,PLAYSTATION 4 - PS4,711719500469,PS4 FACE PLATES,1,29.99,29.99
MULTI PLAZA,VIDEO JUEGO,PLAYSTATION 4- PS4,711719500278,The Evil Within  PS4,1,69.99,69.99
MULTI PLAZA,ACCESORIO,TARJETAS,711719432500,PSN $10,1,15.99,15.99
MULTI PLAZA,ACCESORIO,TARJETAS,711719478102,PSN $20,1,29.99,29.99
MULTI PLAZA,ACCESORIO,TARJETAS,TARJETAITUNES15,iTunes $15,1,16.99,16.99
MULTI PLAZA,ACCESORIO,TARJETAS,711719478102,PSN $20,1,29.99,29.99
MULTI PLAZA,ACCESORIO,TARJETAS,711719478102,PSN $20,1,29.99,29.99
MULTI PLAZA,ACCESORIO,TARJETAS,TARJETAITUNES15,iTunes $15,1,16.99,16.99
MULTI PLAZA,ACCESORIO,TARJETAS,799366086444,Google Play $15,1,19.99,19.99
MULTI PLAZA,ACCESORIO,TARJETAS,76750020322,iTunes $25,1,26.99,26.99
MULTI PLAZA,ACCESORIO,TARJETAS,711719478102,PSN $20,1,29.99,29.99
MULTI PLAZA,ACCESORIO,TARJETAS,799366086444,Google Play $15,1,19.99,19.99
MULTI PLAZA,ACCESORIO,TARJETAS,76750020322,iTunes $25,1,26.99,26.99
MULTI PLAZA,ACCESORIO,TARJETAS,799366552260,PSN $50,1,69.99,69.99
MULTI PLAZA,ACCESORIO,TARJETAS,799366086444,Google Play $15,1,19.99,19.99
MULTI PLAZA,ACCESORIO,TARJETAS,711719478102,PSN $20,1,29.99,29.99
MULTI PLAZA,ACCESORIO,TARJETAS,76750020322,iTunes $25,1,26.99,26.99
MULTI PLAZA,ACCESORIO,TARJETAS,TARJETAITUNES15,iTunes $15,1,16.99,16.99
MULTI PLAZA,ACCESORIO,TARJETAS,799366104667,Nintendo eShop $20,1,29.99,29.99
MULTI PLAZA,ACCESORIO,TARJETAS,711719478102,PSN $20,2,29.99,59.98
MULTI PLAZA,ACCESORIO,TARJETAS,799366552260,PSN $50,1,69.99,69.99
MULTI PLAZA,ACCESORIO,TARJETAS,799366552260,PSN $50,1,69.99,69.99
MULTI PLAZA,ACCESORIO,TARJETAS,711719432500,PSN $10,1,15.99,15.99
MULTI PLAZA,ACCESORIO,TARJETAS,711719478102,PSN $20,1,29.99,29.99
MULTI PLAZA,ACCESORIO,TARJETAS,711719478102,PSN $20,1,29.99,29.99
MULTI PLAZA,ACCESORIO,TARJETAS,711719432500,PSN $10,1,15.99,15.99
MULTI PLAZA,ACCESORIO,TARJETAS,711719478102,PSN $20,1,29.99,29.99
MULTI PLAZA,ACCESORIO,TARJETAS,Steam $ 20,Steam $ 20,1,29.99,29.99
MULTI PLAZA,ACCESORIO,TARJETAS,711719478102,PSN $20,1,29.99,29.99
MULTI PLAZA,ACCESORIO,TARJETAS,TARJETAITUNES15,iTunes $15,1,16.99,16.99
MULTI PLAZA,ACCESORIO,TARJETAS,76750020322,iTunes $25,5,26.99,134.95
MULTI PLAZA,ACCESORIO,TARJETAS,711719478102,PSN $20,1,29.99,29.99
MULTI PLAZA,ACCESORIO,TARJETAS,TARJETAITUNES15,iTunes $15,2,16.99,33.98
MULTI PLAZA,ACCESORIO,TARJETAS,711719478102,PSN $20,3,29.99,89.97
MULTI PLAZA,ACCESORIO,TARJETAS,711719478102,PSN $20,1,29.99,29.99
MULTI PLAZA,ACCESORIO,TARJETAS,76750020322,iTunes $25,2,26.99,53.98
MULTI PLAZA,ACCESORIO,TARJETAS,799366552260,PSN $50,2,69.99,139.98
MULTI PLAZA,ACCESORIO,TARJETAS,711719478102,PSN $20,1,29.99,29.99
MULTI PLAZA,ACCESORIO,TARJETAS,711719478102,PSN $20,1,29.99,29.99
MULTI PLAZA,ACCESORIO,TARJETAS,799366552260,PSN $50,1,69.99,69.99
MULTI PLAZA,ACCESORIO,TARJETAS,799366552260,PSN $50,1,69.99,69.99
MULTI PLAZA,ACCESORIO,TARJETAS,799366552260,PSN $50,1,69.99,69.99
MULTI PLAZA,ACCESORIO,TARJETAS,799366552260,PSN $50,1,69.99,69.99
MULTI PLAZA,ACCESORIO,TARJETAS,711719478102,PSN $20,1,29.99,29.99
MULTI PLAZA,ACCESORIO,TARJETAS,711719432500,PSN $10,1,15.99,15.99
MULTI PLAZA,ACCESORIO,TARJETAS,799366552260,PSN $50,1,69.99,69.99
MULTI PLAZA,ACCESORIO,TARJETAS,TARJETAITUNES15,iTunes $15,1,16.99,16.99
MULTI PLAZA,ACCESORIO,TARJETAS,76750020322,iTunes $25,1,26.99,26.99
MULTI PLAZA,ACCESORIO,TARJETAS,799366086444,Google Play $15,1,19.99,19.99
MULTI PLAZA,ACCESORIO,TARJETAS,711719478102,PSN $20,1,29.99,29.99
MULTI PLAZA,VIDEO JUEGO,NINTENDO WII U,815403010620,Kun Fu Panda Shawdown Wiiu,1,59.99,59.99
MULTI PLAZA,VIDEO JUEGO,NINTENDO WII U,883929326730,Batman Arkham Origins Wiiu ,1,29.99,29.99
MULTI PLAZA,VIDEO JUEGO,NINTENDO WII U,883929326730,Batman Arkham Origins Wiiu ,1,29.99,29.99
MULTI PLAZA,ACCESORIO,TOYS 2 LIFE,712725027162,Disney infinity 3.0 Darth Vade,1,19.99,19.99
MULTI PLAZA,ACCESORIO,TOYS 2 LIFE,712725027476,Disney infinity 3.0 Hulkbuster,1,19.99,19.99
MULTI PLAZA,ACCESORIO,TOYS 2 LIFE,712725027087,Disney infinity 3.0 Han Solo,1,19.99,19.99
MULTI PLAZA,ACCESORIO,TOYS 2 LIFE,712725026950,Disney infinity 3.0 Ezra Bridg,1,19.99,19.99
MULTI PLAZA,ACCESORIO,TOYS 2 LIFE,712725023768,Disney infinity power disc pac,1,1.0,1.0
MULTI PLAZA,ACCESORIO,TOYS 2 LIFE,712725027018,Disney infinity 3.0 Chewbacca,1,19.99,19.99
MULTI PLAZA,ACCESORIO,TOYS 2 LIFE,712725027087,Disney infinity 3.0 Han Solo,1,19.99,19.99
MULTI PLAZA,ACCESORIO,TOYS 2 LIFE,712725027001,Disney infinity 3.0 Rise.3PA,1,49.99,49.99
MULTI PLAZA,ACCESORIO,TOYS 2 LIFE,712725025823,Disney infinity 2.0 Aladdin ,1,19.99,19.99
MULTI PLAZA,ACCESORIO,TOYS 2 LIFE,712725025700,Disney infinity 2.0 Hulk,1,19.99,19.99
MULTI PLAZA,ACCESORIO,TOYS 2 LIFE,712725027018,Disney infinity 3.0 Chewbacca,1,19.99,19.99
MULTI PLAZA,ACCESORIO,TOYS 2 LIFE,712725026929,Disney infinity 3.0 Obi wan Ke,1,19.99,19.99
MULTI PLAZA,ACCESORIO,TOYS 2 LIFE,712725025700,Disney infinity 2.0 Hulk,1,19.99,19.99
MULTI PLAZA,ACCESORIO,TOYS 2 LIFE,712725026943,Disney infinity 3.0 Yoda ,1,19.99,19.99
MULTI PLAZA,ACCESORIO,TOYS 2 LIFE,712725027155,Disney infinity 3.0 Darth Maul,1,19.99,19.99
MULTI PLAZA,ACCESORIO,TOYS 2 LIFE,712725025700,Disney infinity 2.0 Hulk,1,19.99,19.99
MULTI PLAZA,ACCESORIO,TOYS 2 LIFE,712725025700,Disney infinity 2.0 Hulk,1,19.99,19.99
MULTI PLAZA,ACCESORIO,TOYS 2 LIFE,712725027155,Disney infinity 3.0 Darth Maul,1,19.99,19.99
MULTI PLAZA,ACCESORIO,TOYS 2 LIFE,712725027049,Disney infinity 3.0 Inside Out,1,49.99,49.99
MULTI PLAZA,ACCESORIO,TOYS 2 LIFE,712725027001,Disney infinity 3.0 Rise.3PA,1,49.99,49.99
MULTI PLAZA,ACCESORIO,TOYS 2 LIFE,712725027155,Disney infinity 3.0 Darth Maul,1,19.99,19.99
MULTI PLAZA,ACCESORIO,TOYS 2 LIFE,712725027285,Disney infinity 3.0 Power Disc,1,9.99,9.99
MULTI PLAZA,ACCESORIO,TOYS 2 LIFE,712725027322,Disney infinity 3.0 Power Disc,1,9.99,9.99
MULTI PLAZA,VIDEO JUEGO,XBOX 360,8888525349,Assassins Creed 2 - XBOX 360,1,29.99,29.99
MULTI PLAZA,VIDEO JUEGO,XBOX 360,722674210805,Naruto Shippuden U.N.S3 XBOX,1,39.99,39.99
MULTI PLAZA,VIDEO JUEGO,XBOX 360,722674211598,Dragon Ball Xenoverse XBOX360,1,59.99,59.99
MULTI PLAZA,VIDEO JUEGO,XBOX 360,14633735482,Fifa 16 XBOX 360,1,59.99,59.99
MULTI PLAZA,VIDEO JUEGO,XBOX 360,8888528746,Assassins Creed Revelation X3,1,19.99,19.99
MULTI PLAZA,VIDEO JUEGO,XBOX 360,722674210805,Naruto Shippuden U.N.S3 XBOX,1,39.99,39.99
MULTI PLAZA,VIDEO JUEGO,XBOX 360,14633733068,Madden 15 Xbox360,1,39.99,39.99
MULTI PLAZA,VIDEO JUEGO,XBOX 360,894515001658,Minecraft Story Mode  XB360,1,39.99,39.99
MULTI PLAZA,VIDEO JUEGO,XBOX 360,883929240906,Batman Arkham City GoY X360,1,29.99,29.99
MULTI PLAZA,VIDEO JUEGO,XBOX 360,14633735482,Fifa 16 XBOX 360,1,59.99,59.99
MULTI PLAZA,VIDEO JUEGO,XBOX 360,710425494123,NBA 2K15 Xbox 360,1,39.99,39.99
MULTI PLAZA,VIDEO JUEGO,XBOX 360,887256000462,The Crew Xbox 360,1,29.99,29.99
MULTI PLAZA,VIDEO JUEGO,XBOX 360,14633197464,NFS Most Wanted X36,1,29.99,29.99
MULTI PLAZA,VIDEO JUEGO,XBOX 360,883929408191,Shadow of Mordor Xbox 360,1,29.99,29.99
MULTI PLAZA,VIDEO JUEGO,XBOX 360,894515001658,Minecraft Story Mode  XB360,1,39.99,39.99
MULTI PLAZA,VIDEO JUEGO,XBOX 360,14633735482,Fifa 16 XBOX 360,1,59.99,59.99
MULTI PLAZA,VIDEO JUEGO,NINTENDO 3DS,662248914787,Theat Trhy Thm Final F 3DS,1,29.99,29.99
MULTI PLAZA,VIDEO JUEGO,NINTENDO 3DS,662248916576,Final fantasy Explorers 3DS ,1,49.99,49.99
MULTI PLAZA,VIDEO JUEGO,NINTENDO 3DS,45496743024,Code Name Steam 3DS,1,19.99,19.99
MULTI PLAZA,VIDEO JUEGO,NINTENDO 3DS,45496742393,Animal crossing 3DS,1,49.99,49.99
MULTI PLAZA,VIDEO JUEGO,NINTENDO 3DS,662248916576,Final fantasy Explorers 3DS ,1,49.99,49.99
MULTI PLAZA,VIDEO JUEGO,NINTENDO 3DS,45496742393,Animal crossing 3DS,1,49.99,49.99
MULTI PLAZA,VIDEO JUEGO,NINTENDO 3DS,722674700641,Project X Zone 2 3DS ,1,49.99,49.99
MULTI PLAZA,VIDEO JUEGO,NINTENDO 3DS,722674700641,Project X Zone 2 3DS ,1,49.99,49.99
MULTI PLAZA,VIDEO JUEGO,NINTENDO 3DS,883929474189,Lego marvel avengers 3DS,1,39.99,39.99
MULTI PLAZA,VIDEO JUEGO,NINTENDO 3DS,662248916576,Final fantasy Explorers 3DS ,1,49.99,49.99
MULTI PLAZA,VIDEO JUEGO,NINTENDO 3DS,662248916576,Final fantasy Explorers 3DS ,1,49.99,49.99
MULTI PLAZA,ACCESORIO,TARJETAS,711719478102,PSN $20,1,29.99,29.99
MULTI PLAZA,ACCESORIO,TARJETAS,711719432500,PSN $10,1,15.99,15.99
MULTI PLAZA,ACCESORIO,TARJETAS,TARJETAITUNES15,iTunes $15,2,16.99,33.98
MULTI PLAZA,ACCESORIO,TARJETAS,711719478102,PSN $20,1,29.99,29.99
MULTI PLAZA,ACCESORIO,TARJETAS,799366552260,PSN $50,1,69.99,69.99
MULTI PLAZA,ACCESORIO,TARJETAS,711719478102,PSN $20,1,29.99,29.99
MULTI PLAZA,ACCESORIO,TARJETAS,711719432500,PSN $10,1,15.99,15.99
MULTI PLAZA,ACCESORIO,TARJETAS,711719478102,PSN $20,1,29.99,29.99
MULTI PLAZA,ACCESORIO,TARJETAS,711719478102,PSN $20,1,29.99,29.99
MULTI PLAZA,ACCESORIO,TARJETAS,799366552260,PSN $50,1,69.99,69.99
MULTI PLAZA,ACCESORIO,TARJETAS,799366114901,Nintendo eShop $10,1,15.99,15.99
MULTI PLAZA,ACCESORIO,TARJETAS,711719478102,PSN $20,1,29.99,29.99
MULTI PLAZA,ACCESORIO,TARJETAS,76750020322,iTunes $25,1,26.99,26.99
MULTI PLAZA,ACCESORIO,TARJETAS,711719478102,PSN $20,1,29.99,29.99
MULTI PLAZA,ACCESORIO,TARJETAS,799366114901,Nintendo eShop $10,1,15.99,15.99
MULTI PLAZA,ACCESORIO,TARJETAS,799366552260,PSN $50,1,69.99,69.99
MULTI PLAZA,ACCESORIO,TARJETAS,799366552260,PSN $50,1,69.99,69.99
MULTI PLAZA,ACCESORIO,TARJETAS,TARJETAITUNES15,iTunes $15,1,16.99,16.99
MULTI PLAZA,ACCESORIO,TARJETAS,711719478102,PSN $20,1,29.99,29.99
MULTI PLAZA,ACCESORIO,TARJETAS,799366552260,PSN $50,1,69.99,69.99
MULTI PLAZA,ACCESORIO,TARJETAS,711719478102,PSN $20,2,29.99,59.98
MULTI PLAZA,ACCESORIO,TARJETAS,Steam $ 20,Steam $ 20,1,29.99,29.99
MULTI PLAZA,ACCESORIO,TARJETAS,711719478102,PSN $20,1,29.99,29.99
MULTI PLAZA,ACCESORIO,TARJETAS,799366114901,Nintendo eShop $10,1,15.99,15.99
MULTI PLAZA,ACCESORIO,TARJETAS,711719478102,PSN $20,1,29.99,29.99
MULTI PLAZA,ACCESORIO,TARJETAS,799366552260,PSN $50,1,69.99,69.99
MULTI PLAZA,ACCESORIO,TARJETAS,711719432500,PSN $10,1,15.99,15.99
MULTI PLAZA,ACCESORIO,TARJETAS,711719478102,PSN $20,1,29.99,29.99
MULTI PLAZA,ACCESORIO,TARJETAS,799366552260,PSN $50,1,69.99,69.99
MULTI PLAZA,ACCESORIO,TARJETAS,711719478102,PSN $20,1,29.99,29.99
MULTI PLAZA,ACCESORIO,TARJETAS,76750020322,iTunes $25,1,26.99,26.99
MULTI PLAZA,ACCESORIO,TARJETAS,711719478102,PSN $20,1,29.99,29.99
MULTI PLAZA,ACCESORIO,TARJETAS,711719478102,PSN $20,1,29.99,29.99
MULTI PLAZA,ACCESORIO,TARJETAS,799366104667,Nintendo eShop $20,1,29.99,29.99
MULTI PLAZA,ACCESORIO,TARJETAS,711719478102,PSN $20,2,29.99,59.98
MULTI PLAZA,ACCESORIO,TARJETAS,711719478102,PSN $20,1,29.99,29.99
MULTI PLAZA,ACCESORIO,TARJETAS,711719432500,PSN $10,1,15.99,15.99
MULTI PLAZA,ACCESORIO,TARJETAS,799366552260,PSN $50,1,69.99,69.99
MULTI PLAZA,ACCESORIO,TARJETAS,711719432500,PSN $10,1,15.99,15.99
MULTI PLAZA,ACCESORIO,TARJETAS,799366552260,PSN $50,2,69.99,139.98
MULTI PLAZA,ACCESORIO,TARJETAS,889842063998,Xbox Live 12 Month,1,79.99,79.99
MULTI PLAZA,ACCESORIO,TARJETAS,711719478102,PSN $20,1,29.99,29.99
MULTI PLAZA,ACCESORIO,TARJETAS,Steam $ 20,Steam $ 20,2,29.99,59.98
MULTI PLAZA,ACCESORIO,TARJETAS,711719478102,PSN $20,1,29.99,29.99
MULTI PLAZA,ACCESORIO,TARJETAS,711719478102,PSN $20,1,29.99,29.99
MULTI PLAZA,ACCESORIO,TARJETAS,711719432500,PSN $10,1,15.99,15.99
MULTI PLAZA,ACCESORIO,TARJETAS,799366086444,Google Play $15,1,19.99,19.99
MULTI PLAZA,ACCESORIO,TARJETAS,711719478102,PSN $20,1,29.99,29.99
MULTI PLAZA,ACCESORIO,TARJETAS,711719478102,PSN $20,1,29.99,29.99
MULTI PLAZA,ACCESORIO,TARJETAS,711719478102,PSN $20,1,29.99,29.99
MULTI PLAZA,ACCESORIO,TARJETAS,711719478102,PSN $20,1,29.99,29.99
MULTI PLAZA,ACCESORIO,TARJETAS,TARJETAITUNES15,iTunes $15,1,16.99,16.99
MULTI PLAZA,ACCESORIO,TARJETAS,799366104667,Nintendo eShop $20,1,29.99,29.99
MULTI PLAZA,ACCESORIO,TARJETAS,711719478102,PSN $20,2,29.99,59.98
MULTI PLAZA,ACCESORIO,TARJETAS,799366552260,PSN $50,2,69.99,139.98
MULTI PLAZA,ACCESORIO,TARJETAS,711719478102,PSN $20,1,29.99,29.99
MULTI PLAZA,ACCESORIO,TARJETAS,799366552260,PSN $50,1,69.99,69.99
MULTI PLAZA,ACCESORIO,TARJETAS,799366552260,PSN $50,2,69.99,139.98
MULTI PLAZA,ACCESORIO,TARJETAS,711719432500,PSN $10,1,15.99,15.99
MULTI PLAZA,ACCESORIO,TARJETAS,711719478102,PSN $20,1,29.99,29.99
MULTI PLAZA,ACCESORIO,TARJETAS,799366114901,Nintendo eShop $10,1,15.99,15.99
MULTI PLAZA,ACCESORIO,TARJETAS,799366114901,Nintendo eShop $10,1,15.99,15.99
MULTI PLAZA,ACCESORIO,TARJETAS,799366552260,PSN $50,1,69.99,69.99
MULTI PLAZA,ACCESORIO,TARJETAS,799366552260,PSN $50,1,69.99,69.99
MULTI PLAZA,ACCESORIO,TARJETAS,TARJETAITUNES15,iTunes $15,1,16.99,16.99
MULTI PLAZA,ACCESORIO,TARJETAS,799366086444,Google Play $15,5,19.99,99.95
MULTI PLAZA,ACCESORIO,TARJETAS,TARJETAITUNES15,iTunes $15,1,16.99,16.99
MULTI PLAZA,ACCESORIO,TARJETAS,799366552260,PSN $50,1,69.99,69.99
MULTI PLAZA,ACCESORIO,TARJETAS,711719478102,PSN $20,1,29.99,29.99
MULTI PLAZA,ACCESORIO,TARJETAS,711719432500,PSN $10,1,15.99,15.99
MULTI PLAZA,ACCESORIO,TARJETAS,799366552260,PSN $50,1,69.99,69.99
MULTI PLAZA,ACCESORIO,TARJETAS,711719478102,PSN $20,1,29.99,29.99
MULTI PLAZA,ACCESORIO,TARJETAS,711719478102,PSN $20,1,29.99,29.99
MULTI PLAZA,ACCESORIO,TARJETAS,711719478102,PSN $20,1,29.99,29.99
MULTI PLAZA,ACCESORIO,TARJETAS,799366104667,Nintendo eShop $20,1,29.99,29.99
MULTI PLAZA,ACCESORIO,TARJETAS,711719478102,PSN $20,1,29.99,29.99
MULTI PLAZA,ACCESORIO,TARJETAS,799366552260,PSN $50,1,69.99,69.99
MULTI PLAZA,ACCESORIO,TARJETAS,711719478102,PSN $20,1,29.99,29.99
MULTI PLAZA,ACCESORIO,TARJETAS,799366104667,Nintendo eShop $20,1,29.99,29.99
MULTI PLAZA,ACCESORIO,TARJETAS,711719478102,PSN $20,1,29.99,29.99
MULTI PLAZA,ACCESORIO,TARJETAS,799366552260,PSN $50,3,69.99,209.97
MULTI PLAZA,ACCESORIO,TARJETAS,799366104667,Nintendo eShop $20,2,29.99,59.98
MULTI PLAZA,ACCESORIO,TARJETAS,799366086444,Google Play $15,2,19.99,39.98
MULTI PLAZA,ACCESORIO,TARJETAS,799366552260,PSN $50,1,69.99,69.99
MULTI PLAZA,ACCESORIO,TARJETAS,711719432500,PSN $10,1,15.99,15.99
MULTI PLAZA,ACCESORIO,TARJETAS,711719478102,PSN $20,1,29.99,29.99
MULTI PLAZA,ACCESORIO,TARJETAS,711719478102,PSN $20,1,29.99,29.99
MULTI PLAZA,ACCESORIO,TARJETAS,Steam $ 20,Steam $ 20,2,29.99,59.98
MULTI PLAZA,ACCESORIO,TARJETAS,799366552260,PSN $50,1,69.99,69.99
MULTI PLAZA,ACCESORIO,TARJETAS,799366114901,Nintendo eShop $10,1,15.99,15.99
MULTI PLAZA,ACCESORIO,TARJETAS,799366552260,PSN $50,1,69.99,69.99
MULTI PLAZA,ACCESORIO,TARJETAS,711719478102,PSN $20,1,29.99,29.99
MULTI PLAZA,ACCESORIO,TARJETAS,799366552260,PSN $50,2,69.99,139.98
MULTI PLAZA,ACCESORIO,TARJETAS,711719432500,PSN $10,1,15.99,15.99
MULTI PLAZA,ACCESORIO,TARJETAS,711719478102,PSN $20,1,29.99,29.99
MULTI PLAZA,ACCESORIO,TARJETAS,711719478102,PSN $20,1,29.99,29.99
MULTI PLAZA,ACCESORIO,TARJETAS,799366104667,Nintendo eShop $20,1,29.99,29.99
MULTI PLAZA,ACCESORIO,TARJETAS,711719478102,PSN $20,1,29.99,29.99
MULTI PLAZA,ACCESORIO,TARJETAS,711719478102,PSN $20,1,29.99,29.99
MULTI PLAZA,ACCESORIO,TARJETAS,799366104667,Nintendo eShop $20,1,29.99,29.99
MULTI PLAZA,ACCESORIO,TARJETAS,799366552260,PSN $50,1,69.99,69.99
MULTI PLAZA,ACCESORIO,TARJETAS,711719478102,PSN $20,1,29.99,29.99
MULTI PLAZA,ACCESORIO,TARJETAS,799366552260,PSN $50,1,69.99,69.99
MULTI PLAZA,ACCESORIO,TARJETAS,Steam $ 20,Steam $ 20,1,29.99,29.99
MULTI PLAZA,ACCESORIO,TARJETAS,799366552260,PSN $50,1,69.99,69.99
MULTI PLAZA,ACCESORIO,TARJETAS,711719478102,PSN $20,1,29.99,29.99
MULTI PLAZA,ACCESORIO,TARJETAS,711719432500,PSN $10,1,15.99,15.99
MULTI PLAZA,ACCESORIO,TARJETAS,711719478102,PSN $20,1,29.99,29.99
MULTI PLAZA,ACCESORIO,TARJETAS,711719478102,PSN $20,1,29.99,29.99
MULTI PLAZA,ACCESORIO,TARJETAS,799366114901,Nintendo eShop $10,1,15.99,15.99
MULTI PLAZA,ACCESORIO,TARJETAS,711719478102,PSN $20,-1,29.99,-29.99
MULTI PLAZA,ACCESORIO,TARJETAS,799366104667,Nintendo eShop $20,1,29.99,29.99
MULTI PLAZA,ACCESORIO,TARJETAS,711719478102,PSN $20,1,29.99,29.99
MULTI PLAZA,ACCESORIO,TARJETAS,889842063998,Xbox Live 12 Month,1,79.99,79.99
MULTI PLAZA,ACCESORIO,TARJETAS,711719478102,PSN $20,1,29.99,29.99
MULTI PLAZA,ACCESORIO,TARJETAS,711719478102,PSN $20,1,29.99,29.99
MULTI PLAZA,ACCESORIO,TARJETAS,711719432500,PSN $10,1,15.99,15.99
MULTI PLAZA,ACCESORIO,TARJETAS,799366104667,Nintendo eShop $20,1,29.99,29.99
MULTI PLAZA,ACCESORIO,TARJETAS,711719478102,PSN $20,1,29.99,29.99
MULTI PLAZA,ACCESORIO,TARJETAS,711719478102,PSN $20,1,29.99,29.99
MULTI PLAZA,ACCESORIO,TARJETAS,799366114901,Nintendo eShop $10,1,15.99,15.99
MULTI PLAZA,ACCESORIO,TARJETAS,711719478102,PSN $20,1,29.99,29.99
MULTI PLAZA,ACCESORIO,TARJETAS,799366086444,Google Play $15,1,19.99,19.99
MULTI PLAZA,ACCESORIO,TARJETAS,799366104667,Nintendo eShop $20,1,29.99,29.99
MULTI PLAZA,ACCESORIO,TARJETAS,711719432500,PSN $10,1,15.99,15.99
MULTI PLAZA,ACCESORIO,TARJETAS,711719478102,PSN $20,1,29.99,29.99
MULTI PLAZA,ACCESORIO,TARJETAS,711719478102,PSN $20,1,29.99,29.99
MULTI PLAZA,VIDEO JUEGO,PLAYSTATION 3 - PS3 ,710425473043,GTA V PS3,1,49.99,49.99
MULTI PLAZA,VIDEO JUEGO,PLAYSTATION 3 - PS3 ,710425473043,GTA V PS3,1,49.99,49.99
MULTI PLAZA,VIDEO JUEGO,PS VITA,883929474240,Lego marvel avengers PSVITA,1,39.99,39.99
MULTI PLAZA,VIDEO JUEGO,PS VITA,14633368055,Fifa 15 PSVITA ,1,39.99,39.99
MULTI PLAZA,VIDEO JUEGO,NINTENDO WII U,883929474066,Lego marvel avengers Wiiu,1,59.99,59.99
MULTI PLAZA,VIDEO JUEGO,NINTENDO WII U,883929474066,Lego marvel avengers Wiiu,1,59.99,59.99
MULTI PLAZA,VIDEO JUEGO,NINTENDO WII U,883929427567,Lego Batman 3 B. G Wiiu,1,39.99,39.99
MULTI PLAZA,VIDEO JUEGO,NINTENDO WII U,883929474066,Lego marvel avengers Wiiu,1,59.99,59.99
MULTI PLAZA,VIDEO JUEGO,PLAYSTATION 3 - PS3 ,722674111560,Dragon Ball Xenoverse PS3,1,59.99,59.99
MULTI PLAZA,VIDEO JUEGO,PLAYSTATION 3 - PS3 ,894515001672,Minecraft Story Mode  PS3,1,39.99,39.99
MULTI PLAZA,VIDEO JUEGO,PLAYSTATION 3 - PS3 ,710425473043,GTA V PS3,1,59.99,59.99
MULTI PLAZA,VIDEO JUEGO,PLAYSTATION 3 - PS3 ,883929408184,Shadow of Mordor PS3,1,29.99,29.99
MULTI PLAZA,VIDEO JUEGO,XBOX ONE,722674220101,Dragon Ball Xenoverse XONE,1,69.99,69.99
MULTI PLAZA,VIDEO JUEGO,XBOX ONE,722674220248,Naruto Shippuden UNS4 XONE,1,69.99,69.99
MULTI PLAZA,VIDEO JUEGO,XBOX ONE,883929426539,Mortal Kombat X XONE,1,69.99,69.99
MULTI PLAZA,VIDEO JUEGO,XBOX ONE,710425495281,GTA V XONE,1,69.99,69.99
MULTI PLAZA,VIDEO JUEGO,XBOX ONE,883929474097,Lego marvel avengers XB1,1,69.99,69.99
MULTI PLAZA,VIDEO JUEGO,XBOX ONE,83717302094,PES 16 XONE,1,34.99,34.99
MULTI PLAZA,VIDEO JUEGO,XBOX ONE,722674220248,Naruto Shippuden UNS4 XONE,1,69.99,69.99
MULTI PLAZA,VIDEO JUEGO,XBOX ONE,722674220248,Naruto Shippuden UNS4 XONE,1,69.99,69.99
MULTI PLAZA,VIDEO JUEGO,XBOX ONE,710425495281,GTA V XONE,1,69.99,69.99
MULTI PLAZA,VIDEO JUEGO,XBOX ONE,722674220248,Naruto Shippuden UNS4 XONE,1,69.99,69.99
MULTI PLAZA,VIDEO JUEGO,XBOX ONE,710425495281,GTA V XONE,1,69.99,69.99
MULTI PLAZA,VIDEO JUEGO,XBOX ONE,883929474097,Lego marvel avengers XB1,1,69.99,69.99
MULTI PLAZA,VIDEO JUEGO,XBOX ONE,722674220248,Naruto Shippuden UNS4 XONE,1,69.99,69.99
MULTI PLAZA,VIDEO JUEGO,XBOX ONE,883929474097,Lego marvel avengers XB1,1,69.99,69.99
MULTI PLAZA,VIDEO JUEGO,NINTENDO 3DS,883929326945,Lego Chima  3DS,1,0.01,0.01
MULTI PLAZA,VIDEO JUEGO,NINTENDO 3DS,883929326945,Lego Chima  3DS,1,0.01,0.01
MULTI PLAZA,VIDEO JUEGO,NINTENDO 3DS,883929326945,Lego Chima  3DS,1,0.01,0.01
MULTI PLAZA,VIDEO JUEGO,NINTENDO 3DS,883929326945,Lego Chima  3DS,1,0.01,0.01
MULTI PLAZA,VIDEO JUEGO,XBOX 360,83717302131,PES 16- XBOX 360,1,24.99,24.99
MULTI PLAZA,VIDEO JUEGO,XBOX 360,883929474172,Lego marvel avengers XB360,1,59.99,59.99
MULTI PLAZA,VIDEO JUEGO,XBOX 360,14633370270,Fifa 16 Deluxe Edition X360,1,69.99,69.99
MULTI PLAZA,VIDEO JUEGO,XBOX ONE,14633734553,Fifa 16 XONE,1,59.99,59.99
MULTI PLAZA,VIDEO JUEGO,XBOX ONE,47875873254,COD Advanced Warfare XONE,1,49.99,49.99
MULTI PLAZA,VIDEO JUEGO,XBOX ONE,710425496776,WWE 2k16 XONE,1,69.99,69.99
MULTI PLAZA,VIDEO JUEGO,XBOX ONE,662248915852,Just Cause 3 XONE,1,69.99,69.99
MULTI PLAZA,VIDEO JUEGO,XBOX ONE,14633734553,Fifa 16 XONE,1,59.99,59.99
MULTI PLAZA,VIDEO JUEGO,XBOX ONE,887256014728,Rainbow Six XONE,1,69.99,69.99
MULTI PLAZA,VIDEO JUEGO,XBOX ONE,14633734553,Fifa 16 XONE,1,59.99,59.99
MULTI PLAZA,VIDEO JUEGO,XBOX ONE,885370949896,Gear of War U.E XONE,1,59.99,59.99
MULTI PLAZA,VIDEO JUEGO,XBOX ONE,887256014728,Rainbow Six XONE,1,69.99,69.99
MULTI PLAZA,VIDEO JUEGO,XBOX ONE,662248915852,Just Cause 3 XONE,1,69.99,69.99
MULTI PLAZA,VIDEO JUEGO,XBOX ONE,83717301820,Metal Gear Solid V XONE,1,69.99,69.99
MULTI PLAZA,VIDEO JUEGO,NINTENDO 3DS,883929419258,Lego Ninjago 3DS,1,29.99,29.99
MULTI PLAZA,VIDEO JUEGO,PLAYSTATION 3 - PS3 ,883929474080,Lego marvel avengers PS3,1,59.99,59.99
MULTI PLAZA,VIDEO JUEGO,PLAYSTATION 3 - PS3 ,711719991830,The Last of Us PS3,1,49.99,49.99
MULTI PLAZA,VIDEO JUEGO,PLAYSTATION 3 - PS3 ,83717203087,PES 16-PS3,1,39.99,39.99
MULTI PLAZA,VIDEO JUEGO,PLAYSTATION 3 - PS3 ,722674111287,Dragon Ball: Raging Blast -PS3,1,49.99,49.99
MULTI PLAZA,VIDEO JUEGO,PLAYSTATION 3 - PS3 ,722674110822,Naruto Shippuden U.N.S 3 PS3,1,39.99,39.99
MULTI PLAZA,VIDEO JUEGO,PLAYSTATION 3 - PS3 ,711719991830,The Last of Us PS3,1,49.99,49.99
MULTI PLAZA,VIDEO JUEGO,PLAYSTATION 3 - PS3 ,722674111812,MXGP PS3,1,59.99,59.99
MULTI PLAZA,VIDEO JUEGO,PLAYSTATION 3 - PS3 ,722674111393,PACMAN 2 A.T.G.A PS3,1,29.99,29.99
MULTI PLAZA,VIDEO JUEGO,PLAYSTATION 3 - PS3 ,883929472888,Lego jurassic World PS3,1,49.99,49.99
MULTI PLAZA,VIDEO JUEGO,PLAYSTATION 3 - PS3 ,14633735444,Fifa 16 PS3,1,59.99,59.99
MULTI PLAZA,VIDEO JUEGO,PLAYSTATION 3 - PS3 ,711719991830,The Last of Us PS3,1,49.99,49.99
MULTI PLAZA,VIDEO JUEGO,NINTENDO 3DS,45496743154,Fire Emblem Fates Birth 3DS,1,49.99,49.99
MULTI PLAZA,VIDEO JUEGO,NINTENDO 3DS,45496741723,Super Mario 3DLand 3DS,1,39.99,39.99
MULTI PLAZA,VIDEO JUEGO,NINTENDO 3DS,45496741747,Mario Kart 7 3DS,-1,39.99,-39.99
MULTI PLAZA,VIDEO JUEGO,NINTENDO 3DS,45496743154,Fire Emblem Fates Birth 3DS,1,49.99,49.99
MULTI PLAZA,VIDEO JUEGO,NINTENDO 3DS,45496743406,Fire Emblem Fates Conquest 3DS,1,49.99,49.99
MULTI PLAZA,VIDEO JUEGO,NINTENDO 3DS,45496742904,Super Smash Bros 3DS,1,49.99,49.99
MULTI PLAZA,VIDEO JUEGO,NINTENDO 3DS,45496741747,Mario Kart 7 3DS,1,39.99,39.99
MULTI PLAZA,VIDEO JUEGO,NINTENDO 3DS,13388305193,Monster Hunter 4 Ultimate 3DS,1,49.99,49.99
MULTI PLAZA,VIDEO JUEGO,NINTENDO 3DS,45496743154,Fire Emblem Fates Birth 3DS,1,49.99,49.99
MULTI PLAZA,VIDEO JUEGO,NINTENDO 3DS,45496743314,Pokemon Super Mystery Dung.3DS,1,49.99,49.99
MULTI PLAZA,VIDEO JUEGO,NINTENDO 3DS,45496742942,Pokemon Alpha Sapphire 3DS,1,49.99,49.99
MULTI PLAZA,VIDEO JUEGO,NINTENDO 3DS,45496742805,Zelda Majora´s Mask 3DS,1,49.99,49.99
MULTI PLAZA,VIDEO JUEGO,NINTENDO 3DS,45496741723,Super Mario 3DLand 3DS,1,39.99,39.99
MULTI PLAZA,VIDEO JUEGO,NINTENDO 3DS,45496743154,Fire Emblem Fates Birth 3DS,1,49.99,49.99
MULTI PLAZA,VIDEO JUEGO,NINTENDO 3DS,45496742805,Zelda Majora´s Mask 3DS,1,49.99,49.99
MULTI PLAZA,VIDEO JUEGO,NINTENDO 3DS,45496743154,Fire Emblem Fates Birth 3DS,1,49.99,49.99
MULTI PLAZA,VIDEO JUEGO,NINTENDO 3DS,45496743284,Animal crossing Happy Home 3DS,-1,49.99,-49.99
MULTI PLAZA,VIDEO JUEGO,NINTENDO 3DS,45496743581,Fire Emblem Fates S.E 3DS,1,89.99,89.99
MULTI PLAZA,VIDEO JUEGO,NINTENDO 3DS,45496743154,Fire Emblem Fates Birth 3DS,1,49.99,49.99
MULTI PLAZA,CONSOLAS,NINTENDO 3DS,45496781866,NINTENDO NEW 3DSXL Hyrule edit,1,259.99,259.99
MULTI PLAZA,CONSOLAS,NINTENDO 3DS,45496781514,NINTENDO NEW 3DSXL BLACK,1,249.99,249.99
MULTI PLAZA,CONSOLAS,NINTENDO 3DS,45496781507,NINTENDO NEW 3DSXL RED,1,249.99,249.99
MULTI PLAZA,CONSOLAS,NINTENDO 3DS,45496781866,NINTENDO NEW 3DSXL Hyrule edit,1,259.99,259.99
MULTI PLAZA,CONSOLAS,NINTENDO 3DS,45496781507,NINTENDO NEW 3DSXL RED,1,249.99,249.99
MULTI PLAZA,CONSOLAS,NINTENDO 3DS,45496781866,NINTENDO NEW 3DSXL Hyrule edit,1,259.99,259.99
MULTI PLAZA,CONSOLAS,NINTENDO 3DS,45496781507,NINTENDO NEW 3DSXL RED,1,249.99,249.99
MULTI PLAZA,CONSOLAS,NINTENDO 3DS,45496781866,NINTENDO NEW 3DSXL Hyrule edit,1,259.99,259.99
MULTI PLAZA,CONSOLAS,NINTENDO 3DS,45496781866,NINTENDO NEW 3DSXL Hyrule edit,1,259.99,259.99
MULTI PLAZA,VIDEO JUEGO,NINTENDO 3DS,45496743581,Fire Emblem Fates S.E 3DS,1,89.99,89.99
MULTI PLAZA,VIDEO JUEGO,NINTENDO 3DS,45496743154,Fire Emblem Fates Birth 3DS,1,49.99,49.99
MULTI PLAZA,VIDEO JUEGO,NINTENDO 3DS,45496743406,Fire Emblem Fates Conquest 3DS,1,49.99,49.99
MULTI PLAZA,VIDEO JUEGO,NINTENDO 3DS,45496743581,Fire Emblem Fates S.E 3DS,1,89.99,89.99
MULTI PLAZA,VIDEO JUEGO,NINTENDO 3DS,45496742904,Super Smash Bros 3DS,1,49.99,49.99
MULTI PLAZA,VIDEO JUEGO,NINTENDO 3DS,45496742904,Super Smash Bros 3DS,1,49.99,49.99
MULTI PLAZA,VIDEO JUEGO,NINTENDO 3DS,45496743154,Fire Emblem Fates Birth 3DS,1,49.99,49.99
MULTI PLAZA,VIDEO JUEGO,NINTENDO 3DS,45496743154,Fire Emblem Fates Birth 3DS,1,49.99,49.99
MULTI PLAZA,VIDEO JUEGO,NINTENDO 3DS,45496743406,Fire Emblem Fates Conquest 3DS,1,49.99,49.99
MULTI PLAZA,VIDEO JUEGO,NINTENDO 3DS,45496743406,Fire Emblem Fates Conquest 3DS,1,49.99,49.99
MULTI PLAZA,VIDEO JUEGO,NINTENDO 3DS,45496743154,Fire Emblem Fates Birth 3DS,1,49.99,49.99
MULTI PLAZA,VIDEO JUEGO,NINTENDO 3DS,45496743406,Fire Emblem Fates Conquest 3DS,1,49.99,49.99
MULTI PLAZA,VIDEO JUEGO,NINTENDO 3DS,45496743178,Xenoblade Chronicles 3DS,1,49.99,49.99
MULTI PLAZA,VIDEO JUEGO,NINTENDO 3DS,45496742904,Super Smash Bros 3DS,1,49.99,49.99
MULTI PLAZA,VIDEO JUEGO,NINTENDO 3DS,45496743178,Xenoblade Chronicles 3DS,1,49.99,49.99
MULTI PLAZA,VIDEO JUEGO,NINTENDO 3DS,45496743598,Mario & Luigi: Paper Jam 3DS,1,49.99,49.99
MULTI PLAZA,VIDEO JUEGO,NINTENDO 3DS,45496743581,Fire Emblem Fates S.E 3DS,1,80.99,80.99
MULTI PLAZA,VIDEO JUEGO,NINTENDO 3DS,45496743581,Fire Emblem Fates S.E 3DS,1,80.99,80.99
MULTI PLAZA,VIDEO JUEGO,NINTENDO 3DS,45496743581,Fire Emblem Fates S.E 3DS,1,89.99,89.99
MULTI PLAZA,VIDEO JUEGO,NINTENDO 3DS,45496743154,Fire Emblem Fates Birth 3DS,1,49.99,49.99
MULTI PLAZA,VIDEO JUEGO,NINTENDO 3DS,45496743406,Fire Emblem Fates Conquest 3DS,1,49.99,49.99
MULTI PLAZA,VIDEO JUEGO,NINTENDO 3DS,45496743154,Fire Emblem Fates Birth 3DS,1,49.99,49.99
MULTI PLAZA,VIDEO JUEGO,NINTENDO 3DS,45496743406,Fire Emblem Fates Conquest 3DS,1,49.99,49.99
MULTI PLAZA,VIDEO JUEGO,NINTENDO 3DS,45496743154,Fire Emblem Fates Birth 3DS,1,49.99,49.99
MULTI PLAZA,VIDEO JUEGO,NINTENDO 3DS,45496743406,Fire Emblem Fates Conquest 3DS,1,49.99,49.99
MULTI PLAZA,VIDEO JUEGO,NINTENDO 3DS,45496743154,Fire Emblem Fates Birth 3DS,1,49.99,49.99
MULTI PLAZA,VIDEO JUEGO,NINTENDO 3DS,45496743581,Fire Emblem Fates S.E 3DS,2,89.99,179.98
MULTI PLAZA,VIDEO JUEGO,NINTENDO 3DS,45496743581,Fire Emblem Fates S.E 3DS,1,89.99,89.99
MULTI PLAZA,VIDEO JUEGO,NINTENDO 3DS,45496743154,Fire Emblem Fates Birth 3DS,1,49.99,49.99
MULTI PLAZA,VIDEO JUEGO,NINTENDO 3DS,45496743581,Fire Emblem Fates S.E 3DS,1,89.99,89.99
MULTI PLAZA,VIDEO JUEGO,NINTENDO 3DS,45496743581,Fire Emblem Fates S.E 3DS,1,89.99,89.99
MULTI PLAZA,VIDEO JUEGO,NINTENDO 3DS,45496743581,Fire Emblem Fates S.E 3DS,1,89.99,89.99
MULTI PLAZA,VIDEO JUEGO,NINTENDO 3DS,45496743581,Fire Emblem Fates S.E 3DS,1,89.99,89.99
MULTI PLAZA,VIDEO JUEGO,NINTENDO 3DS,45496743581,Fire Emblem Fates S.E 3DS,1,89.99,89.99
MULTI PLAZA,VIDEO JUEGO,NINTENDO 3DS,45496743406,Fire Emblem Fates Conquest 3DS,1,49.99,49.99
MULTI PLAZA,VIDEO JUEGO,NINTENDO 3DS,45496743154,Fire Emblem Fates Birth 3DS,1,49.99,49.99
MULTI PLAZA,VIDEO JUEGO,NINTENDO 3DS,45496741747,Mario Kart 7 3DS,1,39.99,39.99
MULTI PLAZA,VIDEO JUEGO,NINTENDO 3DS,45496741747,Mario Kart 7 3DS,1,39.99,39.99
MULTI PLAZA,VIDEO JUEGO,NINTENDO 3DS,45496743284,Animal crossing Happy Home 3DS,1,49.99,49.99
MULTI PLAZA,VIDEO JUEGO,NINTENDO 3DS,45496742805,Zelda Majora´s Mask 3DS,1,49.99,49.99
MULTI PLAZA,VIDEO JUEGO,NINTENDO 3DS,45496742904,Super Smash Bros 3DS,1,49.99,49.99
MULTI PLAZA,VIDEO JUEGO,NINTENDO 3DS,45496741747,Mario Kart 7 3DS,1,39.99,39.99
MULTI PLAZA,VIDEO JUEGO,NINTENDO 3DS,45496743406,Fire Emblem Fates Conquest 3DS,1,49.99,49.99
MULTI PLAZA,VIDEO JUEGO,NINTENDO 3DS,45496743598,Mario & Luigi: Paper Jam 3DS,1,49.99,49.99
MULTI PLAZA,VIDEO JUEGO,NINTENDO 3DS,45496743345,Zelda Tri Force 3DS,1,49.99,49.99
MULTI PLAZA,VIDEO JUEGO,NINTENDO 3DS,45496742805,Zelda Majora´s Mask 3DS,1,49.99,49.99
MULTI PLAZA,VIDEO JUEGO,NINTENDO 3DS,45496742904,Super Smash Bros 3DS,1,49.99,49.99
MULTI PLAZA,VIDEO JUEGO,NINTENDO 3DS,45496743369,Yokai Watch 3DS,1,49.99,49.99
MULTI PLAZA,ACCESORIO,NINTENDO WIIU,45496892463,Wii Remote Plus Toad,1,49.99,49.99
MULTI PLAZA,ACCESORIO,NINTENDO WIIU,45496891022,Wii U Pro Controller Black,1,69.99,69.99
MULTI PLAZA,ACCESORIO,NINTENDO WIIU,45496891022,Wii U Pro Controller Black,1,69.99,69.99
MULTI PLAZA,ACCESORIO,NINTENDO WIIU,45496891022,Wii U Pro Controller Black,1,69.99,69.99
MULTI PLAZA,ACCESORIO,NINTENDO WIIU,45496891022,Wii U Pro Controller Black,1,69.99,69.99
MULTI PLAZA,ACCESORIO,NINTENDO WIIU,45496891091,Wii Remote Plus Negro Wiiu,1,49.99,49.99
MULTI PLAZA,ACCESORIO,NINTENDO WIIU,45496891046,Nunchuk Negro Wiiu,1,24.99,24.99
MULTI PLAZA,ACCESORIO,NINTENDO WIIU,45496892531,Amiibo Card Animal Crossin 2,1,9.99,9.99
MULTI PLAZA,ACCESORIO,NINTENDO WIIU,45496892470,Wii Remote Plus Yoshi,1,49.99,49.99
MULTI PLAZA,ACCESORIO,NINTENDO WIIU,45496892463,Wii Remote Plus Toad,1,49.99,49.99
MULTI PLAZA,ACCESORIO,NINTENDO WIIU,45496891022,Wii U Pro Controller Black,-1,69.99,-69.99
MULTI PLAZA,ACCESORIO,NINTENDO WIIU,45496892470,Wii Remote Plus Yoshi,1,49.99,49.99
MULTI PLAZA,ACCESORIO,NINTENDO WIIU,45496891022,Wii U Pro Controller Black,1,69.99,69.99
MULTI PLAZA,VIDEO JUEGO,PLAYSTATION 3 - PS3 ,883929474080,Lego marvel avengers PS3,1,59.99,59.99
MULTI PLAZA,VIDEO JUEGO,PLAYSTATION 3 - PS3 ,883929474080,Lego marvel avengers PS3,1,59.99,59.99
MULTI PLAZA,VIDEO JUEGO,PLAYSTATION 3 - PS3 ,83717203087,PES 16-PS3,1,39.99,39.99
MULTI PLAZA,VIDEO JUEGO,PLAYSTATION 3 - PS3 ,722674110532,Naruto Shippuden Gen PS3,-1,39.99,-39.99
MULTI PLAZA,VIDEO JUEGO,PLAYSTATION 3 - PS3 ,712725024727,Star Wars The Force U.2 - PS3,1,29.99,29.99
MULTI PLAZA,VIDEO JUEGO,PLAYSTATION 3 - PS3 ,14633735444,Fifa 16 PS3,1,59.99,59.99
MULTI PLAZA,VIDEO JUEGO,PLAYSTATION 3 - PS3 ,83717203087,PES 16-PS3,1,24.99,24.99
MULTI PLAZA,ACCESORIO,TARJETAS,TARJETAITUNES15,iTunes $15,2,16.99,33.98
MULTI PLAZA,ACCESORIO,TARJETAS,799366114901,Nintendo eShop $10,2,15.99,31.98
MULTI PLAZA,ACCESORIO,TARJETAS,799366552260,PSN $50,1,69.99,69.99
MULTI PLAZA,ACCESORIO,TARJETAS,799366552260,PSN $50,1,69.99,69.99
MULTI PLAZA,ACCESORIO,TARJETAS,Tarjeta iTunes $50,iTunes $50,1,55.99,55.99
MULTI PLAZA,ACCESORIO,TARJETAS,Tarjeta iTunes $50,iTunes $50,2,55.99,111.98
MULTI PLAZA,ACCESORIO,TARJETAS,TARJETAITUNES15,iTunes $15,1,16.99,16.99
MULTI PLAZA,ACCESORIO,TARJETAS,711719478102,PSN $20,1,29.99,29.99
MULTI PLAZA,ACCESORIO,TARJETAS,799366552260,PSN $50,1,69.99,69.99
MULTI PLAZA,ACCESORIO,TARJETAS,799366552260,PSN $50,1,69.99,69.99
MULTI PLAZA,ACCESORIO,TARJETAS,711719478102,PSN $20,1,29.99,29.99
MULTI PLAZA,ACCESORIO,TARJETAS,TARJETAITUNES15,iTunes $15,1,16.99,16.99
MULTI PLAZA,ACCESORIO,TARJETAS,799366552260,PSN $50,1,69.99,69.99
MULTI PLAZA,ACCESORIO,TARJETAS,711719478102,PSN $20,1,29.99,29.99
MULTI PLAZA,ACCESORIO,TARJETAS,76750020322,iTunes $25,1,26.99,26.99
MULTI PLAZA,ACCESORIO,TARJETAS,TARJETAITUNES15,iTunes $15,1,16.99,16.99
MULTI PLAZA,ACCESORIO,TARJETAS,711719478102,PSN $20,1,29.99,29.99
MULTI PLAZA,ACCESORIO,TARJETAS,711719478102,PSN $20,1,29.99,29.99
MULTI PLAZA,ACCESORIO,TARJETAS,711719432500,PSN $10,1,15.99,15.99
MULTI PLAZA,ACCESORIO,TARJETAS,711719478102,PSN $20,1,29.99,29.99
MULTI PLAZA,ACCESORIO,TARJETAS,711719478102,PSN $20,1,29.99,29.99
MULTI PLAZA,ACCESORIO,TARJETAS,Steam $ 20,Steam $ 20,1,29.99,29.99
MULTI PLAZA,ACCESORIO,TARJETAS,799366114901,Nintendo eShop $10,1,15.99,15.99
MULTI PLAZA,ACCESORIO,TARJETAS,76750020322,iTunes $25,1,26.99,26.99
MULTI PLAZA,ACCESORIO,TARJETAS,711719432500,PSN $10,1,15.99,15.99
MULTI PLAZA,ACCESORIO,TARJETAS,711719478102,PSN $20,1,29.99,29.99
MULTI PLAZA,ACCESORIO,TARJETAS,711719478102,PSN $20,1,29.99,29.99
MULTI PLAZA,VIDEO JUEGO,NINTENDO WII U,883929474066,Lego marvel avengers Wiiu,1,59.99,59.99
MULTI PLAZA,VIDEO JUEGO,PS VITA,14633368055,Fifa 15 PSVITA ,1,39.99,39.99
MULTI PLAZA,AUDIFONOS,GAMING,728658041182,Headset Wireless Kunai Blanco,1,89.99,89.99
MULTI PLAZA,AUDIFONOS,GAMING,728658041182,Headset Wireless Kunai Blanco,1,89.99,89.99
MULTI PLAZA,AUDIFONOS,GAMING,728658041182,Headset Wireless Kunai Blanco,1,89.99,89.99
MULTI PLAZA,VIDEO JUEGO,PLAYSTATION 3 - PS3 ,711719052050,Wolfenstein PS3,1,49.99,49.99
MULTI PLAZA,VIDEO JUEGO,PLAYSTATION 3 - PS3 ,83717203087,PES 16-PS3,1,24.99,24.99
MULTI PLAZA,VIDEO JUEGO,PLAYSTATION 3 - PS3 ,14633735444,Fifa 16 PS3,1,59.99,59.99
MULTI PLAZA,VIDEO JUEGO,PLAYSTATION 3 - PS3 ,83717203087,PES 16-PS3,1,24.99,24.99
MULTI PLAZA,VIDEO JUEGO,PLAYSTATION 3 - PS3 ,710425375736,Red Dead Redemption - PS3,1,29.99,29.99
MULTI PLAZA,VIDEO JUEGO,PLAYSTATION 3 - PS3 ,8888346784,Splinter Cell Trilogy PS3,1,39.99,39.99
MULTI PLAZA,VIDEO JUEGO,PLAYSTATION 3 - PS3 ,14633735444,Fifa 16 PS3,1,59.99,59.99
MULTI PLAZA,VIDEO JUEGO,PLAYSTATION 3 - PS3 ,14633195866,NFS The Run - PS3,1,29.99,29.99
MULTI PLAZA,VIDEO JUEGO,PLAYSTATION 3 - PS3 ,883929474080,Lego marvel avengers PS3,1,59.99,59.99
MULTI PLAZA,VIDEO JUEGO,PLAYSTATION 3 - PS3 ,14633735444,Fifa 16 PS3,1,59.99,59.99
MULTI PLAZA,VIDEO JUEGO,PLAYSTATION 3 - PS3 ,14633735444,Fifa 16 PS3,1,59.99,59.99
MULTI PLAZA,VIDEO JUEGO,PLAYSTATION 3 - PS3 ,14633735444,Fifa 16 PS3,1,59.99,59.99
MULTI PLAZA,VIDEO JUEGO,PLAYSTATION 3 - PS3 ,83717203087,PES 16-PS3,1,24.99,24.99
MULTI PLAZA,VIDEO JUEGO,PLAYSTATION 3 - PS3 ,14633735444,Fifa 16 PS3,1,59.99,59.99
MULTI PLAZA,VIDEO JUEGO,PLAYSTATION 3 - PS3 ,83717203087,PES 16-PS3,1,24.99,24.99
MULTI PLAZA,VIDEO JUEGO,PLAYSTATION 3 - PS3 ,722674110532,Naruto Shippuden Gen PS3,1,39.99,39.99
MULTI PLAZA,VIDEO JUEGO,PLAYSTATION 3 - PS3 ,883929474080,Lego marvel avengers PS3,1,59.99,59.99
MULTI PLAZA,VIDEO JUEGO,PLAYSTATION 3 - PS3 ,14633735444,Fifa 16 PS3,1,59.99,59.99
MULTI PLAZA,VIDEO JUEGO,PLAYSTATION 3 - PS3 ,712725024727,Star Wars The Force U.2 - PS3,1,29.99,29.99
MULTI PLAZA,VIDEO JUEGO,PLAYSTATION 3 - PS3 ,14633735444,Fifa 16 PS3,1,59.99,59.99
MULTI PLAZA,VIDEO JUEGO,PLAYSTATION 3 - PS3 ,14633368567,Madden 16- PS3,1,69.99,69.99
MULTI PLAZA,VIDEO JUEGO,PLAYSTATION 3 - PS3 ,83717203087,PES 16-PS3,1,24.99,24.99
MULTI PLAZA,VIDEO JUEGO,PLAYSTATION 3 - PS3 ,710425377808,GTA Episod.  Liberty City -PS3,1,29.99,29.99
MULTI PLAZA,VIDEO JUEGO,PLAYSTATION 3 - PS3 ,722674111607,F1 2014 PS3,1,39.99,39.99
MULTI PLAZA,VIDEO JUEGO,PLAYSTATION 3 - PS3 ,710425476969,GTA San Andreas  PS3,1,29.99,29.99
MULTI PLAZA,VIDEO JUEGO,PLAYSTATION 3 - PS3 ,887256000172,Assassin Creed Rogue PS3,1,39.99,39.99
MULTI PLAZA,VIDEO JUEGO,PLAYSTATION 3 - PS3 ,83717203087,PES 16-PS3,1,24.99,24.99
MULTI PLAZA,VIDEO JUEGO,PLAYSTATION 3 - PS3 ,14633152753,NFS Carbon - PS3,1,29.99,29.99
MULTI PLAZA,VIDEO JUEGO,PLAYSTATION 3 - PS3 ,887256301156,Just Dance 2015 PS3,1,49.99,49.99
MULTI PLAZA,VIDEO JUEGO,PLAYSTATION 3 - PS3 ,83717203087,PES 16-PS3,1,24.99,24.99
MULTI PLAZA,VIDEO JUEGO,PLAYSTATION 3 - PS3 ,712725024727,Star Wars The Force U.2 - PS3,1,29.99,29.99
MULTI PLAZA,VIDEO JUEGO,PLAYSTATION 3 - PS3 ,83717203087,PES 16-PS3,1,24.99,24.99
MULTI PLAZA,VIDEO JUEGO,PLAYSTATION 3 - PS3 ,83717203087,PES 16-PS3,1,24.99,24.99
MULTI PLAZA,VIDEO JUEGO,PLAYSTATION 3 - PS3 ,14633735444,Fifa 16 PS3,1,59.99,59.99
MULTI PLAZA,VIDEO JUEGO,NINTENDO Wii,712725024895,LEGO Star Wars 3 - Wii,1,29.99,29.99
MULTI PLAZA,VIDEO JUEGO,NINTENDO Wii,10086650020,Sonic and The Secret R. - Wii,1,29.99,29.99
MULTI PLAZA,ACCESORIO,TOYS 2 LIFE,712725025700,Disney infinity 2.0 Hulk,1,19.99,19.99
MULTI PLAZA,ACCESORIO,TOYS 2 LIFE,712725027162,Disney infinity 3.0 Darth Vade,1,19.99,19.99
MULTI PLAZA,ACCESORIO,TOYS 2 LIFE,712725023744,Disney infinity Syndrome ,1,9.99,9.99
MULTI PLAZA,VIDEO JUEGO,PLAYSTATION 4- PS4,722674120456,Digimon Story Cyber Sleuth PS4,1,69.99,69.99
MULTI PLAZA,VIDEO JUEGO,PLAYSTATION 4- PS4,14633735499,Fifa 16 PS4,1,59.99,59.99
MULTI PLAZA,VIDEO JUEGO,PLAYSTATION 4- PS4,722674120081,Ride PS4,1,49.99,49.99
MULTI PLAZA,VIDEO JUEGO,PLAYSTATION 4- PS4,722674120456,Digimon Story Cyber Sleuth PS4,1,69.99,69.99
MULTI PLAZA,VIDEO JUEGO,PLAYSTATION 4- PS4,814290013097,The Golf Club PS4 ,1,49.99,49.99
MULTI PLAZA,VIDEO JUEGO,PLAYSTATION 4- PS4,812872018522,Payday 2  PS4,1,39.99,39.99
MULTI PLAZA,VIDEO JUEGO,PLAYSTATION 4- PS4,14633735499,Fifa 16 PS4,1,59.99,59.99
MULTI PLAZA,VIDEO JUEGO,PLAYSTATION 4- PS4,14633735499,Fifa 16 PS4,1,59.99,59.99
MULTI PLAZA,VIDEO JUEGO,PLAYSTATION 4- PS4,722674120166,Dragon Ball Xenoverse PS4,1,69.99,69.99
MULTI PLAZA,VIDEO JUEGO,PLAYSTATION 4- PS4,722674120166,Dragon Ball Xenoverse PS4,1,69.99,69.99
MULTI PLAZA,VIDEO JUEGO,PLAYSTATION 4- PS4,642337732553,The Witcher:Wild Hunt PS4,1,69.99,69.99
MULTI PLAZA,VIDEO JUEGO,XBOX ONE,47875874688,COD BLACK OPS III XONE,1,69.99,69.99
MULTI PLAZA,VIDEO JUEGO,XBOX ONE,47875874688,COD BLACK OPS III XONE,1,69.99,69.99
MULTI PLAZA,VIDEO JUEGO,XBOX ONE,47875874688,COD BLACK OPS III XONE,1,69.99,69.99
MULTI PLAZA,VIDEO JUEGO,XBOX ONE,47875874688,COD BLACK OPS III XONE,1,69.99,69.99
MULTI PLAZA,VIDEO JUEGO,XBOX ONE,47875874688,COD BLACK OPS III XONE,1,69.99,69.99
MULTI PLAZA,VIDEO JUEGO,XBOX ONE,47875874527,Destiny The Taken King X1,1,69.99,69.99
MULTI PLAZA,VIDEO JUEGO,NINTENDO WII U,45496903404,Super Smash Bros Wii U,1,69.99,69.99
MULTI PLAZA,VIDEO JUEGO,NINTENDO WII U,45496903770,Super mario Tenis Wiiu ,1,59.99,59.99
MULTI PLAZA,VIDEO JUEGO,NINTENDO WII U,887256014605,Just Dance 2016 Wii U,1,59.99,59.99
MULTI PLAZA,VIDEO JUEGO,NINTENDO WII U,45496903367,Mario Kart 8 Wii U,1,69.99,69.99
MULTI PLAZA,VIDEO JUEGO,NINTENDO WII U,45496903510,MARIO PARTY 10 WII U,1,59.99,59.99
MULTI PLAZA,VIDEO JUEGO,NINTENDO WII U,45496903459,Captain Toad Wiiu ,1,49.99,49.99
MULTI PLAZA,VIDEO JUEGO,NINTENDO WII U,45496903756,Super Mario Maker Wii U,1,69.99,69.99
MULTI PLAZA,VIDEO JUEGO,NINTENDO WII U,45496903534,Yoshi's Woolly World Wii U,1,59.99,59.99
MULTI PLAZA,VIDEO JUEGO,NINTENDO WII U,45496903404,Super Smash Bros Wii U,1,69.99,69.99
MULTI PLAZA,VIDEO JUEGO,NINTENDO WII U,45496903664,Xenoblade Chronicles X Wiii U,1,69.99,69.99
MULTI PLAZA,VIDEO JUEGO,PLAYSTATION 3 - PS3 ,47875874565,COD BLACK OPS III PS3,1,59.99,59.99
MULTI PLAZA,VIDEO JUEGO,NINTENDO WII U,45496903510,MARIO PARTY 10 WII U,1,59.99,59.99
MULTI PLAZA,VIDEO JUEGO,NINTENDO WII U,45496903664,Xenoblade Chronicles X Wiii U,1,69.99,69.99
MULTI PLAZA,VIDEO JUEGO,NINTENDO WII U,45496903770,Super mario Tenis Wiiu ,1,59.99,59.99
MULTI PLAZA,VIDEO JUEGO,NINTENDO WII U,887256014605,Just Dance 2016 Wii U,1,59.99,59.99
MULTI PLAZA,VIDEO JUEGO,NINTENDO WII U,45496903404,Super Smash Bros Wii U,1,69.99,69.99
MULTI PLAZA,VIDEO JUEGO,NINTENDO WII U,45496903190,Donkey Kong Coun T.F SEL WiiU,1,59.99,59.99
MULTI PLAZA,VIDEO JUEGO,NINTENDO WII U,45496903510,MARIO PARTY 10 WII U,1,59.99,59.99
MULTI PLAZA,VIDEO JUEGO,NINTENDO WII U,45496903756,Super Mario Maker Wii U,1,69.99,69.99
MULTI PLAZA,VIDEO JUEGO,NINTENDO WII U,45496903527,Splatoon Wii U,1,69.99,69.99
MULTI PLAZA,VIDEO JUEGO,NINTENDO WII U,45496903190,Donkey Kong Coun T.F SEL WiiU,1,59.99,59.99
MULTI PLAZA,VIDEO JUEGO,NINTENDO WII U,45496903213,Super Mario 3D World SEL Wiiu,1,62.99,62.99
MULTI PLAZA,VIDEO JUEGO,NINTENDO WII U,45496903756,Super Mario Maker Wii U,1,69.99,69.99
MULTI PLAZA,VIDEO JUEGO,NINTENDO WII U,45496903664,Xenoblade Chronicles X Wiii U,1,69.99,69.99
MULTI PLAZA,VIDEO JUEGO,NINTENDO WII U,45496903756,Super Mario Maker Wii U,1,69.99,69.99
MULTI PLAZA,VIDEO JUEGO,NINTENDO WII U,45496903213,Super Mario 3D World SEL Wiiu,1,69.99,69.99
MULTI PLAZA,VIDEO JUEGO,NINTENDO WII U,887256014605,Just Dance 2016 Wii U,1,59.99,59.99
MULTI PLAZA,VIDEO JUEGO,NINTENDO WII U,45496903756,Super Mario Maker Wii U,1,69.99,69.99
MULTI PLAZA,VIDEO JUEGO,NINTENDO WII U,45496903367,Mario Kart 8 Wii U,1,69.99,69.99
MULTI PLAZA,VIDEO JUEGO,NINTENDO WII U,45496903404,Super Smash Bros Wii U,1,69.99,69.99
MULTI PLAZA,VIDEO JUEGO,NINTENDO WII U,887256014605,Just Dance 2016 Wii U,1,59.99,59.99
MULTI PLAZA,VIDEO JUEGO,NINTENDO WII U,45496903756,Super Mario Maker Wii U,1,69.99,69.99
MULTI PLAZA,VIDEO JUEGO,NINTENDO WII U,45496903367,Mario Kart 8 Wii U,1,69.99,69.99
MULTI PLAZA,VIDEO JUEGO,NINTENDO WII U,45496903404,Super Smash Bros Wii U,1,69.99,69.99
MULTI PLAZA,VIDEO JUEGO,NINTENDO WII U,45496903527,Splatoon Wii U,1,69.99,69.99
MULTI PLAZA,VIDEO JUEGO,PLAYSTATION 3 - PS3 ,47875874565,COD BLACK OPS III PS3,-1,59.99,-59.99
MULTI PLAZA,VIDEO JUEGO,PLAYSTATION 3 - PS3 ,47875874565,COD BLACK OPS III PS3,1,59.99,59.99
MULTI PLAZA,ACCESORIO,NINTENDO WII,45496891534,Wii Remote Plus Peach,1,49.99,49.99
MULTI PLAZA,VIDEO JUEGO,NINTENDO WII U,45496903213,Super Mario 3D World SEL Wiiu,1,69.99,69.99
MULTI PLAZA,VIDEO JUEGO,NINTENDO WII U,45496903190,Donkey Kong Coun T.F SEL WiiU,1,59.99,59.99
MULTI PLAZA,VIDEO JUEGO,NINTENDO WII U,887256014605,Just Dance 2016 Wii U,1,59.99,59.99
MULTI PLAZA,VIDEO JUEGO,NINTENDO WII U,45496903367,Mario Kart 8 Wii U,1,69.99,69.99
MULTI PLAZA,VIDEO JUEGO,NINTENDO WII U,45496903213,Super Mario 3D World SEL Wiiu,1,69.99,69.99
MULTI PLAZA,VIDEO JUEGO,NINTENDO WII U,45496903756,Super Mario Maker Wii U,1,69.99,69.99
MULTI PLAZA,VIDEO JUEGO,NINTENDO WII U,45496903404,Super Smash Bros Wii U,1,69.99,69.99
MULTI PLAZA,VIDEO JUEGO,NINTENDO WII U,45496903770,Super mario Tenis Wiiu ,1,59.99,59.99
MULTI PLAZA,VIDEO JUEGO,NINTENDO Wii,45496900397,Super Smash Bros. Brawl - Wii,-1,39.99,-39.99
MULTI PLAZA,VIDEO JUEGO,NINTENDO Wii,887256014599,Just Dance 2016- Wii,1,49.99,49.99
MULTI PLAZA,VIDEO JUEGO,NINTENDO WII U,887256014605,Just Dance 2016 Wii U,1,59.99,59.99
MULTI PLAZA,VIDEO JUEGO,NINTENDO WII U,45496903213,Super Mario 3D World SEL Wiiu,1,69.99,69.99
MULTI PLAZA,VIDEO JUEGO,NINTENDO WII U,887256014605,Just Dance 2016 Wii U,1,59.99,59.99
MULTI PLAZA,VIDEO JUEGO,PLAYSTATION 4- PS4,722674120388,Naruto Shippuden UNS4 PS4,1,69.99,69.99
MULTI PLAZA,VIDEO JUEGO,PLAYSTATION 4- PS4,722674120371,J-STARS VICTORY + PS4,1,69.99,69.99
MULTI PLAZA,VIDEO JUEGO,PLAYSTATION 4- PS4,710425475290,GTA V PS4,1,69.99,69.99
MULTI PLAZA,VIDEO JUEGO,PLAYSTATION 4- PS4,883929426546,Mortal Kombat X PS4,1,69.99,69.99
MULTI PLAZA,VIDEO JUEGO,PLAYSTATION 4- PS4,711719500575,PES 15 PS4,1,0.01,0.01
MULTI PLAZA,VIDEO JUEGO,PLAYSTATION 4- PS4,710425475290,GTA V PS4,1,69.99,69.99
MULTI PLAZA,VIDEO JUEGO,PLAYSTATION 4- PS4,722674120388,Naruto Shippuden UNS4 PS4,1,69.99,69.99
MULTI PLAZA,ACCESORIO,TOYS 2 LIFE,712725023751,DI Toy Story Play Set,1,49.99,49.99
MULTI PLAZA,VIDEO JUEGO,PLAYSTATION 4- PS4,662248916682,Life is Strange PS4,1,49.99,49.99
MULTI PLAZA,VIDEO JUEGO,PLAYSTATION 4- PS4,722674120401,Saint Seiya Soldiers Soul PS4,1,59.99,59.99
MULTI PLAZA,ACCESORIO,TOYS 2 LIFE,712725025915,Disney infinity 2.0 Toy P.DISC,1,23.99,23.99
MULTI PLAZA,VIDEO JUEGO,PLAYSTATION 4- PS4,83717203063,PES 16 PS4,1,59.99,59.99
MULTI PLAZA,VIDEO JUEGO,PLAYSTATION 4- PS4,711719500575,PES 15 PS4,1,0.01,0.01
MULTI PLAZA,VIDEO JUEGO,PLAYSTATION 4- PS4,722674120388,Naruto Shippuden UNS4 PS4,1,69.99,69.99
MULTI PLAZA,VIDEO JUEGO,PLAYSTATION 4- PS4,710425475290,GTA V PS4,1,69.99,69.99
MULTI PLAZA,VIDEO JUEGO,PLAYSTATION 4- PS4,722674120388,Naruto Shippuden UNS4 PS4,1,69.99,69.99
MULTI PLAZA,VIDEO JUEGO,PLAYSTATION 4- PS4,722674120388,Naruto Shippuden UNS4 PS4,1,69.99,69.99
MULTI PLAZA,VIDEO JUEGO,PLAYSTATION 4- PS4,722674120388,Naruto Shippuden UNS4 PS4,1,69.99,69.99
MULTI PLAZA,VIDEO JUEGO,PLAYSTATION 4- PS4,722674120388,Naruto Shippuden UNS4 PS4,1,69.99,69.99
MULTI PLAZA,VIDEO JUEGO,PLAYSTATION 4- PS4,83717203063,PES 16 PS4,1,34.99,34.99
MULTI PLAZA,VIDEO JUEGO,PLAYSTATION 4- PS4,883929426546,Mortal Kombat X PS4,1,69.99,69.99
MULTI PLAZA,VIDEO JUEGO,PLAYSTATION 4- PS4,722674120388,Naruto Shippuden UNS4 PS4,1,69.99,69.99
MULTI PLAZA,VIDEO JUEGO,PLAYSTATION 4- PS4,722674120388,Naruto Shippuden UNS4 PS4,1,69.99,69.99
MULTI PLAZA,VIDEO JUEGO,PLAYSTATION 4- PS4,14633368611,NFS PS4,1,0.01,0.01
MULTI PLAZA,VIDEO JUEGO,PLAYSTATION 4- PS4,14633368611,NFS PS4,1,69.99,69.99
MULTI PLAZA,VIDEO JUEGO,PLAYSTATION 4- PS4,83717203063,PES 16 PS4,1,35.0,35.0
MULTI PLAZA,VIDEO JUEGO,PLAYSTATION 4- PS4,883929426546,Mortal Kombat X PS4,1,69.99,69.99
MULTI PLAZA,VIDEO JUEGO,PLAYSTATION 4- PS4,711719500575,PES 15 PS4,1,0.01,0.01
MULTI PLAZA,VIDEO JUEGO,PLAYSTATION 4- PS4,894515001689,Minecraft Story Mode  PS4,1,0.01,0.01
MULTI PLAZA,VIDEO JUEGO,PLAYSTATION 4- PS4,728658046514,RB Software + Guitar PS4,1,169.99,169.99
MULTI PLAZA,VIDEO JUEGO,PLAYSTATION 4- PS4,722674120388,Naruto Shippuden UNS4 PS4,1,69.99,69.99
MULTI PLAZA,VIDEO JUEGO,PLAYSTATION 4- PS4,722674120388,Naruto Shippuden UNS4 PS4,1,69.99,69.99
MULTI PLAZA,VIDEO JUEGO,PLAYSTATION 4- PS4,710425475290,GTA V PS4,1,69.99,69.99
MULTI PLAZA,VIDEO JUEGO,PLAYSTATION 4- PS4,722674120388,Naruto Shippuden UNS4 PS4,1,69.99,69.99
MULTI PLAZA,VIDEO JUEGO,PLAYSTATION 4- PS4,83717203063,PES 16 PS4,1,35.0,35.0
MULTI PLAZA,VIDEO JUEGO,PLAYSTATION 4- PS4,722674120388,Naruto Shippuden UNS4 PS4,1,69.99,69.99
MULTI PLAZA,VIDEO JUEGO,PLAYSTATION 4- PS4,14633368611,NFS PS4,1,69.99,69.99
MULTI PLAZA,VIDEO JUEGO,PLAYSTATION 4- PS4,722674120388,Naruto Shippuden UNS4 PS4,1,69.99,69.99
MULTI PLAZA,VIDEO JUEGO,PLAYSTATION 4- PS4,722674120388,Naruto Shippuden UNS4 PS4,1,69.99,69.99
MULTI PLAZA,VIDEO JUEGO,PLAYSTATION 4- PS4,722674120388,Naruto Shippuden UNS4 PS4,1,69.99,69.99
MULTI PLAZA,VIDEO JUEGO,PLAYSTATION 4- PS4,710425475290,GTA V PS4,1,69.99,69.99
MULTI PLAZA,VIDEO JUEGO,PLAYSTATION 4- PS4,14633368611,NFS PS4,1,69.99,69.99
MULTI PLAZA,VIDEO JUEGO,PLAYSTATION 4- PS4,722674120388,Naruto Shippuden UNS4 PS4,1,69.99,69.99
MULTI PLAZA,VIDEO JUEGO,PLAYSTATION 4- PS4,722674120388,Naruto Shippuden UNS4 PS4,1,69.99,69.99
MULTI PLAZA,VIDEO JUEGO,PLAYSTATION 4- PS4,14633368611,NFS PS4,1,69.99,69.99
MULTI PLAZA,VIDEO JUEGO,PLAYSTATION 4- PS4,722674120388,Naruto Shippuden UNS4 PS4,1,69.99,69.99
MULTI PLAZA,VIDEO JUEGO,PLAYSTATION 4- PS4,722674120388,Naruto Shippuden UNS4 PS4,1,69.99,69.99
MULTI PLAZA,VIDEO JUEGO,PLAYSTATION 4- PS4,722674120388,Naruto Shippuden UNS4 PS4,1,69.99,69.99
MULTI PLAZA,VIDEO JUEGO,PLAYSTATION 4- PS4,83717203063,PES 16 PS4,1,34.99,34.99
MULTI PLAZA,VIDEO JUEGO,PLAYSTATION 4- PS4,722674120388,Naruto Shippuden UNS4 PS4,1,69.99,69.99
MULTI PLAZA,VIDEO JUEGO,PLAYSTATION 4- PS4,722674120388,Naruto Shippuden UNS4 PS4,1,69.99,69.99
MULTI PLAZA,VIDEO JUEGO,PLAYSTATION 4- PS4,710425475290,GTA V PS4,1,69.99,69.99
MULTI PLAZA,VIDEO JUEGO,PLAYSTATION 4- PS4,722674120388,Naruto Shippuden UNS4 PS4,1,69.99,69.99
MULTI PLAZA,VIDEO JUEGO,PLAYSTATION 4- PS4,722674120388,Naruto Shippuden UNS4 PS4,1,69.99,69.99
MULTI PLAZA,VIDEO JUEGO,PLAYSTATION 4- PS4,722674120388,Naruto Shippuden UNS4 PS4,1,69.99,69.99
MULTI PLAZA,VIDEO JUEGO,PLAYSTATION 4- PS4,722674120388,Naruto Shippuden UNS4 PS4,1,69.99,69.99
MULTI PLAZA,VIDEO JUEGO,PLAYSTATION 4- PS4,83717203063,PES 16 PS4,1,34.99,34.99
MULTI PLAZA,VIDEO JUEGO,PLAYSTATION 4- PS4,722674120388,Naruto Shippuden UNS4 PS4,1,69.99,69.99
MULTI PLAZA,VIDEO JUEGO,PLAYSTATION 4- PS4,83717203063,PES 16 PS4,1,34.99,34.99
MULTI PLAZA,VIDEO JUEGO,PLAYSTATION 4- PS4,722674120388,Naruto Shippuden UNS4 PS4,1,69.99,69.99
MULTI PLAZA,VIDEO JUEGO,PLAYSTATION 4- PS4,722674120388,Naruto Shippuden UNS4 PS4,1,69.99,69.99
MULTI PLAZA,VIDEO JUEGO,PLAYSTATION 4- PS4,722674120388,Naruto Shippuden UNS4 PS4,1,69.99,69.99
MULTI PLAZA,VIDEO JUEGO,PLAYSTATION 4- PS4,722674120388,Naruto Shippuden UNS4 PS4,1,69.99,69.99
MULTI PLAZA,VIDEO JUEGO,PLAYSTATION 4- PS4,710425476570,NBA 2K16 PS4,1,0.01,0.01
MULTI PLAZA,VIDEO JUEGO,PLAYSTATION 4- PS4,722674120388,Naruto Shippuden UNS4 PS4,1,69.99,69.99
MULTI PLAZA,VIDEO JUEGO,PLAYSTATION 4- PS4,722674120388,Naruto Shippuden UNS4 PS4,1,69.99,69.99
MULTI PLAZA,VIDEO JUEGO,PLAYSTATION 4- PS4,722674120388,Naruto Shippuden UNS4 PS4,1,69.99,69.99
MULTI PLAZA,VIDEO JUEGO,PLAYSTATION 4- PS4,722674120388,Naruto Shippuden UNS4 PS4,1,69.99,69.99
MULTI PLAZA,VIDEO JUEGO,PLAYSTATION 4- PS4,83717203063,PES 16 PS4,1,34.99,34.99
MULTI PLAZA,VIDEO JUEGO,PLAYSTATION 4- PS4,710425475290,GTA V PS4,1,69.99,69.99
MULTI PLAZA,VIDEO JUEGO,PLAYSTATION 4- PS4,722674120388,Naruto Shippuden UNS4 PS4,1,69.99,69.99
MULTI PLAZA,VIDEO JUEGO,PLAYSTATION 4- PS4,710425475290,GTA V PS4,1,69.99,69.99
MULTI PLAZA,VIDEO JUEGO,PLAYSTATION 4- PS4,722674120388,Naruto Shippuden UNS4 PS4,1,69.99,69.99
MULTI PLAZA,VIDEO JUEGO,PLAYSTATION 4- PS4,722674120388,Naruto Shippuden UNS4 PS4,1,69.99,69.99
MULTI PLAZA,VIDEO JUEGO,PLAYSTATION 4- PS4,722674120388,Naruto Shippuden UNS4 PS4,1,69.99,69.99
MULTI PLAZA,VIDEO JUEGO,PLAYSTATION 4- PS4,722674120388,Naruto Shippuden UNS4 PS4,1,69.99,69.99
MULTI PLAZA,VIDEO JUEGO,PLAYSTATION 4- PS4,83717203063,PES 16 PS4,1,34.99,34.99
MULTI PLAZA,VIDEO JUEGO,PLAYSTATION 4- PS4,711719500575,PES 15 PS4,1,0.01,0.01
MULTI PLAZA,VIDEO JUEGO,PLAYSTATION 4- PS4,14633368611,NFS PS4,1,69.99,69.99
MULTI PLAZA,VIDEO JUEGO,PLAYSTATION 4- PS4,711719500575,PES 15 PS4,1,0.01,0.01
MULTI PLAZA,VIDEO JUEGO,PLAYSTATION 4- PS4,710425475290,GTA V PS4,1,69.99,69.99
MULTI PLAZA,ACCESORIO,NINTENDO WII,45496891534,Wii Remote Plus Peach,1,49.99,49.99
MULTI PLAZA,ACCESORIO,NINTENDO WII,45496890605,Wii Remote Plus Azul,1,49.99,49.99
MULTI PLAZA,VIDEO JUEGO,NINTENDO Wii,45496900397,Super Smash Bros. Brawl - Wii,1,39.99,39.99
MULTI PLAZA,VIDEO JUEGO,NINTENDO Wii,887256014599,Just Dance 2016- Wii,1,49.99,49.99
MULTI PLAZA,VIDEO JUEGO,NINTENDO Wii,45496900397,Super Smash Bros. Brawl - Wii,1,39.99,39.99
MULTI PLAZA,VIDEO JUEGO,NINTENDO Wii,45496900397,Super Smash Bros. Brawl - Wii,1,39.99,39.99
MULTI PLAZA,VIDEO JUEGO,NINTENDO Wii,887256014599,Just Dance 2016- Wii,1,49.99,49.99
MULTI PLAZA,VIDEO JUEGO,PLAYSTATION 4- PS4,83717203063,PES 16 PS4,1,69.99,69.99
MULTI PLAZA,VIDEO JUEGO,PLAYSTATION 4- PS4,710425476570,NBA 2K16 PS4,1,69.99,69.99
MULTI PLAZA,VIDEO JUEGO,PLAYSTATION 4- PS4,722674120388,Naruto Shippuden UNS4 PS4,1,69.99,69.99
MULTI PLAZA,VIDEO JUEGO,PLAYSTATION 4- PS4,722674120388,Naruto Shippuden UNS4 PS4,1,69.99,69.99
MULTI PLAZA,VIDEO JUEGO,PLAYSTATION 4- PS4,722674120388,Naruto Shippuden UNS4 PS4,1,69.99,69.99
MULTI PLAZA,VIDEO JUEGO,PLAYSTATION 4- PS4,710425475290,GTA V PS4,1,69.99,69.99
MULTI PLAZA,VIDEO JUEGO,PLAYSTATION 4- PS4,722674120388,Naruto Shippuden UNS4 PS4,1,69.99,69.99
MULTI PLAZA,VIDEO JUEGO,PLAYSTATION 4- PS4,883929426546,Mortal Kombat X PS4,1,69.99,69.99
MULTI PLAZA,VIDEO JUEGO,PLAYSTATION 4- PS4,883929426546,Mortal Kombat X PS4,1,69.99,69.99
MULTI PLAZA,VIDEO JUEGO,PLAYSTATION 4- PS4,710425475290,GTA V PS4,1,69.99,69.99
MULTI PLAZA,VIDEO JUEGO,PLAYSTATION 4- PS4,710425475290,GTA V PS4,1,69.99,69.99
MULTI PLAZA,VIDEO JUEGO,PLAYSTATION 4- PS4,722674120388,Naruto Shippuden UNS4 PS4,1,69.99,69.99
MULTI PLAZA,VIDEO JUEGO,PLAYSTATION 4- PS4,722674120371,J-STARS VICTORY + PS4,1,69.99,69.99
MULTI PLAZA,VIDEO JUEGO,PLAYSTATION 4- PS4,83717203063,PES 16 PS4,1,34.99,34.99
MULTI PLAZA,VIDEO JUEGO,PLAYSTATION 4- PS4,722674120388,Naruto Shippuden UNS4 PS4,1,69.99,69.99
MULTI PLAZA,VIDEO JUEGO,PLAYSTATION 4- PS4,83717203063,PES 16 PS4,1,34.99,34.99
MULTI PLAZA,VIDEO JUEGO,PLAYSTATION 4- PS4,83717203063,PES 16 PS4,1,69.99,69.99
MULTI PLAZA,VIDEO JUEGO,PLAYSTATION 4- PS4,710425475290,GTA V PS4,1,69.99,69.99
MULTI PLAZA,VIDEO JUEGO,PLAYSTATION 4- PS4,710425476570,NBA 2K16 PS4,-1,69.99,-69.99
MULTI PLAZA,VIDEO JUEGO,PLAYSTATION 4- PS4,710425475290,GTA V PS4,1,69.99,69.99
MULTI PLAZA,VIDEO JUEGO,PLAYSTATION 4- PS4,710425476570,NBA 2K16 PS4,1,69.99,69.99
MULTI PLAZA,VIDEO JUEGO,PLAYSTATION 4- PS4,722674120388,Naruto Shippuden UNS4 PS4,1,69.99,69.99
MULTI PLAZA,VIDEO JUEGO,PLAYSTATION 4- PS4,722674120388,Naruto Shippuden UNS4 PS4,1,69.99,69.99
MULTI PLAZA,VIDEO JUEGO,PLAYSTATION 4- PS4,883929426546,Mortal Kombat X PS4,1,69.99,69.99
MULTI PLAZA,VIDEO JUEGO,PLAYSTATION 4- PS4,894515001689,Minecraft Story Mode  PS4,1,39.99,39.99
MULTI PLAZA,VIDEO JUEGO,PLAYSTATION 4- PS4,711719500575,PES 15 PS4,1,0.01,0.01
MULTI PLAZA,VIDEO JUEGO,PLAYSTATION 4- PS4,883929426546,Mortal Kombat X PS4,1,0.01,0.01
MULTI PLAZA,VIDEO JUEGO,PLAYSTATION 4- PS4,722674120388,Naruto Shippuden UNS4 PS4,1,69.99,69.99
MULTI PLAZA,VIDEO JUEGO,PLAYSTATION 4- PS4,711719500575,PES 15 PS4,1,0.01,0.01
MULTI PLAZA,VIDEO JUEGO,PLAYSTATION 4- PS4,894515001689,Minecraft Story Mode  PS4,1,39.99,39.99
MULTI PLAZA,VIDEO JUEGO,PLAYSTATION 4- PS4,894515001689,Minecraft Story Mode  PS4,1,39.99,39.99
MULTI PLAZA,VIDEO JUEGO,PLAYSTATION 4- PS4,722674120388,Naruto Shippuden UNS4 PS4,1,69.99,69.99
MULTI PLAZA,VIDEO JUEGO,PLAYSTATION 4- PS4,710425476570,NBA 2K16 PS4,1,69.99,69.99
MULTI PLAZA,VIDEO JUEGO,PLAYSTATION 4- PS4,710425475290,GTA V PS4,1,69.99,69.99
MULTI PLAZA,VIDEO JUEGO,PLAYSTATION 4- PS4,722674120388,Naruto Shippuden UNS4 PS4,1,69.99,69.99
MULTI PLAZA,VIDEO JUEGO,PLAYSTATION 4- PS4,883929427352,Lego Batman 3 B. G PS4,1,39.99,39.99
MULTI PLAZA,VIDEO JUEGO,PLAYSTATION 4- PS4,83717203063,PES 16 PS4,1,69.99,69.99
MULTI PLAZA,VIDEO JUEGO,PLAYSTATION 4- PS4,14633368611,NFS PS4,1,69.99,69.99
MULTI PLAZA,VIDEO JUEGO,PLAYSTATION 4- PS4,710425475290,GTA V PS4,1,69.99,69.99
MULTI PLAZA,VIDEO JUEGO,PLAYSTATION 4- PS4,83717203063,PES 16 PS4,1,34.99,34.99
MULTI PLAZA,VIDEO JUEGO,PLAYSTATION 4- PS4,883929426546,Mortal Kombat X PS4,1,69.99,69.99
MULTI PLAZA,VIDEO JUEGO,PLAYSTATION 4- PS4,722674120388,Naruto Shippuden UNS4 PS4,1,69.99,69.99
MULTI PLAZA,VIDEO JUEGO,PLAYSTATION 4- PS4,722674120388,Naruto Shippuden UNS4 PS4,1,69.99,69.99
MULTI PLAZA,VIDEO JUEGO,PLAYSTATION 4- PS4,14633735499,Fifa 16 PS4,1,59.99,59.99
MULTI PLAZA,VIDEO JUEGO,PLAYSTATION 4- PS4,14633735499,Fifa 16 PS4,1,59.99,59.99
MULTI PLAZA,VIDEO JUEGO,PLAYSTATION 4- PS4,14633731781,Plants vs Zombies GW PS4,1,49.99,49.99
MULTI PLAZA,VIDEO JUEGO,PLAYSTATION 4- PS4,14633735529,Fifa 16 Deluxe Edition PS4,1,69.99,69.99
MULTI PLAZA,VIDEO JUEGO,PLAYSTATION 4- PS4,14633370461,Star Wars Battlefront PS4,1,69.99,69.99
MULTI PLAZA,VIDEO JUEGO,PLAYSTATION 4- PS4,14633370461,Star Wars Battlefront PS4,1,69.99,69.99
MULTI PLAZA,VIDEO JUEGO,PLAYSTATION 4- PS4,14633370461,Star Wars Battlefront PS4,1,69.99,69.99
MULTI PLAZA,VIDEO JUEGO,PLAYSTATION 4- PS4,13388560233,Resident Evil Origins Col PS4,1,49.99,49.99
MULTI PLAZA,VIDEO JUEGO,PLAYSTATION 4- PS4,14633735499,Fifa 16 PS4,1,59.99,59.99
MULTI PLAZA,VIDEO JUEGO,PLAYSTATION 4- PS4,887256301149,Just Dance 2015 PS4,1,39.99,39.99
MULTI PLAZA,VIDEO JUEGO,PLAYSTATION 4- PS4,722674120456,Digimon Story Cyber Sleuth PS4,1,69.99,69.99
MULTI PLAZA,VIDEO JUEGO,PLAYSTATION 4- PS4,887256014520,The Division PS4,1,69.99,69.99
MULTI PLAZA,VIDEO JUEGO,PLAYSTATION 4- PS4,14633368796,NHL 16 PS4,1,69.99,69.99
MULTI PLAZA,VIDEO JUEGO,PLAYSTATION 4- PS4,14633735499,Fifa 16 PS4,1,0.01,0.01
MULTI PLAZA,VIDEO JUEGO,PLAYSTATION 4- PS4,14633735499,Fifa 16 PS4,1,0.01,0.01
MULTI PLAZA,VIDEO JUEGO,PLAYSTATION 4- PS4,14633735499,Fifa 16 PS4,1,0.01,0.01
MULTI PLAZA,VIDEO JUEGO,PLAYSTATION 4- PS4,14633735499,Fifa 16 PS4,1,0.01,0.01
MULTI PLAZA,VIDEO JUEGO,PLAYSTATION 4- PS4,13388937028,Street Fighter V - PS4,1,69.99,69.99
MULTI PLAZA,VIDEO JUEGO,PLAYSTATION 4- PS4,883929530618,Dying Light the following  PS4,1,69.99,69.99
MULTI PLAZA,VIDEO JUEGO,PLAYSTATION 4- PS4,662248915869,Just Cause 3 PS4,1,69.99,69.99
MULTI PLAZA,VIDEO JUEGO,PLAYSTATION 4- PS4,14633370461,Star Wars Battlefront PS4,1,69.99,69.99
MULTI PLAZA,VIDEO JUEGO,PLAYSTATION 4- PS4,14633730708,Nba Live 14 PS4,1,29.99,29.99
MULTI PLAZA,VIDEO JUEGO,PLAYSTATION 4- PS4,13388560233,Resident Evil Origins Col PS4,1,49.99,49.99
MULTI PLAZA,VIDEO JUEGO,PLAYSTATION 4- PS4,722674120081,Ride PS4,1,49.99,49.99
MULTI PLAZA,VIDEO JUEGO,PLAYSTATION 4- PS4,710425476785,WWE 2k16 -PS4,1,69.99,69.99
MULTI PLAZA,VIDEO JUEGO,PLAYSTATION 4- PS4,83717202790,Metal Gear Solid V PS4,1,69.99,69.99
MULTI PLAZA,VIDEO JUEGO,PLAYSTATION 4- PS4,14633370461,Star Wars Battlefront PS4,1,69.99,69.99
MULTI PLAZA,VIDEO JUEGO,PLAYSTATION 4- PS4,13388937028,Street Fighter V - PS4,1,69.99,69.99
MULTI PLAZA,VIDEO JUEGO,PLAYSTATION 4- PS4,14633370461,Star Wars Battlefront PS4,1,69.99,69.99
MULTI PLAZA,VIDEO JUEGO,PLAYSTATION 4- PS4,14633735499,Fifa 16 PS4,1,59.99,59.99
MULTI PLAZA,VIDEO JUEGO,PLAYSTATION 4- PS4,13388937028,Street Fighter V - PS4,1,69.99,69.99
MULTI PLAZA,VIDEO JUEGO,PLAYSTATION 4- PS4,13388937028,Street Fighter V - PS4,1,69.99,69.99
MULTI PLAZA,VIDEO JUEGO,PLAYSTATION 4- PS4,722674120166,Dragon Ball Xenoverse PS4,1,69.99,69.99
MULTI PLAZA,VIDEO JUEGO,PLAYSTATION 4- PS4,14633370461,Star Wars Battlefront PS4,1,69.99,69.99
MULTI PLAZA,VIDEO JUEGO,PLAYSTATION 4- PS4,13388937028,Street Fighter V - PS4,1,69.99,69.99
MULTI PLAZA,VIDEO JUEGO,PLAYSTATION 4- PS4,14633370461,Star Wars Battlefront PS4,1,69.99,69.99
MULTI PLAZA,VIDEO JUEGO,PLAYSTATION 4- PS4,14633370461,Star Wars Battlefront PS4,1,69.99,69.99
MULTI PLAZA,VIDEO JUEGO,PLAYSTATION 4- PS4,859204005287,Megadimension Neptunia VII PS4,1,69.99,69.99
MULTI PLAZA,VIDEO JUEGO,PLAYSTATION 4- PS4,13388937028,Street Fighter V - PS4,1,69.99,69.99
MULTI PLAZA,VIDEO JUEGO,PLAYSTATION 4- PS4,14633735529,Fifa 16 Deluxe Edition PS4,1,69.99,69.99
MULTI PLAZA,VIDEO JUEGO,PLAYSTATION 4- PS4,14633735499,Fifa 16 PS4,1,59.99,59.99
MULTI PLAZA,VIDEO JUEGO,PLAYSTATION 4- PS4,662248915869,Just Cause 3 PS4,1,69.99,69.99
MULTI PLAZA,VIDEO JUEGO,PLAYSTATION 4- PS4,883929408740,Lego The Hobbit PS4,1,29.99,29.99
MULTI PLAZA,VIDEO JUEGO,PLAYSTATION 4- PS4,13388937028,Street Fighter V - PS4,1,69.99,69.99
MULTI PLAZA,VIDEO JUEGO,PLAYSTATION 4- PS4,13388937028,Street Fighter V - PS4,1,69.99,69.99
MULTI PLAZA,VIDEO JUEGO,PLAYSTATION 4- PS4,14633735529,Fifa 16 Deluxe Edition PS4,1,69.99,69.99
MULTI PLAZA,VIDEO JUEGO,PLAYSTATION 4- PS4,710425476785,WWE 2k16 -PS4,1,69.99,69.99
MULTI PLAZA,VIDEO JUEGO,PLAYSTATION 4- PS4,14633370461,Star Wars Battlefront PS4,1,69.99,69.99
MULTI PLAZA,VIDEO JUEGO,PLAYSTATION 4- PS4,14633370461,Star Wars Battlefront PS4,1,69.99,69.99
MULTI PLAZA,VIDEO JUEGO,PLAYSTATION 4- PS4,47875874268,COD Advanced Wa.15 BONU  PS4,1,69.99,69.99
MULTI PLAZA,VIDEO JUEGO,PLAYSTATION 4- PS4,14633734102,Plants vs Zombies GW2 PS4,1,69.99,69.99
MULTI PLAZA,VIDEO JUEGO,PLAYSTATION 4- PS4,40198002608,Dead or Alive 5 Last Round PS4,1,0.01,0.01
MULTI PLAZA,VIDEO JUEGO,PLAYSTATION 4- PS4,814290013332,WRC 5 PS4,1,59.99,59.99
MULTI PLAZA,VIDEO JUEGO,PLAYSTATION 4- PS4,859204005287,Megadimension Neptunia VII PS4,1,69.99,69.99
MULTI PLAZA,VIDEO JUEGO,PLAYSTATION 4- PS4,710425476785,WWE 2k16 -PS4,1,69.99,69.99
MULTI PLAZA,VIDEO JUEGO,PLAYSTATION 4- PS4,710425476785,WWE 2k16 -PS4,1,69.99,69.99
MULTI PLAZA,VIDEO JUEGO,PLAYSTATION 4- PS4,710425476785,WWE 2k16 -PS4,1,69.99,69.99
MULTI PLAZA,VIDEO JUEGO,PLAYSTATION 4- PS4,710425476785,WWE 2k16 -PS4,1,69.99,69.99
MULTI PLAZA,VIDEO JUEGO,PLAYSTATION 4- PS4,83717202790,Metal Gear Solid V PS4,1,69.99,69.99
MULTI PLAZA,VIDEO JUEGO,PLAYSTATION 4- PS4,14633735499,Fifa 16 PS4,1,59.99,59.99
MULTI PLAZA,VIDEO JUEGO,PLAYSTATION 4- PS4,14633735529,Fifa 16 Deluxe Edition PS4,1,69.99,69.99
MULTI PLAZA,VIDEO JUEGO,PLAYSTATION 4- PS4,710425476785,WWE 2k16 -PS4,1,69.99,69.99
MULTI PLAZA,VIDEO JUEGO,PLAYSTATION 4- PS4,14633370461,Star Wars Battlefront PS4,1,69.99,69.99
MULTI PLAZA,VIDEO JUEGO,PLAYSTATION 4- PS4,883929472901,Lego jurassic World PS4,1,69.99,69.99
MULTI PLAZA,VIDEO JUEGO,PLAYSTATION 4- PS4,662248915869,Just Cause 3 PS4,1,69.99,69.99
MULTI PLAZA,VIDEO JUEGO,PLAYSTATION 4- PS4,710425476785,WWE 2k16 -PS4,1,69.99,69.99
MULTI PLAZA,VIDEO JUEGO,PLAYSTATION 4- PS4,14633735499,Fifa 16 PS4,1,59.99,59.99
MULTI PLAZA,VIDEO JUEGO,PLAYSTATION 4- PS4,710425476785,WWE 2k16 -PS4,1,69.99,69.99
MULTI PLAZA,VIDEO JUEGO,PLAYSTATION 4- PS4,662248915869,Just Cause 3 PS4,1,69.99,69.99
MULTI PLAZA,VIDEO JUEGO,PLAYSTATION 4- PS4,14633735499,Fifa 16 PS4,1,59.99,59.99
MULTI PLAZA,VIDEO JUEGO,PLAYSTATION 4- PS4,722674120456,Digimon Story Cyber Sleuth PS4,1,69.99,69.99
MULTI PLAZA,VIDEO JUEGO,PLAYSTATION 4- PS4,14633735499,Fifa 16 PS4,1,59.99,59.99
MULTI PLAZA,VIDEO JUEGO,PLAYSTATION 4- PS4,722674120289,Dark Souls II PS4,1,39.99,39.99
MULTI PLAZA,VIDEO JUEGO,PLAYSTATION 4- PS4,662248915869,Just Cause 3 PS4,1,69.99,69.99
MULTI PLAZA,VIDEO JUEGO,PLAYSTATION 4- PS4,14633735499,Fifa 16 PS4,1,59.99,59.99
MULTI PLAZA,VIDEO JUEGO,PLAYSTATION 4- PS4,14633735499,Fifa 16 PS4,1,59.99,59.99
MULTI PLAZA,VIDEO JUEGO,PLAYSTATION 4- PS4,710425476785,WWE 2k16 -PS4,1,69.99,69.99
MULTI PLAZA,VIDEO JUEGO,PLAYSTATION 4- PS4,14633735499,Fifa 16 PS4,1,59.99,59.99
MULTI PLAZA,VIDEO JUEGO,PLAYSTATION 4- PS4,14633370461,Star Wars Battlefront PS4,1,69.99,69.99
MULTI PLAZA,VIDEO JUEGO,PLAYSTATION 4- PS4,14633735499,Fifa 16 PS4,1,59.99,59.99
MULTI PLAZA,VIDEO JUEGO,PLAYSTATION 4- PS4,13388560233,Resident Evil Origins Col PS4,1,49.99,49.99
MULTI PLAZA,VIDEO JUEGO,PLAYSTATION 4- PS4,710425476785,WWE 2k16 -PS4,1,69.99,69.99
MULTI PLAZA,VIDEO JUEGO,PLAYSTATION 4- PS4,14633370461,Star Wars Battlefront PS4,1,69.99,69.99
MULTI PLAZA,VIDEO JUEGO,PLAYSTATION 4- PS4,887256014520,The Division PS4,1,69.99,69.99
MULTI PLAZA,VIDEO JUEGO,PLAYSTATION 4- PS4,14633735499,Fifa 16 PS4,1,59.99,59.99
MULTI PLAZA,VIDEO JUEGO,PLAYSTATION 4- PS4,13388560233,Resident Evil Origins Col PS4,1,49.99,49.99
MULTI PLAZA,VIDEO JUEGO,PLAYSTATION 4- PS4,887256019525,Assassin'sCreed Chronicles PS4,1,39.99,39.99
MULTI PLAZA,VIDEO JUEGO,PLAYSTATION 4- PS4,14633735499,Fifa 16 PS4,1,59.99,59.99
MULTI PLAZA,VIDEO JUEGO,PLAYSTATION 4- PS4,815403010644,Kun Fu Panda Shawdown PS4,1,59.99,59.99
MULTI PLAZA,VIDEO JUEGO,PLAYSTATION 4- PS4,814290013332,WRC 5 PS4,1,59.99,59.99
MULTI PLAZA,VIDEO JUEGO,PLAYSTATION 4- PS4,14633735529,Fifa 16 Deluxe Edition PS4,1,69.99,69.99
MULTI PLAZA,VIDEO JUEGO,PLAYSTATION 4- PS4,662248916514,Dragon Quest Heroes PS4,1,49.99,49.99
MULTI PLAZA,VIDEO JUEGO,PLAYSTATION 4- PS4,14633370461,Star Wars Battlefront PS4,1,69.99,69.99
MULTI PLAZA,VIDEO JUEGO,PLAYSTATION 4- PS4,722674120456,Digimon Story Cyber Sleuth PS4,1,69.99,69.99
MULTI PLAZA,VIDEO JUEGO,PLAYSTATION 4- PS4,722674120289,Dark Souls II PS4,1,39.99,39.99
MULTI PLAZA,VIDEO JUEGO,PLAYSTATION 4- PS4,14633735499,Fifa 16 PS4,1,59.99,59.99
MULTI PLAZA,VIDEO JUEGO,PLAYSTATION 4- PS4,83717202790,Metal Gear Solid V PS4,1,69.99,69.99
MULTI PLAZA,VIDEO JUEGO,PLAYSTATION 4- PS4,14633735499,Fifa 16 PS4,1,59.99,59.99
MULTI PLAZA,VIDEO JUEGO,PLAYSTATION 4- PS4,14633735499,Fifa 16 PS4,1,59.99,59.99
MULTI PLAZA,VIDEO JUEGO,PLAYSTATION 4- PS4,13388937028,Street Fighter V - PS4,1,69.99,69.99
MULTI PLAZA,VIDEO JUEGO,PLAYSTATION 4- PS4,883929530618,Dying Light the following  PS4,1,69.99,69.99
MULTI PLAZA,VIDEO JUEGO,PLAYSTATION 4- PS4,14633370461,Star Wars Battlefront PS4,-1,69.99,-69.99
MULTI PLAZA,VIDEO JUEGO,PLAYSTATION 4- PS4,710425476785,WWE 2k16 -PS4,1,69.99,69.99
MULTI PLAZA,VIDEO JUEGO,PLAYSTATION 4- PS4,13388937028,Street Fighter V - PS4,1,69.99,69.99
MULTI PLAZA,VIDEO JUEGO,PLAYSTATION 4- PS4,14633735499,Fifa 16 PS4,1,59.99,59.99
MULTI PLAZA,VIDEO JUEGO,PLAYSTATION 4- PS4,13388937028,Street Fighter V - PS4,1,69.99,69.99
MULTI PLAZA,VIDEO JUEGO,PLAYSTATION 4- PS4,13388937028,Street Fighter V - PS4,1,69.99,69.99
MULTI PLAZA,VIDEO JUEGO,PLAYSTATION 4- PS4,14633735499,Fifa 16 PS4,1,0.01,0.01
MULTI PLAZA,VIDEO JUEGO,PLAYSTATION 4- PS4,14633735499,Fifa 16 PS4,1,0.01,0.01
MULTI PLAZA,VIDEO JUEGO,PLAYSTATION 4- PS4,710425476785,WWE 2k16 -PS4,1,69.99,69.99
MULTI PLAZA,VIDEO JUEGO,PLAYSTATION 4- PS4,883929530618,Dying Light the following  PS4,1,69.99,69.99
MULTI PLAZA,VIDEO JUEGO,PLAYSTATION 4- PS4,14633735499,Fifa 16 PS4,1,59.99,59.99
MULTI PLAZA,VIDEO JUEGO,PLAYSTATION 4- PS4,662248916514,Dragon Quest Heroes PS4,-1,49.99,-49.99
MULTI PLAZA,ACCESORIO,TARJETAS,711719478102,PSN $20,1,29.99,29.99
MULTI PLAZA,ACCESORIO,TARJETAS,711719478102,PSN $20,1,29.99,29.99
MULTI PLAZA,ACCESORIO,TARJETAS,711719478102,PSN $20,1,29.99,29.99
MULTI PLAZA,ACCESORIO,TARJETAS,711719432500,PSN $10,1,15.99,15.99
MULTI PLAZA,ACCESORIO,TARJETAS,799366552260,PSN $50,1,69.99,69.99
MULTI PLAZA,ACCESORIO,TARJETAS,Steam $ 20,Steam $ 20,1,29.99,29.99
MULTI PLAZA,ACCESORIO,TARJETAS,799366104667,Nintendo eShop $20,2,29.99,59.98
MULTI PLAZA,ACCESORIO,TARJETAS,799366114901,Nintendo eShop $10,1,15.99,15.99
MULTI PLAZA,ACCESORIO,TARJETAS,799366104667,Nintendo eShop $20,1,29.99,29.99
MULTI PLAZA,ACCESORIO,TARJETAS,711719478102,PSN $20,2,29.99,59.98
MULTI PLAZA,ACCESORIO,TARJETAS,799366104667,Nintendo eShop $20,1,29.99,29.99
MULTI PLAZA,ACCESORIO,TARJETAS,711719432500,PSN $10,1,15.99,15.99
MULTI PLAZA,ACCESORIO,TARJETAS,711719478102,PSN $20,1,29.99,29.99
MULTI PLAZA,ACCESORIO,TARJETAS,799366104667,Nintendo eShop $20,1,29.99,29.99
MULTI PLAZA,ACCESORIO,TARJETAS,799366552260,PSN $50,1,69.99,69.99
MULTI PLAZA,ACCESORIO,TARJETAS,711719478102,PSN $20,1,29.99,29.99
MULTI PLAZA,ACCESORIO,TARJETAS,711719478102,PSN $20,1,29.99,29.99
MULTI PLAZA,ACCESORIO,TARJETAS,711719432500,PSN $10,1,15.99,15.99
MULTI PLAZA,ACCESORIO,TARJETAS,711719478102,PSN $20,1,29.99,29.99
MULTI PLAZA,ACCESORIO,TARJETAS,799366104667,Nintendo eShop $20,1,29.99,29.99
MULTI PLAZA,ACCESORIO,TARJETAS,799366104667,Nintendo eShop $20,1,29.99,29.99
MULTI PLAZA,ACCESORIO,TARJETAS,799366552260,PSN $50,2,69.99,139.98
MULTI PLAZA,ACCESORIO,TARJETAS,711719478102,PSN $20,1,29.99,29.99
MULTI PLAZA,VIDEO JUEGO,XBOX 360,882224508056,Halo 3 (español) - XBOX 360,1,29.99,29.99
MULTI PLAZA,VIDEO JUEGO,XBOX 360,885370315073,Gears Of War TriPack - XBOX360,1,39.99,39.99
MULTI PLAZA,VIDEO JUEGO,XBOX ONE,14633367287,Fifa 14 XONE,1,29.99,29.99
MULTI PLAZA,VIDEO JUEGO,XBOX 360,14633730302,Titanfall - Xbox 360,1,39.99,39.99
MULTI PLAZA,VIDEO JUEGO,NINTENDO Wii,47875842076,COD Modern Warfare 3 Wii,1,39.99,39.99
MULTI PLAZA,VIDEO JUEGO,NINTENDO Wii,45496900397,Super Smash Bros. Brawl - Wii,1,39.99,39.99
MULTI PLAZA,VIDEO JUEGO,NINTENDO Wii,887256014599,Just Dance 2016- Wii,1,49.99,49.99
MULTI PLAZA,VIDEO JUEGO,PLAYSTATION 4- PS4,47875874602,COD BLACK OPS III PS4,1,69.99,69.99
MULTI PLAZA,ACCESORIO,TOYS 2 LIFE,45496891923,Amiibo Ike,1,19.99,19.99
MULTI PLAZA,ACCESORIO,TOYS 2 LIFE,45496891794,Amiibo Zelda ,1,14.99,14.99
MULTI PLAZA,ACCESORIO,TOYS 2 LIFE,45496891923,Amiibo Ike,1,19.99,19.99
MULTI PLAZA,ACCESORIO,TOYS 2 LIFE,45496891749,Amiibo Fox,1,19.99,19.99
MULTI PLAZA,ACCESORIO,TOYS 2 LIFE,45496891947,Amiibo Shulk,1,19.99,19.99
MULTI PLAZA,ACCESORIO,TOYS 2 LIFE,45496892418,Amiibo Mewtwo ,1,19.99,19.99
MULTI PLAZA,ACCESORIO,TOYS 2 LIFE,45496891855,Amiibo Capitan Falcon ,1,19.99,19.99
MULTI PLAZA,ACCESORIO,TOYS 2 LIFE,45496891732,Amiibo Yoshi,1,19.99,19.99
MULTI PLAZA,ACCESORIO,TOYS 2 LIFE,45496892197,Amiibo 3 pack Splatoon ,1,49.99,49.99
MULTI PLAZA,ACCESORIO,TOYS 2 LIFE,45496892418,Amiibo Mewtwo ,1,19.99,19.99
MULTI PLAZA,ACCESORIO,TOYS 2 LIFE,45496892067,Amiibo Super mario Plata,1,19.99,19.99
MULTI PLAZA,ACCESORIO,TOYS 2 LIFE,45496892418,Amiibo Mewtwo ,1,19.99,19.99
MULTI PLAZA,ACCESORIO,TOYS 2 LIFE,45496892067,Amiibo Super mario Plata,1,19.99,19.99
MULTI PLAZA,ACCESORIO,TOYS 2 LIFE,45496891947,Amiibo Shulk,1,19.99,19.99
MULTI PLAZA,ACCESORIO,TOYS 2 LIFE,45496892128,Amiibo Pac-Man ,1,14.99,14.99
MULTI PLAZA,ACCESORIO,TOYS 2 LIFE,45496892715,Amiibo Lucas,1,19.99,19.99
MULTI PLAZA,ACCESORIO,TOYS 2 LIFE,45496892258,Amiibo Zero Suit Samus,1,19.99,19.99
MULTI PLAZA,ACCESORIO,TOYS 2 LIFE,45496892067,Amiibo Super mario Plata,1,19.99,19.99
MULTI PLAZA,ACCESORIO,TOYS 2 LIFE,45496891947,Amiibo Shulk,1,19.99,19.99
MULTI PLAZA,ACCESORIO,TOYS 2 LIFE,45496891701,Amiibo Link,1,19.99,19.99
MULTI PLAZA,ACCESORIO,TOYS 2 LIFE,45496891831,Amiibo Little Mac,1,19.99,19.99
MULTI PLAZA,ACCESORIO,TOYS 2 LIFE,45496891701,Amiibo Link,1,19.99,19.99
MULTI PLAZA,ACCESORIO,TOYS 2 LIFE,45496891794,Amiibo Zelda ,1,14.99,14.99
MULTI PLAZA,ACCESORIO,TOYS 2 LIFE,45496892715,Amiibo Lucas,1,19.99,19.99
MULTI PLAZA,ACCESORIO,TOYS 2 LIFE,45496891923,Amiibo Ike,1,19.99,19.99
MULTI PLAZA,ACCESORIO,TOYS 2 LIFE,45496892159,Amiibo Greninja,1,19.99,19.99
MULTI PLAZA,ACCESORIO,TOYS 2 LIFE,45496892289,Amiibo Ganondorf,1,19.99,19.99
MULTI PLAZA,ACCESORIO,TOYS 2 LIFE,45496892265,Amiibo Dark Pit ,1,19.99,19.99
MULTI PLAZA,ACCESORIO,TOYS 2 LIFE,45496892715,Amiibo Lucas,1,19.99,19.99
MULTI PLAZA,ACCESORIO,TOYS 2 LIFE,45496892340,Amiibo Falco,1,19.99,19.99
MULTI PLAZA,ACCESORIO,TOYS 2 LIFE,45496891794,Amiibo Zelda ,1,14.99,14.99
MULTI PLAZA,ACCESORIO,TOYS 2 LIFE,45496892746,Amiibo Celeste,1,19.99,19.99
MULTI PLAZA,ACCESORIO,TOYS 2 LIFE,45496892715,Amiibo Lucas,1,19.99,19.99
MULTI PLAZA,ACCESORIO,TOYS 2 LIFE,45496891695,Amiibo Villager,1,19.99,19.99
MULTI PLAZA,ACCESORIO,TOYS 2 LIFE,45496892715,Amiibo Lucas,1,19.99,19.99
MULTI PLAZA,ACCESORIO,TOYS 2 LIFE,45496891855,Amiibo Capitan Falcon ,1,19.99,19.99
MULTI PLAZA,ACCESORIO,TOYS 2 LIFE,45496892494,Amiibo 3 pack Mii fighter ,1,49.99,49.99
MULTI PLAZA,VIDEO JUEGO,PLAYSTATION 4- PS4,47875874602,COD BLACK OPS III PS4,1,69.99,69.99
MULTI PLAZA,VIDEO JUEGO,PLAYSTATION 4- PS4,47875874602,COD BLACK OPS III PS4,1,69.99,69.99
MULTI PLAZA,VIDEO JUEGO,PLAYSTATION 4- PS4,93155170568,Fallout 4 PS4,1,69.99,69.99
MULTI PLAZA,VIDEO JUEGO,PLAYSTATION 4- PS4,93155170568,Fallout 4 PS4,1,69.99,69.99
MULTI PLAZA,VIDEO JUEGO,PLAYSTATION 4- PS4,47875874602,COD BLACK OPS III PS4,1,69.99,69.99
MULTI PLAZA,VIDEO JUEGO,PLAYSTATION 4- PS4,47875874602,COD BLACK OPS III PS4,-1,69.99,-69.99
MULTI PLAZA,VIDEO JUEGO,PLAYSTATION 4- PS4,47875874602,COD BLACK OPS III PS4,1,69.99,69.99
MULTI PLAZA,VIDEO JUEGO,PLAYSTATION 4- PS4,47875874602,COD BLACK OPS III PS4,1,69.99,69.99
MULTI PLAZA,VIDEO JUEGO,PLAYSTATION 4- PS4,47875874602,COD BLACK OPS III PS4,1,69.99,69.99
MULTI PLAZA,VIDEO JUEGO,PLAYSTATION 4- PS4,47875874602,COD BLACK OPS III PS4,1,69.99,69.99
MULTI PLAZA,ACCESORIO,TOYS 2 LIFE,45496892258,Amiibo Zero Suit Samus,1,19.99,19.99
MULTI PLAZA,ACCESORIO,TOYS 2 LIFE,45496892715,Amiibo Lucas,1,19.99,19.99
MULTI PLAZA,ACCESORIO,TOYS 2 LIFE,45496892715,Amiibo Lucas,1,19.99,19.99
MULTI PLAZA,ACCESORIO,TOYS 2 LIFE,45496892418,Amiibo Mewtwo ,1,19.99,19.99
MULTI PLAZA,ACCESORIO,TOYS 2 LIFE,45496891701,Amiibo Link,1,19.99,19.99
MULTI PLAZA,ACCESORIO,TOYS 2 LIFE,45496892289,Amiibo Ganondorf,1,19.99,19.99
MULTI PLAZA,VIDEO JUEGO,PLAYSTATION 4- PS4,47875874602,COD BLACK OPS III PS4,1,69.99,69.99
MULTI PLAZA,VIDEO JUEGO,PLAYSTATION 4- PS4,47875874602,COD BLACK OPS III PS4,1,69.99,69.99
MULTI PLAZA,VIDEO JUEGO,PLAYSTATION 4- PS4,47875874602,COD BLACK OPS III PS4,1,69.99,69.99
MULTI PLAZA,VIDEO JUEGO,PLAYSTATION 4- PS4,47875874602,COD BLACK OPS III PS4,1,69.99,69.99
MULTI PLAZA,VIDEO JUEGO,PLAYSTATION 4- PS4,47875874602,COD BLACK OPS III PS4,1,69.99,69.99
MULTI PLAZA,VIDEO JUEGO,PLAYSTATION 4- PS4,47875874602,COD BLACK OPS III PS4,1,69.99,69.99
MULTI PLAZA,VIDEO JUEGO,PLAYSTATION 4- PS4,887256014582,Just Dance 2016 PS4,1,59.99,59.99
MULTI PLAZA,VIDEO JUEGO,PLAYSTATION 4- PS4,47875874602,COD BLACK OPS III PS4,1,69.99,69.99
MULTI PLAZA,VIDEO JUEGO,PLAYSTATION 4- PS4,93155170568,Fallout 4 PS4,1,69.99,69.99
MULTI PLAZA,VIDEO JUEGO,PLAYSTATION 4- PS4,47875874602,COD BLACK OPS III PS4,1,69.99,69.99
MULTI PLAZA,VIDEO JUEGO,PLAYSTATION 4- PS4,47875874602,COD BLACK OPS III PS4,1,69.99,69.99
MULTI PLAZA,VIDEO JUEGO,PLAYSTATION 4- PS4,47875874602,COD BLACK OPS III PS4,1,69.99,69.99
MULTI PLAZA,VIDEO JUEGO,PLAYSTATION 4- PS4,93155170568,Fallout 4 PS4,1,69.99,69.99
MULTI PLAZA,VIDEO JUEGO,PLAYSTATION 4- PS4,47875874602,COD BLACK OPS III PS4,1,69.99,69.99
MULTI PLAZA,VIDEO JUEGO,PLAYSTATION 4- PS4,47875874602,COD BLACK OPS III PS4,1,69.99,69.99
MULTI PLAZA,VIDEO JUEGO,PLAYSTATION 4- PS4,47875874602,COD BLACK OPS III PS4,1,69.99,69.99
MULTI PLAZA,VIDEO JUEGO,PLAYSTATION 4- PS4,47875874442,Destiny The Taken King  PS4,1,69.99,69.99
MULTI PLAZA,VIDEO JUEGO,PLAYSTATION 4- PS4,47875874831,GH Software + Guitar  PS4,1,129.99,129.99
MULTI PLAZA,VIDEO JUEGO,PLAYSTATION 4- PS4,47875874602,COD BLACK OPS III PS4,1,69.99,69.99
MULTI PLAZA,VIDEO JUEGO,PLAYSTATION 4- PS4,47875874831,GH Software + Guitar  PS4,1,129.99,129.99
MULTI PLAZA,VIDEO JUEGO,PLAYSTATION 4- PS4,47875874602,COD BLACK OPS III PS4,1,69.99,69.99
MULTI PLAZA,VIDEO JUEGO,PLAYSTATION 4- PS4,47875874602,COD BLACK OPS III PS4,1,69.99,69.99
MULTI PLAZA,VIDEO JUEGO,PLAYSTATION 4- PS4,47875874602,COD BLACK OPS III PS4,1,69.99,69.99
MULTI PLAZA,VIDEO JUEGO,PLAYSTATION 4- PS4,47875874442,Destiny The Taken King  PS4,1,69.99,69.99
MULTI PLAZA,VIDEO JUEGO,PLAYSTATION 4- PS4,47875874442,Destiny The Taken King  PS4,1,69.99,69.99
MULTI PLAZA,VIDEO JUEGO,PLAYSTATION 4- PS4,47875874602,COD BLACK OPS III PS4,1,0.01,0.01
MULTI PLAZA,VIDEO JUEGO,PLAYSTATION 4- PS4,47875874831,GH Software + Guitar  PS4,1,129.99,129.99
MULTI PLAZA,VIDEO JUEGO,PLAYSTATION 4- PS4,47875874442,Destiny The Taken King  PS4,1,69.99,69.99
MULTI PLAZA,VIDEO JUEGO,PLAYSTATION 4- PS4,47875874442,Destiny The Taken King  PS4,1,69.99,69.99
MULTI PLAZA,VIDEO JUEGO,PLAYSTATION 4- PS4,887256014582,Just Dance 2016 PS4,1,59.99,59.99
MULTI PLAZA,VIDEO JUEGO,PLAYSTATION 4- PS4,93155170568,Fallout 4 PS4,1,69.99,69.99
MULTI PLAZA,VIDEO JUEGO,PLAYSTATION 4- PS4,47875874602,COD BLACK OPS III PS4,1,69.99,69.99
MULTI PLAZA,VIDEO JUEGO,PLAYSTATION 4- PS4,47875874602,COD BLACK OPS III PS4,1,69.99,69.99
MULTI PLAZA,VIDEO JUEGO,PLAYSTATION 4- PS4,47875874602,COD BLACK OPS III PS4,1,69.99,69.99
MULTI PLAZA,VIDEO JUEGO,PLAYSTATION 4- PS4,887256014582,Just Dance 2016 PS4,1,59.99,59.99
MULTI PLAZA,VIDEO JUEGO,PLAYSTATION 4- PS4,47875874602,COD BLACK OPS III PS4,1,69.99,69.99
MULTI PLAZA,VIDEO JUEGO,PLAYSTATION 4- PS4,47875874442,Destiny The Taken King  PS4,1,69.99,69.99
MULTI PLAZA,VIDEO JUEGO,PLAYSTATION 4- PS4,47875874602,COD BLACK OPS III PS4,1,69.99,69.99
MULTI PLAZA,VIDEO JUEGO,PLAYSTATION 4- PS4,47875874602,COD BLACK OPS III PS4,1,69.99,69.99
MULTI PLAZA,VIDEO JUEGO,PLAYSTATION 4- PS4,47875874602,COD BLACK OPS III PS4,1,69.99,69.99
MULTI PLAZA,VIDEO JUEGO,PLAYSTATION 4- PS4,47875874602,COD BLACK OPS III PS4,1,0.01,0.01
MULTI PLAZA,VIDEO JUEGO,PLAYSTATION 4- PS4,47875874602,COD BLACK OPS III PS4,1,69.99,69.99
MULTI PLAZA,VIDEO JUEGO,PLAYSTATION 4- PS4,47875874602,COD BLACK OPS III PS4,1,69.99,69.99
MULTI PLAZA,VIDEO JUEGO,PLAYSTATION 4- PS4,47875874602,COD BLACK OPS III PS4,1,69.99,69.99
MULTI PLAZA,VIDEO JUEGO,PLAYSTATION 4- PS4,47875874602,COD BLACK OPS III PS4,1,69.99,69.99
MULTI PLAZA,VIDEO JUEGO,PLAYSTATION 4- PS4,47875874831,GH Software + Guitar  PS4,1,129.99,129.99
MULTI PLAZA,VIDEO JUEGO,PLAYSTATION 4- PS4,93155170568,Fallout 4 PS4,1,69.99,69.99
MULTI PLAZA,VIDEO JUEGO,PLAYSTATION 4- PS4,47875874602,COD BLACK OPS III PS4,1,69.99,69.99
MULTI PLAZA,VIDEO JUEGO,PLAYSTATION 4- PS4,47875874602,COD BLACK OPS III PS4,1,69.99,69.99
MULTI PLAZA,VIDEO JUEGO,PLAYSTATION 4- PS4,47875874602,COD BLACK OPS III PS4,1,69.99,69.99
MULTI PLAZA,VIDEO JUEGO,PLAYSTATION 4- PS4,47875874602,COD BLACK OPS III PS4,1,69.99,69.99
MULTI PLAZA,VIDEO JUEGO,PLAYSTATION 4- PS4,93155170568,Fallout 4 PS4,1,69.99,69.99
MULTI PLAZA,VIDEO JUEGO,PLAYSTATION 4- PS4,47875874602,COD BLACK OPS III PS4,1,69.99,69.99
MULTI PLAZA,VIDEO JUEGO,PLAYSTATION 4- PS4,47875874602,COD BLACK OPS III PS4,1,0.01,0.01
MULTI PLAZA,VIDEO JUEGO,PLAYSTATION 4- PS4,47875874831,GH Software + Guitar  PS4,1,129.99,129.99
MULTI PLAZA,VIDEO JUEGO,PLAYSTATION 4- PS4,47875874602,COD BLACK OPS III PS4,1,69.99,69.99
MULTI PLAZA,VIDEO JUEGO,PLAYSTATION 4- PS4,93155170568,Fallout 4 PS4,1,69.99,69.99
MULTI PLAZA,VIDEO JUEGO,PLAYSTATION 4- PS4,93155170933,Dishonored D.E PS4,1,49.99,49.99
MULTI PLAZA,VIDEO JUEGO,PLAYSTATION 4- PS4,47875874602,COD BLACK OPS III PS4,1,69.99,69.99
MULTI PLAZA,VIDEO JUEGO,PLAYSTATION 4- PS4,93155170568,Fallout 4 PS4,1,69.99,69.99
MULTI PLAZA,VIDEO JUEGO,PLAYSTATION 4- PS4,47875874602,COD BLACK OPS III PS4,1,69.99,69.99
MULTI PLAZA,VIDEO JUEGO,PLAYSTATION 4- PS4,887256017040,Far Cry Primal PS4,1,69.99,69.99
MULTI PLAZA,VIDEO JUEGO,PLAYSTATION 4- PS4,47875874602,COD BLACK OPS III PS4,1,69.99,69.99
MULTI PLAZA,VIDEO JUEGO,PLAYSTATION 4- PS4,47875874602,COD BLACK OPS III PS4,1,69.99,69.99
MULTI PLAZA,VIDEO JUEGO,PLAYSTATION 4- PS4,47875874602,COD BLACK OPS III PS4,1,69.99,69.99
MULTI PLAZA,VIDEO JUEGO,PLAYSTATION 4- PS4,47875874602,COD BLACK OPS III PS4,1,69.99,69.99
MULTI PLAZA,VIDEO JUEGO,PLAYSTATION 4- PS4,47875874602,COD BLACK OPS III PS4,1,69.99,69.99
MULTI PLAZA,VIDEO JUEGO,PLAYSTATION 4- PS4,47875874602,COD BLACK OPS III PS4,1,69.99,69.99
MULTI PLAZA,ACCESORIO,TOYS 2 LIFE,849803061463,Toy - Best anime figure,1,7.99,7.99
MULTI PLAZA,ACCESORIO,TOYS 2 LIFE,849803061463,Toy - Best anime figure,1,7.99,7.99
MULTI PLAZA,ACCESORIO,PLAYSTATION 4 - PS4,849172001787,Thumb Grips PS4 ,1,12.99,12.99
MULTI PLAZA,ACCESORIO,PLAYSTATION 4 - PS4,849172002944,Cable cargador KMD - PS4,1,12.99,12.99
MULTI PLAZA,ACCESORIO,TOYS 2 LIFE,849803061463,Toy - Best anime figure,1,7.99,7.99
MULTI PLAZA,ACCESORIO,PLAYSTATION 4 - PS4,849172003057,Dual Charging Station KMD PS4,1,29.99,29.99
MULTI PLAZA,ACCESORIO,TOYS 2 LIFE,849803061463,Toy - Best anime figure,1,7.99,7.99
MULTI PLAZA,ACCESORIO,PLAYSTATION 4 - PS4,849172002944,Cable cargador KMD - PS4,1,12.99,12.99
MULTI PLAZA,ACCESORIO,PLAYSTATION 4 - PS4,849172001787,Thumb Grips PS4 ,1,12.99,12.99
MULTI PLAZA,ACCESORIO,PLAYSTATION 4 - PS4,663293106080,Mochila (SONY) - PS4,1,69.99,69.99
MULTI PLAZA,ACCESORIO,PLAYSTATION 4 - PS4,849172002944,Cable cargador KMD - PS4,1,12.99,12.99
MULTI PLAZA,ACCESORIO,PLAYSTATION 4 - PS4,663293106080,Mochila (SONY) - PS4,1,69.99,69.99
MULTI PLAZA,ACCESORIO,PLAYSTATION 4 - PS4,849172003064,Siliconeskin negrocontroll PS4,1,9.99,9.99
MULTI PLAZA,ACCESORIO,PLAYSTATION 4 - PS4,849172003071,Siliconeskin azul controll PS4,1,9.99,9.99
MULTI PLAZA,ACCESORIO,PLAYSTATION 4 - PS4,849172001787,Thumb Grips PS4 ,1,12.99,12.99
MULTI PLAZA,ACCESORIO,PLAYSTATION 4 - PS4,849172001787,Thumb Grips PS4 ,1,12.99,12.99
MULTI PLAZA,ACCESORIO,PLAYSTATION 4 - PS4,849172003057,Dual Charging Station KMD PS4,1,29.99,29.99
MULTI PLAZA,ACCESORIO,PLAYSTATION 4 - PS4,849172003057,Dual Charging Station KMD PS4,1,29.99,29.99
MULTI PLAZA,ACCESORIO,PLAYSTATION 4 - PS4,849172001787,Thumb Grips PS4 ,1,12.99,12.99
MULTI PLAZA,ACCESORIO,PLAYSTATION 4 - PS4,849172003071,Siliconeskin azul controll PS4,1,9.99,9.99
MULTI PLAZA,ACCESORIO,PLAYSTATION 4 - PS4,849172003064,Siliconeskin negrocontroll PS4,1,9.99,9.99
MULTI PLAZA,ACCESORIO,PLAYSTATION 4 - PS4,663293106080,Mochila (SONY) - PS4,1,69.99,69.99
MULTI PLAZA,ACCESORIO,PLAYSTATION 4 - PS4,849172001787,Thumb Grips PS4 ,1,12.99,12.99
MULTI PLAZA,ACCESORIO,PLAYSTATION 4 - PS4,663293106080,Mochila (SONY) - PS4,1,69.99,69.99
MULTI PLAZA,ACCESORIO,PLAYSTATION 4 - PS4,849172002944,Cable cargador KMD - PS4,1,12.99,12.99
MULTI PLAZA,ACCESORIO,PLAYSTATION 4 - PS4,849172003057,Dual Charging Station KMD PS4,1,29.99,29.99
MULTI PLAZA,ACCESORIO,PLAYSTATION 4 - PS4,849172001787,Thumb Grips PS4 ,1,12.99,12.99
MULTI PLAZA,ACCESORIO,PLAYSTATION 4 - PS4,849172001787,Thumb Grips PS4 ,1,12.99,12.99
MULTI PLAZA,ACCESORIO,PLAYSTATION 4 - PS4,849172003057,Dual Charging Station KMD PS4,1,29.99,29.99
MULTI PLAZA,ACCESORIO,PLAYSTATION 4 - PS4,849172001787,Thumb Grips PS4 ,1,12.99,12.99
MULTI PLAZA,ACCESORIO,PLAYSTATION 4 - PS4,849172001787,Thumb Grips PS4 ,1,12.99,12.99
MULTI PLAZA,ACCESORIO,PLAYSTATION 4 - PS4,849172001787,Thumb Grips PS4 ,1,12.99,12.99
MULTI PLAZA,ACCESORIO,PLAYSTATION 4 - PS4,663293106080,Mochila (SONY) - PS4,1,69.99,69.99
MULTI PLAZA,ACCESORIO,PLAYSTATION 4 - PS4,849172003071,Siliconeskin azul controll PS4,1,9.99,9.99
MULTI PLAZA,ACCESORIO,PLAYSTATION 4 - PS4,849172001787,Thumb Grips PS4 ,1,12.99,12.99
MULTI PLAZA,ACCESORIO,PLAYSTATION 4 - PS4,849172003064,Siliconeskin negrocontroll PS4,1,9.99,9.99
MULTI PLAZA,ACCESORIO,PLAYSTATION 4 - PS4,849172001787,Thumb Grips PS4 ,1,12.99,12.99
MULTI PLAZA,AUDIFONOS,GAMING,728658041724,Headset Wired Kunai Negro ,1,79.99,79.99
MULTI PLAZA,AUDIFONOS,GAMING,728658042066,Headset Kama PS4,1,39.99,39.99
MULTI PLAZA,AUDIFONOS,GAMING,728658041724,Headset Wired Kunai Negro ,1,79.99,79.99
MULTI PLAZA,AUDIFONOS,GAMING,728658042066,Headset Kama PS4,1,39.99,39.99
MULTI PLAZA,AUDIFONOS,GAMING,728658042066,Headset Kama PS4,1,39.99,39.99
MULTI PLAZA,AUDIFONOS,GAMING,728658042066,Headset Kama PS4,1,39.99,39.99
MULTI PLAZA,AUDIFONOS,GAMING,728658042066,Headset Kama PS4,1,39.99,39.99
MULTI PLAZA,AUDIFONOS,GAMING,728658042066,Headset Kama PS4,1,39.99,39.99
MULTI PLAZA,AUDIFONOS,GAMING,885370604061,Headset  stereo verd- XB1,1,99.99,99.99
MULTI PLAZA,AUDIFONOS,GAMING,728658042189,Headset Kaiken PS4,1,29.99,29.99
MULTI PLAZA,AUDIFONOS,GAMING,728658042066,Headset Kama PS4,1,39.99,39.99
MULTI PLAZA,AUDIFONOS,GAMING,728658042066,Headset Kama PS4,1,39.99,39.99
MULTI PLAZA,AUDIFONOS,GAMING,885370604061,Headset  stereo verd- XB1,1,99.99,99.99
MULTI PLAZA,AUDIFONOS,GAMING,728658042066,Headset Kama PS4,1,39.99,39.99
MULTI PLAZA,ACCESORIO,PLAYSTATION 3,849172003446,Cable cargador Twin  KMD - PS3,1,19.99,19.99
MULTI PLAZA,ACCESORIO,PLAYSTATION 3,849172003446,Cable cargador Twin  KMD - PS3,1,19.99,19.99
MULTI PLAZA,ACCESORIO,PLAYSTATION 3,849172003446,Cable cargador Twin  KMD - PS3,1,19.99,19.99
MULTI PLAZA,ACCESORIO,PLAYSTATION 3,849172003446,Cable cargador Twin  KMD - PS3,1,19.99,19.99
MULTI PLAZA,ACCESORIO,PSVita,849172003644,Ac Adacter Psvita,1,19.99,19.99
MULTI PLAZA,ACCESORIO,PSVita,849172003644,Ac Adacter Psvita,1,19.99,19.99
MULTI PLAZA,ACCESORIO,PSVita,849172003644,Ac Adacter Psvita,1,19.99,19.99
MULTI PLAZA,ACCESORIO,PLAYSTATION 3,849172003446,Cable cargador Twin  KMD - PS3,1,19.99,19.99
MULTI PLAZA,ACCESORIO,PLAYSTATION 3,849172003446,Cable cargador Twin  KMD - PS3,1,19.99,19.99
MULTI PLAZA,ACCESORIO,NINTENDO WII,45496891435,Wii Remote Plus Mario,1,49.99,49.99
MULTI PLAZA,ACCESORIO,NINTENDO WII,849172003699,Ac Adacter Wii,1,15.99,15.99
MULTI PLAZA,ACCESORIO,NINTENDO WII,45496891435,Wii Remote Plus Mario,1,49.99,49.99
MULTI PLAZA,ACCESORIO,NINTENDO WII,45496891435,Wii Remote Plus Mario,1,49.99,49.99
MULTI PLAZA,ACCESORIO,NINTENDO WII,45496891435,Wii Remote Plus Mario,1,49.99,49.99
MULTI PLAZA,ACCESORIO,NINTENDO 3DS,617885009761,Starter Kit Zelda 3DS,1,29.99,29.99
MULTI PLAZA,ACCESORIO,NINTENDO 3DS,617885009761,Starter Kit Zelda 3DS,1,29.99,29.99
MULTI PLAZA,ACCESORIO,NINTENDO 3DS,617885003691,Case Universal Star Wars,1,29.99,29.99
MULTI PLAZA,ACCESORIO,NINTENDO 3DS,617885009761,Starter Kit Zelda 3DS,1,29.99,29.99
MULTI PLAZA,ACCESORIO,NINTENDO 3DS,617885009761,Starter Kit Zelda 3DS,1,29.99,29.99
MULTI PLAZA,ACCESORIO,XBOX ONE,849172003101,Controller Si. Grip BlacK XO,1,9.99,9.99
MULTI PLAZA,ACCESORIO,XBOX ONE,885370603903,Control inalambrico xbox one,1,69.99,69.99
MULTI PLAZA,ACCESORIO,XBOX ONE,849172003118,Controller Si. Grip Blue  XO,1,8.99,8.99
MULTI PLAZA,ACCESORIO,XBOX ONE,885370603989,Play and Charge Kit - Xboxone,1,39.99,39.99
MULTI PLAZA,ACCESORIO,XBOX ONE,885370603989,Play and Charge Kit - Xboxone,1,39.99,39.99
MULTI PLAZA,ACCESORIO,XBOX ONE,885370603903,Control inalambrico xbox one,1,69.99,69.99
MULTI PLAZA,ACCESORIO,XBOX ONE,885370603989,Play and Charge Kit - Xboxone,1,39.99,39.99
MULTI PLAZA,ACCESORIO,XBOX ONE,885370898064,Control inalambrico Halo 5,1,79.99,79.99
MULTI PLAZA,ACCESORIO,XBOX ONE,743840861058,Batterie rechargeable XB1,1,19.99,19.99
MULTI PLAZA,ACCESORIO,XBOX ONE,885370603903,Control inalambrico xbox one,1,69.99,69.99
MULTI PLAZA,ACCESORIO,XBOX ONE,743840861058,Batterie rechargeable XB1,1,19.99,19.99
MULTI PLAZA,ACCESORIO,XBOX 360,617885011849,Control inala. Star Wars neg.,1,49.99,49.99
MULTI PLAZA,ACCESORIO,XBOX 360,617885011849,Control inala. Star Wars neg.,1,49.99,49.99
MULTI PLAZA,ACCESORIO,XBOX 360,885370769050,Play & Charge KIt X360,1,29.99,29.99
MULTI PLAZA,ACCESORIO,XBOX 360,885370114843,Control Inala/Negro - XBOX 360,1,59.99,59.99
MULTI PLAZA,ACCESORIO,XBOX 360,849172000285,Hard Drive 250GB X360,1,119.99,119.99
MULTI PLAZA,ACCESORIO,XBOX 360,743840860389,Batterie rechargeable X360,1,19.99,19.99
MULTI PLAZA,ACCESORIO,XBOX 360,885370769050,Play & Charge KIt X360,1,29.99,29.99
MULTI PLAZA,ACCESORIO,XBOX 360,849172003323,Battery Shell Black xbox 360,1,2.99,2.99
MULTI PLAZA,ACCESORIO,XBOX 360,885370114843,Control Inala/Negro - XBOX 360,2,59.99,119.98
MULTI PLAZA,VIDEO JUEGO,PLAYSTATION 4- PS4,722674120388,Naruto Shippuden UNS4 PS4,1,69.99,69.99
MULTI PLAZA,VIDEO JUEGO,PLAYSTATION 4- PS4,722674120388,Naruto Shippuden UNS4 PS4,1,69.99,69.99
MULTI PLAZA,VIDEO JUEGO,PLAYSTATION 4- PS4,710425475290,GTA V PS4,1,69.99,69.99
MULTI PLAZA,VIDEO JUEGO,PLAYSTATION 4- PS4,722674120388,Naruto Shippuden UNS4 PS4,1,69.99,69.99
MULTI PLAZA,VIDEO JUEGO,PLAYSTATION 4- PS4,83717203063,PES 16 PS4,1,34.99,34.99
MULTI PLAZA,VIDEO JUEGO,PLAYSTATION 4- PS4,710425475290,GTA V PS4,1,69.99,69.99
MULTI PLAZA,VIDEO JUEGO,PLAYSTATION 4- PS4,711719500575,PES 15 PS4,1,0.01,0.01
MULTI PLAZA,VIDEO JUEGO,PLAYSTATION 4- PS4,14633368611,NFS PS4,1,69.99,69.99
MULTI PLAZA,VIDEO JUEGO,PLAYSTATION 4- PS4,722674120388,Naruto Shippuden UNS4 PS4,1,69.99,69.99
MULTI PLAZA,VIDEO JUEGO,PLAYSTATION 4- PS4,722674120388,Naruto Shippuden UNS4 PS4,1,69.99,69.99
MULTI PLAZA,ACCESORIO,PLAYSTATION 4 - PS4,711719051503,Dualshock 4 Camo - PS4,1,79.99,79.99
MULTI PLAZA,ACCESORIO,PLAYSTATION 4 - PS4,711719100423,Camara - PS4,1,69.99,69.99
MULTI PLAZA,ACCESORIO,PLAYSTATION 4 - PS4,711719051503,Dualshock 4 Camo - PS4,1,79.99,79.99
MULTI PLAZA,ACCESORIO,PLAYSTATION 4 - PS4,711719100423,Camara - PS4,1,69.99,69.99
MULTI PLAZA,ACCESORIO,PLAYSTATION 4 - PS4,711719100423,Camara - PS4,1,69.99,69.99
MULTI PLAZA,ACCESORIO,PLAYSTATION 4 - PS4,711719051503,Dualshock 4 Camo - PS4,1,79.99,79.99
MULTI PLAZA,ACCESORIO,PLAYSTATION 4 - PS4,711719100423,Camara - PS4,1,69.99,69.99
MULTI PLAZA,ACCESORIO,PLAYSTATION 4 - PS4,711719051503,Dualshock 4 Camo - PS4,1,79.99,79.99
MULTI PLAZA,ACCESORIO,PLAYSTATION 4 - PS4,711719051503,Dualshock 4 Camo - PS4,1,79.99,79.99
MULTI PLAZA,ACCESORIO,PLAYSTATION 4 - PS4,711719100423,Camara - PS4,1,69.99,69.99
MULTI PLAZA,ACCESORIO,TOYS 2 LIFE,712725027261,Disney infinity 3.0 Kylo Ren ,1,19.99,19.99
MULTI PLAZA,ACCESORIO,TOYS 2 LIFE,712725027278,Disney infinity 3.0 Poe Damero,1,19.99,19.99
MULTI PLAZA,ACCESORIO,TOYS 2 LIFE,712725027254,Disney infinity 3.0 The fo.3PA,1,49.99,49.99
MULTI PLAZA,ACCESORIO,TOYS 2 LIFE,712725027278,Disney infinity 3.0 Poe Damero,1,19.99,19.99
MULTI PLAZA,ACCESORIO,TOYS 2 LIFE,47875870932,Skylanders TT Drobit&Trigger S,1,19.99,19.99
MULTI PLAZA,ACCESORIO,TOYS 2 LIFE,47875877450,Skylanders Schargers BO 3 pack,1,49.99,49.99
MULTI PLAZA,ACCESORIO,TOYS 2 LIFE,47875875296,Skylanders Schargers High Volt,1,24.99,24.99
MULTI PLAZA,ACCESORIO,TOYS 2 LIFE,47875877443,Skylanders Schargers Do 3 pack,1,49.99,49.99
MULTI PLAZA,ACCESORIO,TOYS 2 LIFE,712725027261,Disney infinity 3.0 Kylo Ren ,1,19.99,19.99
MULTI PLAZA,ACCESORIO,TOYS 2 LIFE,47875875319,Skylanders Schargers Smash Hit,1,24.99,24.99
MULTI PLAZA,ACCESORIO,TOYS 2 LIFE,47875875777,Skylanders Schargers 3 pack,1,49.99,49.99
MULTI PLAZA,ACCESORIO,TOYS 2 LIFE,47875871649,Skylanders TT Master Bushwhack,1,19.99,19.99
MULTI PLAZA,ACCESORIO,TOYS 2 LIFE,47875871656,Skylanders TT Master Head Rush,1,19.99,19.99
MULTI PLAZA,ACCESORIO,TOYS 2 LIFE,47875870918,Skylanders TT Spry & Mini Jini,1,19.99,19.99
MULTI PLAZA,ACCESORIO,TOYS 2 LIFE,47875872547,Skylanders TT Love Potion Pop ,1,14.99,14.99
MULTI PLAZA,ACCESORIO,TOYS 2 LIFE,47875870925,Skylanders TT Hijinx &Eye Smal,1,19.99,19.99
MULTI PLAZA,ACCESORIO,TOYS 2 LIFE,712725027261,Disney infinity 3.0 Kylo Ren ,1,19.99,19.99
MULTI PLAZA,ACCESORIO,TOYS 2 LIFE,712725027261,Disney infinity 3.0 Kylo Ren ,1,19.99,19.99
MULTI PLAZA,ACCESORIO,TOYS 2 LIFE,47875877450,Skylanders Schargers BO 3 pack,1,49.99,49.99
MULTI PLAZA,VIDEO JUEGO,PLAYSTATION 4- PS4,14633733808,Madden 16- PS4,1,69.99,69.99
MULTI PLAZA,ACCESORIO,TOYS 2 LIFE,47875877443,Skylanders Schargers Do 3 pack,1,49.99,49.99
MULTI PLAZA,ACCESORIO,TOYS 2 LIFE,47875872547,Skylanders TT Love Potion Pop ,1,9.99,9.99
MULTI PLAZA,ACCESORIO,TOYS 2 LIFE,47875872547,Skylanders TT Love Potion Pop ,1,9.99,9.99
MULTI PLAZA,ACCESORIO,TARJETAS,711719039792,PSN Plus 3 Month,1,24.99,24.99
MULTI PLAZA,ACCESORIO,TARJETAS,711719039792,PSN Plus 3 Month,1,24.99,24.99
MULTI PLAZA,ACCESORIO,TARJETAS,711719039792,PSN Plus 3 Month,1,24.99,24.99
MULTI PLAZA,ACCESORIO,TARJETAS,711719039792,PSN Plus 3 Month,1,24.99,24.99
MULTI PLAZA,ACCESORIO,TARJETAS,885370611250,Xbox Live $50,2,69.99,139.98
MULTI PLAZA,ACCESORIO,TARJETAS,711719039792,PSN Plus 3 Month,1,24.99,24.99
MULTI PLAZA,ACCESORIO,TARJETAS,711719039792,PSN Plus 3 Month,1,24.99,24.99
MULTI PLAZA,ACCESORIO,TARJETAS,711719039792,PSN Plus 3 Month,1,24.99,24.99
MULTI PLAZA,ACCESORIO,TARJETAS,711719039792,PSN Plus 3 Month,1,24.99,24.99
MULTI PLAZA,ACCESORIO,NINTENDO 3DS,708056054311,Clip Armor Super mario New3dsx,1,19.99,19.99
MULTI PLAZA,ACCESORIO,NINTENDO 3DS,873124003666,Protective Film 3DSXL,1,9.99,9.99
MULTI PLAZA,ACCESORIO,NINTENDO 3DS,708056054311,Clip Armor Super mario New3dsx,1,19.99,19.99
MULTI PLAZA,ACCESORIO,NINTENDO 3DS,873124003666,Protective Film 3DSXL,1,9.99,9.99
MULTI PLAZA,ACCESORIO,NINTENDO 3DS,708056054311,Clip Armor Super mario New3dsx,1,19.99,19.99
MULTI PLAZA,ACCESORIO,NINTENDO 3DS,873124003666,Protective Film 3DSXL,1,9.99,9.99
MULTI PLAZA,ACCESORIO,NINTENDO 3DS,873124003666,Protective Film 3DSXL,1,9.99,9.99
MULTI PLAZA,ACCESORIO,NINTENDO 3DS,849172000605,Aluminum Armor Case Negro 3dsx,1,15.99,15.99
MULTI PLAZA,ACCESORIO,NINTENDO 3DS,617885009761,Starter Kit Zelda 3DS,1,29.99,29.99
MULTI PLAZA,ACCESORIO,NINTENDO 3DS,873124003666,Protective Film 3DSXL,1,9.99,9.99
MULTI PLAZA,ACCESORIO,NINTENDO 3DS,708056054311,Clip Armor Super mario New3dsx,1,19.99,19.99
MULTI PLAZA,ACCESORIO,NINTENDO 3DS,873124005271,Hard Pouch - 3DSXL NEW,1,15.99,15.99
MULTI PLAZA,ACCESORIO,TARJETAS,711719039792,PSN Plus 3 Month,1,24.99,24.99
MULTI PLAZA,ACCESORIO,TARJETAS,711719039792,PSN Plus 3 Month,1,24.99,24.99
MULTI PLAZA,ACCESORIO,NINTENDO WIIU,849172001251,Cable cargador KMD - Wiiu,1,12.99,12.99
MULTI PLAZA,ACCESORIO,NINTENDO WIIU,849172001251,Cable cargador KMD - Wiiu,1,12.99,12.99
MULTI PLAZA,ACCESORIO,NINTENDO WIIU,849172001251,Cable cargador KMD - Wiiu,1,12.99,12.99
MULTI PLAZA,ACCESORIO,NINTENDO WIIU,849172001251,Cable cargador KMD - Wiiu,1,12.99,12.99
MULTI PLAZA,ACCESORIO,NINTENDO WIIU,849172001251,Cable cargador KMD - Wiiu,1,12.99,12.99
MULTI PLAZA,ACCESORIO,NINTENDO WIIU,849172003330,Sensor de Barra  Wiiu ,1,19.99,19.99
MULTI PLAZA,ACCESORIO,TARJETAS,711719039792,PSN Plus 3 Month,1,24.99,24.99
MULTI PLAZA,ACCESORIO,TARJETAS,711719039792,PSN Plus 3 Month,1,24.99,24.99
MULTI PLAZA,ACCESORIO,TARJETAS,711719039792,PSN Plus 3 Month,1,24.99,24.99
MULTI PLAZA,ACCESORIO,TARJETAS,711719039792,PSN Plus 3 Month,1,24.99,24.99
MULTI PLAZA,ACCESORIO,NINTENDO WIIU,708056585303,Nerf Game Pad Armor Wiiu,1,29.99,29.99
MULTI PLAZA,ACCESORIO,NINTENDO WIIU,873124005035,Wii Wheel Mario 8 Wiiu HORI,1,15.99,15.99
MULTI PLAZA,ACCESORIO,NINTENDO WIIU,708056585303,Nerf Game Pad Armor Wiiu,1,29.99,29.99
MULTI PLAZA,ACCESORIO,NINTENDO WIIU,873124005035,Wii Wheel Mario 8 Wiiu HORI,1,15.99,15.99
MULTI PLAZA,ACCESORIO,NINTENDO WIIU,849172001251,Cable cargador KMD - Wiiu,1,12.99,12.99
MULTI PLAZA,ACCESORIO,NINTENDO WIIU,849172001251,Cable cargador KMD - Wiiu,1,12.99,12.99
MULTI PLAZA,ACCESORIO,NINTENDO WIIU,849172001251,Cable cargador KMD - Wiiu,1,12.99,12.99
MULTI PLAZA,ACCESORIO,TARJETAS,711719039792,PSN Plus 3 Month,1,24.99,24.99
MULTI PLAZA,ACCESORIO,TARJETAS,711719039792,PSN Plus 3 Month,1,24.99,24.99
MULTI PLAZA,ACCESORIO,NINTENDO WIIU,849172001251,Cable cargador KMD - Wiiu,1,12.99,12.99
MULTI PLAZA,ACCESORIO,NINTENDO WIIU,849172001251,Cable cargador KMD - Wiiu,1,12.99,12.99
MULTI PLAZA,ACCESORIO,NINTENDO WIIU,849172001251,Cable cargador KMD - Wiiu,1,12.99,12.99
MULTI PLAZA,ACCESORIO,NINTENDO WIIU,708056585303,Nerf Game Pad Armor Wiiu,1,29.99,29.99
MULTI PLAZA,ACCESORIO,TARJETAS,711719039792,PSN Plus 3 Month,1,24.99,24.99
MULTI PLAZA,ACCESORIO,TARJETAS,711719039792,PSN Plus 3 Month,1,24.99,24.99
MULTI PLAZA,ACCESORIO,TARJETAS,711719039792,PSN Plus 3 Month,1,24.99,24.99
MULTI PLAZA,ACCESORIO,TARJETAS,885370611250,Xbox Live $50,1,69.99,69.99
MULTI PLAZA,ACCESORIO,TARJETAS,711719039792,PSN Plus 3 Month,1,24.99,24.99
MULTI PLAZA,ACCESORIO,TARJETAS,711719039792,PSN Plus 3 Month,1,24.99,24.99
MULTI PLAZA,ACCESORIO,VARIADO,4535123819261,Toy - Dragon ball figure,1,7.99,7.99
MULTI PLAZA,ACCESORIO,VARIADO,4535123819261,Toy - Dragon ball figure,2,7.99,15.98
MULTI PLAZA,ACCESORIO,VARIADO,708056581077,Rainbow Stylus 8 PACK,1,8.99,8.99
MULTI PLAZA,ACCESORIO,VARIADO,708056581077,Rainbow Stylus 8 PACK,1,8.99,8.99
MULTI PLAZA,ACCESORIO,VARIADO,849803070724,Toy Batman arkham games,1,7.19,7.19
MULTI PLAZA,ACCESORIO,VARIADO,4535123819261,Toy - Dragon ball figure,1,7.19,7.19
MULTI PLAZA,ACCESORIO,VARIADO,849803070724,Toy Batman arkham games,1,7.19,7.19
MULTI PLAZA,ACCESORIO,VARIADO,849803070724,Toy Batman arkham games,1,7.19,7.19
MULTI PLAZA,ACCESORIO,VARIADO,849803070724,Toy Batman arkham games,1,7.19,7.19
MULTI PLAZA,ACCESORIO,VARIADO,849803070724,Toy Batman arkham games,1,7.19,7.19
MULTI PLAZA,ACCESORIO,XBOX 360,885370769050,Play & Charge KIt X360,1,29.99,29.99
MULTI PLAZA,VIDEO JUEGO,XBOX 360,662248912370,Sleeping Dogs X360,1,29.99,29.99
MULTI PLAZA,VIDEO JUEGO,XBOX 360,882224927291,Gears of War 2 (G.Y.) - XBOX 3,1,29.99,29.99
MULTI PLAZA,VIDEO JUEGO,NINTENDO 3DS,722674700634,Dragon Ball Z extr. butome 3DS,1,39.99,39.99
MULTI PLAZA,VIDEO JUEGO,NINTENDO 3DS,45496742768,Kirby Triple Deluxe 3DS,1,29.99,29.99
MULTI PLAZA,VIDEO JUEGO,NINTENDO 3DS,722674700634,Dragon Ball Z extr. butome 3DS,1,39.99,39.99
MULTI PLAZA,VIDEO JUEGO,NINTENDO 3DS,722674700634,Dragon Ball Z extr. butome 3DS,1,39.99,39.99
MULTI PLAZA,VIDEO JUEGO,NINTENDO 3DS,722674700634,Dragon Ball Z extr. butome 3DS,2,39.99,79.98
MULTI PLAZA,VIDEO JUEGO,NINTENDO 3DS,45496742768,Kirby Triple Deluxe 3DS,1,29.99,29.99
MULTI PLAZA,ACCESORIO,NINTENDO 3DS,45496891503,AC Adapter Nintendo 3DS ,1,19.99,19.99
MULTI PLAZA,ACCESORIO,NINTENDO 3DS,45496891503,AC Adapter Nintendo 3DS ,1,19.99,19.99
MULTI PLAZA,ACCESORIO,NINTENDO 3DS,45496891503,AC Adapter Nintendo 3DS ,1,19.99,19.99
MULTI PLAZA,ACCESORIO,NINTENDO 3DS,45496891503,AC Adapter Nintendo 3DS ,1,19.99,19.99
MULTI PLAZA,ACCESORIO,NINTENDO 3DS,45496891503,AC Adapter Nintendo 3DS ,1,19.99,19.99
MULTI PLAZA,ACCESORIO,NINTENDO 3DS,45496891503,AC Adapter Nintendo 3DS ,1,19.99,19.99
MULTI PLAZA,ACCESORIO,NINTENDO 3DS,45496891503,AC Adapter Nintendo 3DS ,1,19.99,19.99
MULTI PLAZA,VIDEO JUEGO,XBOX ONE,47875870369,Skylanders TT Starter PK XONE,1,39.99,39.99
MULTI PLAZA,ACCESORIO,XBOX ONE,885370814163,Control/Play & charge xbox one,1,89.99,89.99
MULTI PLAZA,ACCESORIO,XBOX ONE,885370814163,Control/Play & charge xbox one,1,89.99,89.99
MULTI PLAZA,ACCESORIO,XBOX ONE,885370814163,Control/Play & charge xbox one,1,89.99,89.99
MULTI PLAZA,ACCESORIO,XBOX ONE,885370898118,Control inalambrico Halo maste,1,79.99,79.99
MULTI PLAZA,ACCESORIO,XBOX ONE,617885011832,Control inala. Star Wars azul,-1,59.99,-59.99
MULTI PLAZA,VIDEO JUEGO,PLAYSTATION 3 - PS3 ,47875874251,COD Advanced Wa.15 BONU  PS3,1,69.99,69.99
MULTI PLAZA,VIDEO JUEGO,PS VITA,883929243488,Mortal Kombat PSV,1,29.99,29.99
MULTI PLAZA,ACCESORIO,XBOX 360,885370114843,Control Inala/Negro - XBOX 360,1,59.99,59.99
MULTI PLAZA,ACCESORIO,XBOX 360,849172003323,Battery Shell Black xbox 360,2,2.99,5.98
MULTI PLAZA,ACCESORIO,NINTENDO WIIU,708056585303,Nerf Game Pad Armor Wiiu,1,29.99,29.99
MULTI PLAZA,ACCESORIO,NINTENDO 2DS,663293106158,Traveler Game 2DS,1,19.99,19.99
MULTI PLAZA,AUDIFONOS,SKULLCANDY,878615071131,SkullCandy Ink'd 2.0 Paul FMic,1,9.99,9.99
MULTI PLAZA,AUDIFONOS,SKULLCANDY,878615071148,SkullCandy Ink'd 2.0 Paul NMic,1,9.99,9.99
MULTI PLAZA,AUDIFONOS,SKULLCANDY,878615071131,SkullCandy Ink'd 2.0 Paul FMic,1,9.99,9.99
MULTI PLAZA,AUDIFONOS,SKULLCANDY,878615071131,SkullCandy Ink'd 2.0 Paul FMic,1,9.99,9.99
MULTI PLAZA,ACCESORIO,TARJETAS,711719039808,PSN Plus 1 Year,1,69.99,69.99
MULTI PLAZA,ACCESORIO,TARJETAS,711719039808,PSN Plus 1 Year,1,69.99,69.99
MULTI PLAZA,ACCESORIO,TARJETAS,711719039808,PSN Plus 1 Year,1,69.99,69.99
MULTI PLAZA,ACCESORIO,TARJETAS,711719039808,PSN Plus 1 Year,1,69.99,69.99
MULTI PLAZA,ACCESORIO,TARJETAS,711719039808,PSN Plus 1 Year,1,69.99,69.99
MULTI PLAZA,ACCESORIO,TARJETAS,711719039808,PSN Plus 1 Year,1,69.99,69.99
MULTI PLAZA,ACCESORIO,TARJETAS,711719039808,PSN Plus 1 Year,2,69.99,139.98
MULTI PLAZA,ACCESORIO,TARJETAS,711719039808,PSN Plus 1 Year,1,69.99,69.99
MULTI PLAZA,ACCESORIO,TARJETAS,711719039808,PSN Plus 1 Year,1,69.99,69.99
MULTI PLAZA,ACCESORIO,TARJETAS,711719039808,PSN Plus 1 Year,1,69.99,69.99
MULTI PLAZA,ACCESORIO,TARJETAS,711719039808,PSN Plus 1 Year,1,69.99,69.99
MULTI PLAZA,CONSOLAS,XBOX ONE,889842020083,Xbox One Fallout 4 1TB,1,479.99,479.99
MULTI PLAZA,CONSOLAS,XBOX ONE,885370951929,Xbox One Halo 5 1TB,1,599.99,599.99
MULTI PLAZA,ACCESORIO,TARJETAS,711719039808,PSN Plus 1 Year,1,69.99,69.99
MULTI PLAZA,ACCESORIO,TARJETAS,711719039808,PSN Plus 1 Year,1,69.99,69.99
MULTI PLAZA,ACCESORIO,TARJETAS,711719039808,PSN Plus 1 Year,-1,69.99,-69.99
MULTI PLAZA,ACCESORIO,TARJETAS,711719039808,PSN Plus 1 Year,1,69.99,69.99
MULTI PLAZA,ACCESORIO,TARJETAS,711719039808,PSN Plus 1 Year,1,69.99,69.99
MULTI PLAZA,ACCESORIO,TARJETAS,711719039808,PSN Plus 1 Year,1,69.99,69.99
MULTI PLAZA,ACCESORIO,TARJETAS,711719039792,PSN Plus 3 Month,1,24.99,24.99
MULTI PLAZA,ACCESORIO,TARJETAS,711719039792,PSN Plus 3 Month,1,24.99,24.99
MULTI PLAZA,ACCESORIO,TARJETAS,711719039792,PSN Plus 3 Month,1,24.99,24.99
MULTI PLAZA,ACCESORIO,TARJETAS,711719039792,PSN Plus 3 Month,1,24.99,24.99
MULTI PLAZA,ACCESORIO,TARJETAS,711719039792,PSN Plus 3 Month,1,24.99,24.99
MULTI PLAZA,ACCESORIO,TARJETAS,711719039792,PSN Plus 3 Month,1,24.99,24.99
MULTI PLAZA,ACCESORIO,TARJETAS,711719039792,PSN Plus 3 Month,1,24.99,24.99
MULTI PLAZA,ACCESORIO,TARJETAS,711719039792,PSN Plus 3 Month,1,24.99,24.99
MULTI PLAZA,VIDEO JUEGO,PS VITA,14633197488,NFS Most Wanted PSV,1,29.99,29.99
MULTI PLAZA,ACCESORIO,TARJETAS,711719039792,PSN Plus 3 Month,1,24.99,24.99
MULTI PLAZA,ACCESORIO,TARJETAS,711719039792,PSN Plus 3 Month,1,24.99,24.99
MULTI PLAZA,ACCESORIO,TARJETAS,711719039792,PSN Plus 3 Month,1,24.99,24.99
MULTI PLAZA,ACCESORIO,TARJETAS,711719039792,PSN Plus 3 Month,1,24.99,24.99
MULTI PLAZA,ACCESORIO,TARJETAS,711719039792,PSN Plus 3 Month,1,24.99,24.99
MULTI PLAZA,ACCESORIO,TARJETAS,711719039792,PSN Plus 3 Month,1,24.99,24.99
MULTI PLAZA,VIDEO JUEGO,PLAYSTATION 3 - PS3 ,47875874251,COD Advanced Wa.15 BONU  PS3,1,69.99,69.99
MULTI PLAZA,VIDEO JUEGO,PLAYSTATION 3 - PS3 ,711719051343,Minecraft PS3,1,29.99,29.99
MULTI PLAZA,ACCESORIO,TARJETAS,711719039792,PSN Plus 3 Month,1,24.99,24.99
MULTI PLAZA,ACCESORIO,TARJETAS,711719039792,PSN Plus 3 Month,1,24.99,24.99
MULTI PLAZA,ACCESORIO,TARJETAS,711719039792,PSN Plus 3 Month,1,24.99,24.99
MULTI PLAZA,ACCESORIO,TARJETAS,711719039792,PSN Plus 3 Month,1,24.99,24.99
MULTI PLAZA,VIDEO JUEGO,PLAYSTATION 3 - PS3 ,711719051343,Minecraft PS3,1,29.99,29.99
MULTI PLAZA,VIDEO JUEGO,PLAYSTATION 3 - PS3 ,887256300579,Far Cry 4 PS3,1,49.99,49.99
MULTI PLAZA,VIDEO JUEGO,PLAYSTATION 3 - PS3 ,722674111195,Dragon Ball Z Battle of Z-PS3,1,39.99,39.99
MULTI PLAZA,VIDEO JUEGO,PLAYSTATION 3 - PS3 ,711719051343,Minecraft PS3,1,29.99,29.99
MULTI PLAZA,VIDEO JUEGO,PLAYSTATION 3 - PS3 ,887256300579,Far Cry 4 PS3,1,49.99,49.99
MULTI PLAZA,ACCESORIO,TOYS 2 LIFE,47875871083,Skylanders TT Ensemble Adve,1,29.99,29.99
MULTI PLAZA,VIDEO JUEGO,PLAYSTATION 4- PS4,14633733808,Madden 16- PS4,1,69.99,69.99
MULTI PLAZA,VIDEO JUEGO,PLAYSTATION 4- PS4,14633733808,Madden 16- PS4,1,69.99,69.99
MULTI PLAZA,VIDEO JUEGO,PLAYSTATION 4- PS4,14633733808,Madden 16- PS4,1,69.99,69.99
MULTI PLAZA,VIDEO JUEGO,PLAYSTATION 4- PS4,883929412341,Batman:Arkham Knight PS4,1,69.99,69.99
MULTI PLAZA,VIDEO JUEGO,PLAYSTATION 4- PS4,883929366927,Lego MarvelSuper Heroes - PS4,1,39.99,39.99
MULTI PLAZA,VIDEO JUEGO,PLAYSTATION 4- PS4,883929408177,Shadow of Mordor PS4,1,35.99,35.99
MULTI PLAZA,VIDEO JUEGO,PLAYSTATION 4- PS4,14633733808,Madden 16- PS4,1,69.99,69.99
MULTI PLAZA,VIDEO JUEGO,PLAYSTATION 4- PS4,14633733808,Madden 16- PS4,1,69.99,69.99
MULTI PLAZA,VIDEO JUEGO,PLAYSTATION 4- PS4,14633733808,Madden 16- PS4,1,69.99,69.99
MULTI PLAZA,VIDEO JUEGO,PLAYSTATION 4- PS4,14633733808,Madden 16- PS4,1,69.99,69.99
MULTI PLAZA,ACCESORIO,TARJETAS,711719039808,PSN Plus 1 Year,1,69.99,69.99
MULTI PLAZA,ACCESORIO,TARJETAS,711719039808,PSN Plus 1 Year,1,69.99,69.99
MULTI PLAZA,ACCESORIO,TARJETAS,711719039808,PSN Plus 1 Year,1,69.99,69.99
MULTI PLAZA,ACCESORIO,TARJETAS,711719039808,PSN Plus 1 Year,1,69.99,69.99
MULTI PLAZA,ACCESORIO,TARJETAS,711719039808,PSN Plus 1 Year,1,69.99,69.99
MULTI PLAZA,ACCESORIO,TARJETAS,711719039808,PSN Plus 1 Year,1,69.99,69.99
MULTI PLAZA,ACCESORIO,TARJETAS,711719039808,PSN Plus 1 Year,1,69.99,69.99
MULTI PLAZA,ACCESORIO,TARJETAS,711719039808,PSN Plus 1 Year,1,69.99,69.99
MULTI PLAZA,ACCESORIO,TARJETAS,711719039808,PSN Plus 1 Year,1,69.99,69.99
MULTI PLAZA,ACCESORIO,TARJETAS,711719039808,PSN Plus 1 Year,1,69.99,69.99
MULTI PLAZA,ACCESORIO,TARJETAS,711719039808,PSN Plus 1 Year,1,69.99,69.99
MULTI PLAZA,ACCESORIO,TARJETAS,711719039808,PSN Plus 1 Year,1,69.99,69.99
MULTI PLAZA,ACCESORIO,TARJETAS,711719039808,PSN Plus 1 Year,1,69.99,69.99
MULTI PLAZA,ACCESORIO,PLAYSTATION 4 - PS4,711719051473,Dualshock 4 Blanco - PS4,1,69.99,69.99
MULTI PLAZA,ACCESORIO,PLAYSTATION 4 - PS4,711719039617,Dualshock 4 Rojo - PS4,1,69.99,69.99
MULTI PLAZA,ACCESORIO,PLAYSTATION 4 - PS4,711719100393,Dualshock 4 Negro - PS4,1,69.99,69.99
MULTI PLAZA,ACCESORIO,PLAYSTATION 4 - PS4,711719039617,Dualshock 4 Rojo - PS4,1,69.99,69.99
MULTI PLAZA,ACCESORIO,PLAYSTATION 4 - PS4,711719051473,Dualshock 4 Blanco - PS4,1,69.99,69.99
MULTI PLAZA,ACCESORIO,PLAYSTATION 4 - PS4,711719039617,Dualshock 4 Rojo - PS4,1,69.99,69.99
MULTI PLAZA,ACCESORIO,PLAYSTATION 4 - PS4,711719039617,Dualshock 4 Rojo - PS4,1,69.99,69.99
MULTI PLAZA,ACCESORIO,PLAYSTATION 4 - PS4,711719100393,Dualshock 4 Negro - PS4,1,69.99,69.99
MULTI PLAZA,ACCESORIO,PLAYSTATION 4 - PS4,711719100393,Dualshock 4 Negro - PS4,1,69.99,69.99
MULTI PLAZA,ACCESORIO,PLAYSTATION 4 - PS4,711719100393,Dualshock 4 Negro - PS4,1,69.99,69.99
MULTI PLAZA,ACCESORIO,PLAYSTATION 4 - PS4,711719039617,Dualshock 4 Rojo - PS4,1,69.99,69.99
MULTI PLAZA,ACCESORIO,PLAYSTATION 4 - PS4,711719039631,Dualshock 4 Azul - PS4,1,69.99,69.99
MULTI PLAZA,ACCESORIO,PLAYSTATION 4 - PS4,711719100393,Dualshock 4 Negro - PS4,1,69.99,69.99
MULTI PLAZA,ACCESORIO,PLAYSTATION 4 - PS4,711719039631,Dualshock 4 Azul - PS4,1,69.99,69.99
MULTI PLAZA,ACCESORIO,PLAYSTATION 4 - PS4,711719039631,Dualshock 4 Azul - PS4,1,69.99,69.99
MULTI PLAZA,ACCESORIO,PLAYSTATION 4 - PS4,711719039631,Dualshock 4 Azul - PS4,1,69.99,69.99
MULTI PLAZA,ACCESORIO,PLAYSTATION 4 - PS4,711719039631,Dualshock 4 Azul - PS4,1,69.99,69.99
MULTI PLAZA,ACCESORIO,PLAYSTATION 4 - PS4,711719039617,Dualshock 4 Rojo - PS4,1,69.99,69.99
MULTI PLAZA,ACCESORIO,PLAYSTATION 4 - PS4,711719100393,Dualshock 4 Negro - PS4,1,69.99,69.99
MULTI PLAZA,ACCESORIO,PLAYSTATION 4 - PS4,711719051473,Dualshock 4 Blanco - PS4,1,69.99,69.99
MULTI PLAZA,ACCESORIO,PLAYSTATION 4 - PS4,711719039617,Dualshock 4 Rojo - PS4,1,69.99,69.99
MULTI PLAZA,ACCESORIO,PLAYSTATION 4 - PS4,711719039631,Dualshock 4 Azul - PS4,1,69.99,69.99
MULTI PLAZA,ACCESORIO,PLAYSTATION 4 - PS4,711719039631,Dualshock 4 Azul - PS4,1,69.99,69.99
MULTI PLAZA,ACCESORIO,PLAYSTATION 4 - PS4,711719051473,Dualshock 4 Blanco - PS4,1,69.99,69.99
MULTI PLAZA,ACCESORIO,PLAYSTATION 4 - PS4,711719039631,Dualshock 4 Azul - PS4,1,69.99,69.99
MULTI PLAZA,ACCESORIO,PLAYSTATION 4 - PS4,711719100393,Dualshock 4 Negro - PS4,1,69.99,69.99
MULTI PLAZA,ACCESORIO,PLAYSTATION 4 - PS4,711719039617,Dualshock 4 Rojo - PS4,1,69.99,69.99
MULTI PLAZA,ACCESORIO,PLAYSTATION 4 - PS4,711719051473,Dualshock 4 Blanco - PS4,1,69.99,69.99
MULTI PLAZA,ACCESORIO,PLAYSTATION 4 - PS4,711719039631,Dualshock 4 Azul - PS4,1,69.99,69.99
MULTI PLAZA,ACCESORIO,PLAYSTATION 4 - PS4,711719039617,Dualshock 4 Rojo - PS4,-1,69.99,-69.99
MULTI PLAZA,ACCESORIO,PLAYSTATION 4 - PS4,711719039631,Dualshock 4 Azul - PS4,1,69.99,69.99
MULTI PLAZA,ACCESORIO,PLAYSTATION 4 - PS4,711719100393,Dualshock 4 Negro - PS4,1,69.99,69.99
MULTI PLAZA,ACCESORIO,PLAYSTATION 4 - PS4,711719039631,Dualshock 4 Azul - PS4,1,69.99,69.99
MULTI PLAZA,ACCESORIO,PLAYSTATION 4 - PS4,711719039617,Dualshock 4 Rojo - PS4,1,69.99,69.99
MULTI PLAZA,ACCESORIO,PLAYSTATION 4 - PS4,711719039617,Dualshock 4 Rojo - PS4,1,69.99,69.99
MULTI PLAZA,ACCESORIO,PLAYSTATION 4 - PS4,711719039617,Dualshock 4 Rojo - PS4,1,69.99,69.99
MULTI PLAZA,ACCESORIO,PLAYSTATION 4 - PS4,711719039617,Dualshock 4 Rojo - PS4,1,69.99,69.99
MULTI PLAZA,ACCESORIO,PLAYSTATION 4 - PS4,711719039631,Dualshock 4 Azul - PS4,1,69.99,69.99
MULTI PLAZA,ACCESORIO,PLAYSTATION 4 - PS4,711719039617,Dualshock 4 Rojo - PS4,1,69.99,69.99
MULTI PLAZA,VIDEO JUEGO,PLAYSTATION 4- PS4,711719051817,The Last of Us PS4,1,0.01,0.01
MULTI PLAZA,ACCESORIO,PLAYSTATION 4 - PS4,711719039617,Dualshock 4 Rojo - PS4,1,69.99,69.99
MULTI PLAZA,ACCESORIO,PLAYSTATION 4 - PS4,711719100393,Dualshock 4 Negro - PS4,1,69.99,69.99
MULTI PLAZA,ACCESORIO,PLAYSTATION 4 - PS4,711719051473,Dualshock 4 Blanco - PS4,1,69.99,69.99
MULTI PLAZA,ACCESORIO,PLAYSTATION 4 - PS4,711719039617,Dualshock 4 Rojo - PS4,1,69.99,69.99
MULTI PLAZA,ACCESORIO,PLAYSTATION 4 - PS4,711719051473,Dualshock 4 Blanco - PS4,1,69.99,69.99
MULTI PLAZA,ACCESORIO,PLAYSTATION 4 - PS4,711719039631,Dualshock 4 Azul - PS4,1,69.99,69.99
MULTI PLAZA,ACCESORIO,PLAYSTATION 4 - PS4,711719039617,Dualshock 4 Rojo - PS4,1,69.99,69.99
MULTI PLAZA,ACCESORIO,PLAYSTATION 4 - PS4,711719039617,Dualshock 4 Rojo - PS4,1,69.99,69.99
MULTI PLAZA,ACCESORIO,PLAYSTATION 4 - PS4,711719100393,Dualshock 4 Negro - PS4,1,69.99,69.99
MULTI PLAZA,ACCESORIO,PLAYSTATION 4 - PS4,711719100393,Dualshock 4 Negro - PS4,1,69.99,69.99
MULTI PLAZA,VIDEO JUEGO,PLAYSTATION 4- PS4,711719501381,Uncharted The Nathan Dra. PS4,1,69.99,69.99
MULTI PLAZA,VIDEO JUEGO,PLAYSTATION 4- PS4,711719051817,The Last of Us PS4,1,59.99,59.99
MULTI PLAZA,VIDEO JUEGO,PLAYSTATION 4- PS4,711719501312,God of war III remast.PS4,1,49.99,49.99
MULTI PLAZA,ACCESORIO,PLAYSTATION 4 - PS4,711719100393,Dualshock 4 Negro - PS4,1,69.99,69.99
MULTI PLAZA,ACCESORIO,PLAYSTATION 4 - PS4,711719100393,Dualshock 4 Negro - PS4,1,69.99,69.99
MULTI PLAZA,ACCESORIO,PLAYSTATION 4 - PS4,711719100393,Dualshock 4 Negro - PS4,1,69.99,69.99
MULTI PLAZA,ACCESORIO,PLAYSTATION 4 - PS4,711719039617,Dualshock 4 Rojo - PS4,1,69.99,69.99
MULTI PLAZA,VIDEO JUEGO,PLAYSTATION 3 - PS3 ,13388340576,Street Figther 4 Arcad FAV PS3,1,19.99,19.99
MULTI PLAZA,VIDEO JUEGO,PLAYSTATION 3 - PS3 ,13388340576,Street Figther 4 Arcad FAV PS3,1,19.99,19.99
MULTI PLAZA,VIDEO JUEGO,PLAYSTATION 3 - PS3 ,711719811121,God Of War III FAV - PS3,1,19.99,19.99
MULTI PLAZA,VIDEO JUEGO,PLAYSTATION 3 - PS3 ,711719811121,God Of War III FAV - PS3,1,19.99,19.99
MULTI PLAZA,ACCESORIO,PLAYSTATION 3,711719990000,Dualshock 3 Urban Camo PS3,1,59.99,59.99
MULTI PLAZA,ACCESORIO,PLAYSTATION 3,711719990000,Dualshock 3 Urban Camo PS3,1,59.99,59.99
MULTI PLAZA,ACCESORIO,PLAYSTATION 3,711719984757,Dualshock 3 Azul PS3,1,59.99,59.99
MULTI PLAZA,ACCESORIO,PLAYSTATION 3,711719990000,Dualshock 3 Urban Camo PS3,1,59.99,59.99
MULTI PLAZA,ACCESORIO,PLAYSTATION 3,711719984757,Dualshock 3 Azul PS3,1,59.99,59.99
MULTI PLAZA,CONSOLAS,PLAYSTATION 4 - PS4,711719502470,PS4 Uncharted Collect Bundle ,1,399.99,399.99
MULTI PLAZA,CONSOLAS,PLAYSTATION 4 - PS4,711719503040,PS4 Fifa 16 Bundle,1,499.99,499.99
MULTI PLAZA,CONSOLAS,PLAYSTATION 4 - PS4,711719502470,PS4 Uncharted Collect Bundle ,1,399.99,399.99
MULTI PLAZA,CONSOLAS,PLAYSTATION 4 - PS4,711719502470,PS4 Uncharted Collect Bundle ,1,449.99,449.99
MULTI PLAZA,CONSOLAS,PLAYSTATION 4 - PS4,711719502104,PS4 God of War Bundle,1,499.99,499.99
MULTI PLAZA,CONSOLAS,PLAYSTATION 4 - PS4,711719502470,PS4 Uncharted Collect Bundle ,1,449.99,449.99
MULTI PLAZA,CONSOLAS,PLAYSTATION 4 - PS4,711719502470,PS4 Uncharted Collect Bundle ,1,450.0,450.0
MULTI PLAZA,CONSOLAS,PLAYSTATION 4 - PS4,711719502470,PS4 Uncharted Collect Bundle ,1,450.0,450.0
MULTI PLAZA,CONSOLAS,PLAYSTATION 4 - PS4,711719502470,PS4 Uncharted Collect Bundle ,1,449.99,449.99
MULTI PLAZA,CONSOLAS,PLAYSTATION 4 - PS4,711719502470,PS4 Uncharted Collect Bundle ,1,499.99,499.99
MULTI PLAZA,CONSOLAS,PLAYSTATION 4 - PS4,711719502470,PS4 Uncharted Collect Bundle ,1,499.99,499.99
MULTI PLAZA,CONSOLAS,PLAYSTATION 4 - PS4,711719502470,PS4 Uncharted Collect Bundle ,1,499.99,499.99
MULTI PLAZA,CONSOLAS,PLAYSTATION 4 - PS4,711719502470,PS4 Uncharted Collect Bundle ,1,499.99,499.99
MULTI PLAZA,CONSOLAS,PLAYSTATION 4 - PS4,711719503040,PS4 Fifa 16 Bundle,1,499.99,499.99
MULTI PLAZA,CONSOLAS,PLAYSTATION 4 - PS4,711719502470,PS4 Uncharted Collect Bundle ,1,449.99,449.99
MULTI PLAZA,AUDIFONOS,GAMING,711719100294,Wireless Headset Gold ,1,129.99,129.99
MULTI PLAZA,AUDIFONOS,GAMING,711719100294,Wireless Headset Gold ,1,129.99,129.99
MULTI PLAZA,AUDIFONOS,GAMING,711719100294,Wireless Headset Gold ,1,129.99,129.99
MULTI PLAZA,AUDIFONOS,GAMING,711719100294,Wireless Headset Gold ,1,129.99,129.99
MULTI PLAZA,AUDIFONOS,GAMING,711719100294,Wireless Headset Gold ,1,129.99,129.99
MULTI PLAZA,ACCESORIO,PLAYSTATION 3,711719990062,Dualshock negro PS3,1,59.99,59.99
MULTI PLAZA,ACCESORIO,PLAYSTATION 3,711719984757,Dualshock 3 Azul PS3,1,59.99,59.99
MULTI PLAZA,ACCESORIO,PLAYSTATION 3,711719984757,Dualshock 3 Azul PS3,1,59.99,59.99
MULTI PLAZA,ACCESORIO,PLAYSTATION 3,711719990000,Dualshock 3 Urban Camo PS3,1,59.99,59.99
MULTI PLAZA,CONSOLAS,PLAYSTATION 4 - PS4,711719502470,PS4 Uncharted Collect Bundle ,1,449.99,449.99
MULTI PLAZA,CONSOLAS,PLAYSTATION 4 - PS4,711719502470,PS4 Uncharted Collect Bundle ,1,449.99,449.99
MULTI PLAZA,CONSOLAS,PLAYSTATION 4 - PS4,711719502470,PS4 Uncharted Collect Bundle ,1,449.99,449.99
MULTI PLAZA,CONSOLAS,PLAYSTATION 4 - PS4,711719502470,PS4 Uncharted Collect Bundle ,1,499.99,499.99
MULTI PLAZA,CONSOLAS,PLAYSTATION 4 - PS4,711719502470,PS4 Uncharted Collect Bundle ,1,499.99,499.99
MULTI PLAZA,CONSOLAS,PLAYSTATION 4 - PS4,711719503040,PS4 Fifa 16 Bundle,1,499.99,499.99
MULTI PLAZA,CONSOLAS,PLAYSTATION 4 - PS4,711719502470,PS4 Uncharted Collect Bundle ,1,499.99,499.99
MULTI PLAZA,CONSOLAS,PLAYSTATION 4 - PS4,711719502470,PS4 Uncharted Collect Bundle ,1,499.99,499.99
MULTI PLAZA,CONSOLAS,PLAYSTATION 4 - PS4,711719501985,PS4 Star Wars Bundle,1,549.99,549.99
MULTI PLAZA,VIDEO JUEGO,PLAYSTATION 4- PS4,711719047315,Uncharted 4 A Thief's End PS4,1,69.99,69.99
MULTI PLAZA,VIDEO JUEGO,PLAYSTATION 4- PS4,711719501312,God of war III remast.PS4,1,49.99,49.99
MULTI PLAZA,VIDEO JUEGO,PLAYSTATION 4- PS4,711719501381,Uncharted The Nathan Dra. PS4,1,69.99,69.99
MULTI PLAZA,VIDEO JUEGO,PLAYSTATION 4- PS4,711719501381,Uncharted The Nathan Dra. PS4,1,69.99,69.99
MULTI PLAZA,VIDEO JUEGO,PLAYSTATION 4- PS4,711719501381,Uncharted The Nathan Dra. PS4,1,69.99,69.99
MULTI PLAZA,VIDEO JUEGO,PLAYSTATION 4- PS4,711719100461,Infamous Second Son PS4,1,49.99,49.99
 S13,No data,No data,No data,No data,295,,14506.14
S13,ACCESORIO,NINTENDO WIIU,873124005509,Silicone procte Super M. Wiiu ,1,9.99,9.99
S13,VIDEO JUEGO,NINTENDO WII U,45496903008,Nintendo land Wiiu,1,69.99,69.99
S13,ACCESORIO,PLAYSTATION 4 - PS4,617885007323,USB Charging Cable PS4/PSVITA,1,15.99,15.99
S13,ACCESORIO,PLAYSTATION 4 - PS4,804551664724,Thumb Grips Black PS4 - XB1,1,4.99,4.99
S13,VIDEO JUEGO,PLAYSTATION 3 - PS3 ,722674111560,Dragon Ball Xenoverse PS3,1,59.99,59.99
S13,VIDEO JUEGO,PLAYSTATION 4- PS4,712725027582,Disney Infinity 3.0 S.P  PS4,1,89.99,89.99
S13,VIDEO JUEGO,PLAYSTATION 4- PS4,14633735499,Fifa 16 PS4,1,59.99,59.99
S13,ACCESORIO,PLAYSTATION 4 - PS4,804551664649,Thumb Grips orange PS4 ,1,9.99,9.99
S13,ACCESORIO,PLAYSTATION 4 - PS4,804551664649,Thumb Grips orange PS4 ,1,9.99,9.99
S13,ACCESORIO,PLAYSTATION 4 - PS4,804551664649,Thumb Grips orange PS4 ,1,9.99,9.99
S13,ACCESORIO,PLAYSTATION 4 - PS4,804551664649,Thumb Grips orange PS4 ,1,4.99,4.99
S13,VIDEO JUEGO,PLAYSTATION 3 - PS3 ,711719052722,Silent Hill HD Col FAV PS3,1,19.99,19.99
S13,VIDEO JUEGO,PLAYSTATION 3 - PS3 ,711719817727,Sport Champions PS3,1,19.99,19.99
S13,VIDEO JUEGO,PLAYSTATION 4- PS4,722674120388,Naruto Shippuden UNS4 PS4,1,69.99,69.99
S13,VIDEO JUEGO,PLAYSTATION 4- PS4,722674120388,Naruto Shippuden UNS4 PS4,1,69.99,69.99
S13,VIDEO JUEGO,PLAYSTATION 4- PS4,722674120388,Naruto Shippuden UNS4 PS4,1,69.99,69.99
S13,VIDEO JUEGO,PLAYSTATION 4- PS4,722674120388,Naruto Shippuden UNS4 PS4,1,69.99,69.99
S13,VIDEO JUEGO,PLAYSTATION 4- PS4,722674120388,Naruto Shippuden UNS4 PS4,1,69.99,69.99
S13,VIDEO JUEGO,PLAYSTATION 4- PS4,14633735499,Fifa 16 PS4,1,59.99,59.99
S13,VIDEO JUEGO,PLAYSTATION 4- PS4,14633735499,Fifa 16 PS4,-1,60.0,-60.0
S13,VIDEO JUEGO,PLAYSTATION 4- PS4,13388937028,Street Fighter V - PS4,1,69.99,69.99
S13,VIDEO JUEGO,PLAYSTATION 4- PS4,14633735499,Fifa 16 PS4,1,59.99,59.99
S13,VIDEO JUEGO,PLAYSTATION 4- PS4,712725027582,Disney Infinity 3.0 S.P  PS4,1,89.99,89.99
S13,VIDEO JUEGO,PLAYSTATION 4- PS4,848466000406,Tropico 5 PS4,1,69.99,69.99
S13,VIDEO JUEGO,PLAYSTATION 4- PS4,14633368277,UFC PS4 ,1,59.99,59.99
S13,VIDEO JUEGO,PLAYSTATION 4- PS4,722674120166,Dragon Ball Xenoverse PS4,1,69.99,69.99
S13,VIDEO JUEGO,PLAYSTATION 4- PS4,14633370461,Star Wars Battlefront PS4,1,69.99,69.99
S13,VIDEO JUEGO,XBOX ONE,887256014728,Rainbow Six XONE,1,59.99,59.99
S13,VIDEO JUEGO,PLAYSTATION 4- PS4,13388937028,Street Fighter V - PS4,1,69.99,69.99
S13,VIDEO JUEGO,PLAYSTATION 4- PS4,14633735499,Fifa 16 PS4,2,60.0,120.0
S13,AUDIFONOS,GAMING,711719051527,Silver Wired  Sterio PS4,1,49.99,49.99
S13,VIDEO JUEGO,PLAYSTATION 4- PS4,887256300340,Assassins Creed Unity PS4,1,39.99,39.99
S13,CONSOLAS,PS VITA,711719050681,PS Vita 2.0 Borderland 2,1,249.99,249.99
S13,CONSOLAS,PS VITA,711719050681,PS Vita 2.0 Borderland 2,1,249.99,249.99
S13,CONSOLAS,PS VITA,711719050681,PS Vita 2.0 Borderland 2,-1,249.99,-249.99
S13,CONSOLAS,PLAYSTATION 4 - PS4,711719500810,PS4  The last of us ,1,449.99,449.99
S13,CONSOLAS,PLAYSTATION 4 - PS4,711719500810,PS4  The last of us ,-1,499.99,-499.99
S13,VIDEO JUEGO,XBOX 360,887256000158,Assassin Creed Rogue XBOX,-1,39.99,-39.99
S13,VIDEO JUEGO,NINTENDO 3DS,45496742157,Luigis Mansión SEL 3DS,1,46.73,46.73
S13,VIDEO JUEGO,PLAYSTATION 3 - PS3 ,47875874367,COD Black Ops I + II C. PS3,1,49.99,49.99
S13,VIDEO JUEGO,PLAYSTATION 3 - PS3 ,47875874367,COD Black Ops I + II C. PS3,1,49.99,49.99
S13,VIDEO JUEGO,PS VITA,711719220268,Uncharted Golden Abyss PSV,1,29.99,29.99
S13,VIDEO JUEGO,PLAYSTATION 3 - PS3 ,47875874367,COD Black Ops I + II C. PS3,1,49.99,49.99
S13,VIDEO JUEGO,PLAYSTATION 4- PS4,887256015084,Assassins Creed Syndicate- PS4,1,69.99,69.99
S13,VIDEO JUEGO,NINTENDO Wii,14633195910,NFS The Run Wii,1,29.99,29.99
S13,VIDEO JUEGO,PLAYSTATION 4- PS4,883929404896,The Lego Movie Videogame PS4,1,29.99,29.99
S13,VIDEO JUEGO,PLAYSTATION 4- PS4,711719053293,Minecraft PS4,1,29.99,29.99
S13,VIDEO JUEGO,PLAYSTATION 4- PS4,711719053293,Minecraft PS4,1,29.99,29.99
S13,VIDEO JUEGO,PS VITA,83717260714,Metal Gear Solid HD Collec PSV,1,49.99,49.99
S13,VIDEO JUEGO,PS VITA,711719220602,Allstars Battle Royale PSVITA,1,0.01,0.01
S13,VIDEO JUEGO,PS VITA,711719220602,Allstars Battle Royale PSVITA,1,0.01,0.01
S13,VIDEO JUEGO,NINTENDO WII U,712725027612,Disney Infinity 3.0 S.P  Wii U,1,89.99,89.99
S13,VIDEO JUEGO,NINTENDO WII U,815403010620,Kun Fu Panda Shawdown Wiiu,1,59.99,59.99
S13,ACCESORIO,TOYS 2 LIFE,712725027162,Disney infinity 3.0 Darth Vade,1,19.99,19.99
S13,VIDEO JUEGO,NINTENDO 3DS,662248916576,Final fantasy Explorers 3DS ,1,49.99,49.99
S13,VIDEO JUEGO,NINTENDO 3DS,815403010767,Monster High new ghoul 3DS,1,39.99,39.99
S13,VIDEO JUEGO,NINTENDO 3DS,883929474189,Lego marvel avengers 3DS,1,39.99,39.99
S13,VIDEO JUEGO,NINTENDO 3DS,883929419258,Lego Ninjago 3DS,1,29.99,29.99
S13,VIDEO JUEGO,NINTENDO 3DS,883929474189,Lego marvel avengers 3DS,1,39.99,39.99
S13,VIDEO JUEGO,PLAYSTATION 3 - PS3 ,14633152753,NFS Carbon - PS3,1,29.99,29.99
S13,VIDEO JUEGO,PLAYSTATION 3 - PS3 ,14633735444,Fifa 16 PS3,1,59.99,59.99
S13,VIDEO JUEGO,PLAYSTATION 3 - PS3 ,83717203087,PES 16-PS3,1,59.99,59.99
S13,VIDEO JUEGO,PLAYSTATION 3 - PS3 ,14633735444,Fifa 16 PS3,1,59.99,59.99
S13,ACCESORIO,TARJETAS,711719478102,PSN $20,1,29.99,29.99
S13,ACCESORIO,TARJETAS,711719432500,PSN $10,1,15.99,15.99
S13,ACCESORIO,TARJETAS,711719432500,PSN $10,1,16.0,16.0
S13,ACCESORIO,TARJETAS,711719478102,PSN $20,1,30.0,30.0
S13,ACCESORIO,TARJETAS,711719432500,PSN $10,3,15.99,47.97
S13,ACCESORIO,TARJETAS,799366114901,Nintendo eShop $10,2,15.99,31.98
S13,ACCESORIO,TARJETAS,711719478102,PSN $20,1,29.99,29.99
S13,ACCESORIO,TARJETAS,799366086444,Google Play $15,2,19.99,39.98
S13,ACCESORIO,TARJETAS,799366114901,Nintendo eShop $10,1,15.99,15.99
S13,ACCESORIO,TARJETAS,711719478102,PSN $20,1,29.99,29.99
S13,VIDEO JUEGO,PLAYSTATION 4- PS4,83717203063,PES 16 PS4,1,34.99,34.99
S13,VIDEO JUEGO,PLAYSTATION 4- PS4,722674120388,Naruto Shippuden UNS4 PS4,1,69.99,69.99
S13,VIDEO JUEGO,PLAYSTATION 4- PS4,722674120388,Naruto Shippuden UNS4 PS4,1,69.99,69.99
S13,VIDEO JUEGO,PS VITA,14633368055,Fifa 15 PSVITA ,1,36.99,36.99
S13,VIDEO JUEGO,PS VITA,883929474240,Lego marvel avengers PSVITA,1,39.99,39.99
S13,VIDEO JUEGO,PLAYSTATION 3 - PS3 ,722674110501,Dragon Ball U.Tenkaichi PS3,1,49.99,49.99
S13,VIDEO JUEGO,PLAYSTATION 3 - PS3 ,883929331246,Injustice Gods Among UL PS3,1,39.99,39.99
S13,VIDEO JUEGO,XBOX ONE,722674220248,Naruto Shippuden UNS4 XONE,1,62.99,62.99
S13,VIDEO JUEGO,XBOX ONE,728658046484,RB Software + Guitar XONE,1,139.99,139.99
S13,VIDEO JUEGO,PLAYSTATION 3 - PS3 ,710425473043,GTA V PS3,1,59.99,59.99
S13,VIDEO JUEGO,PLAYSTATION 3 - PS3 ,710425473043,GTA V PS3,1,59.99,59.99
S13,VIDEO JUEGO,NINTENDO 3DS,883929326945,Lego Chima  3DS,1,0.01,0.01
S13,VIDEO JUEGO,NINTENDO 3DS,883929326945,Lego Chima  3DS,1,0.01,0.01
S13,VIDEO JUEGO,XBOX 360,14633194944,Fight Night Champion - XBOX360,1,29.99,29.99
S13,VIDEO JUEGO,XBOX 360,14633732726,BattleField Hard.L Xbo360,1,49.99,49.99
S13,VIDEO JUEGO,XBOX ONE,885370928518,Halo 5: Guardians XONE,1,69.99,69.99
S13,VIDEO JUEGO,XBOX ONE,40198002615,Dead or Alive 5 Last R. XONE,1,29.99,29.99
S13,VIDEO JUEGO,XBOX ONE,14633369427,Star Wars Battlefront XONE,1,69.99,69.99
S13,VIDEO JUEGO,XBOX ONE,14633734553,Fifa 16 XONE,1,59.99,59.99
S13,VIDEO JUEGO,XBOX ONE,885370829884,Minecraft XONE,1,29.99,29.99
S13,VIDEO JUEGO,PLAYSTATION 3 - PS3 ,14633154207,NFS  Pro Street - PS3,1,29.99,29.99
S13,VIDEO JUEGO,PLAYSTATION 3 - PS3 ,710425476969,GTA San Andreas  PS3,1,19.99,19.99
S13,VIDEO JUEGO,PLAYSTATION 3 - PS3 ,14633730814,NFS Undercover PS3,1,19.99,19.99
S13,VIDEO JUEGO,PLAYSTATION 3 - PS3 ,8888346258,Assassins Creed: BrotherH- PS3,1,19.99,19.99
S13,VIDEO JUEGO,PLAYSTATION 3 - PS3 ,883929474080,Lego marvel avengers PS3,1,59.99,59.99
S13,VIDEO JUEGO,PLAYSTATION 3 - PS3 ,8888346258,Assassins Creed: BrotherH- PS3,1,29.99,29.99
S13,VIDEO JUEGO,PLAYSTATION 3 - PS3 ,722674111157,Saint Seiya Brave Soldiers PS3,1,29.99,29.99
S13,VIDEO JUEGO,PLAYSTATION 3 - PS3 ,14633730814,NFS Undercover PS3,1,29.99,29.99
S13,VIDEO JUEGO,PLAYSTATION 3 - PS3 ,883929474080,Lego marvel avengers PS3,1,59.99,59.99
S13,VIDEO JUEGO,PLAYSTATION 3 - PS3 ,83717203087,PES 16-PS3,1,24.99,24.99
S13,VIDEO JUEGO,PLAYSTATION 3 - PS3 ,47875840591,COD 4 - PS3,1,19.99,19.99
S13,VIDEO JUEGO,PLAYSTATION 3 - PS3 ,14633154207,NFS  Pro Street - PS3,1,29.99,29.99
S13,VIDEO JUEGO,PLAYSTATION 3 - PS3 ,887256000172,Assassin Creed Rogue PS3,1,39.99,39.99
S13,VIDEO JUEGO,PLAYSTATION 3 - PS3 ,83717203087,PES 16-PS3,1,24.99,24.99
S13,VIDEO JUEGO,PLAYSTATION 3 - PS3 ,14633197457,NFS Most Wanted PS3,1,20.0,20.0
S13,VIDEO JUEGO,NINTENDO 3DS,45496741747,Mario Kart 7 3DS,1,39.99,39.99
S13,VIDEO JUEGO,NINTENDO 3DS,45496743314,Pokemon Super Mystery Dung.3DS,1,49.99,49.99
S13,VIDEO JUEGO,NINTENDO 3DS,45496743598,Mario & Luigi: Paper Jam 3DS,1,49.99,49.99
S13,VIDEO JUEGO,NINTENDO 3DS,45496741983,Mario Tennis Open 3DS,1,49.99,49.99
S13,VIDEO JUEGO,NINTENDO 3DS,45496743598,Mario & Luigi: Paper Jam 3DS,1,49.99,49.99
S13,VIDEO JUEGO,NINTENDO 3DS,45496742928,Pokemon Omega Ruby 3DS,1,46.49,46.49
S13,VIDEO JUEGO,NINTENDO 3DS,47875767904,Angry Bird Star Wars 3DS,1,19.99,19.99
S13,VIDEO JUEGO,NINTENDO 3DS,45496742904,Super Smash Bros 3DS,1,49.99,49.99
S13,VIDEO JUEGO,NINTENDO 3DS,712725023515,Disney Planes 3DS,1,19.99,19.99
S13,CONSOLAS,NINTENDO 3DS,45496781507,NINTENDO NEW 3DSXL RED,1,249.99,249.99
S13,CONSOLAS,NINTENDO 3DS,45496781514,NINTENDO NEW 3DSXL BLACK,1,249.99,249.99
S13,VIDEO JUEGO,NINTENDO 3DS,45496743581,Fire Emblem Fates S.E 3DS,1,89.99,89.99
S13,ACCESORIO,NINTENDO WIIU,45496891091,Wii Remote Plus Negro Wiiu,1,49.99,49.99
S13,ACCESORIO,TARJETAS,799366086444,Google Play $15,1,19.99,19.99
S13,ACCESORIO,TARJETAS,711719432500,PSN $10,1,15.99,15.99
S13,ACCESORIO,TARJETAS,711719478102,PSN $20,1,29.99,29.99
S13,ACCESORIO,TARJETAS,711719432500,PSN $10,5,15.99,79.95
S13,ACCESORIO,TARJETAS,799366552260,PSN $50,1,69.99,69.99
S13,ACCESORIO,TARJETAS,711719478102,PSN $20,1,29.99,29.99
S13,ACCESORIO,TARJETAS,799366114901,Nintendo eShop $10,1,15.99,15.99
S13,ACCESORIO,TARJETAS,799366552260,PSN $50,1,69.99,69.99
S13,ACCESORIO,TARJETAS,711719478102,PSN $20,1,29.99,29.99
S13,ACCESORIO,TARJETAS,889842063998,Xbox Live 12 Month,1,79.99,79.99
S13,ACCESORIO,TARJETAS,711719478102,PSN $20,1,29.99,29.99
S13,ACCESORIO,TARJETAS,799366552260,PSN $50,1,69.99,69.99
S13,ACCESORIO,TARJETAS,711719478102,PSN $20,1,29.99,29.99
S13,ACCESORIO,TARJETAS,711719478102,PSN $20,1,29.99,29.99
S13,ACCESORIO,TARJETAS,711719478102,PSN $20,1,29.99,29.99
S13,ACCESORIO,TARJETAS,799366086444,Google Play $15,1,19.99,19.99
S13,ACCESORIO,TARJETAS,711719478102,PSN $20,-1,29.99,-29.99
S13,ACCESORIO,TARJETAS,711719478102,PSN $20,1,29.99,29.99
S13,ACCESORIO,TARJETAS,799366086444,Google Play $15,2,19.99,39.98
S13,VIDEO JUEGO,PLAYSTATION 4- PS4,722674120388,Naruto Shippuden UNS4 PS4,1,69.99,69.99
S13,VIDEO JUEGO,PLAYSTATION 4- PS4,722674120388,Naruto Shippuden UNS4 PS4,1,69.99,69.99
S13,VIDEO JUEGO,PLAYSTATION 4- PS4,722674120388,Naruto Shippuden UNS4 PS4,1,69.99,69.99
S13,VIDEO JUEGO,PLAYSTATION 4- PS4,722674120388,Naruto Shippuden UNS4 PS4,1,69.99,69.99
S13,VIDEO JUEGO,PLAYSTATION 4- PS4,710425475290,GTA V PS4,1,69.99,69.99
S13,VIDEO JUEGO,PLAYSTATION 4- PS4,722674120388,Naruto Shippuden UNS4 PS4,1,69.99,69.99
S13,VIDEO JUEGO,PLAYSTATION 4- PS4,722674120388,Naruto Shippuden UNS4 PS4,1,69.99,69.99
S13,VIDEO JUEGO,PLAYSTATION 4- PS4,722674120388,Naruto Shippuden UNS4 PS4,1,69.99,69.99
S13,VIDEO JUEGO,PLAYSTATION 4- PS4,83717203063,PES 16 PS4,1,69.99,69.99
S13,VIDEO JUEGO,PLAYSTATION 4- PS4,710425475290,GTA V PS4,1,69.99,69.99
S13,VIDEO JUEGO,PLAYSTATION 4- PS4,83717203063,PES 16 PS4,1,34.99,34.99
S13,VIDEO JUEGO,PLAYSTATION 3 - PS3 ,14633195866,NFS The Run - PS3,1,29.99,29.99
S13,VIDEO JUEGO,PS VITA,859204005010,Hyperdimension Neptunia Psvita,1,19.99,19.99
S13,ACCESORIO,TOYS 2 LIFE,712725027018,Disney infinity 3.0 Chewbacca,1,19.99,19.99
S13,ACCESORIO,TOYS 2 LIFE,712725027285,Disney infinity 3.0 Power Disc,1,9.99,9.99
S13,ACCESORIO,TOYS 2 LIFE,712725025816,Disney infinity 2.0 DonaldDuck,1,19.99,19.99
S13,ACCESORIO,TOYS 2 LIFE,712725027476,Disney infinity 3.0 Hulkbuster,1,19.99,19.99
S13,ACCESORIO,NINTENDO WIIU,45496891046,Nunchuk Negro Wiiu,1,24.99,24.99
S13,VIDEO JUEGO,XBOX ONE,47875874688,COD BLACK OPS III XONE,1,69.99,69.99
S13,VIDEO JUEGO,NINTENDO WII U,45496903770,Super mario Tenis Wiiu ,1,59.99,59.99
S13,VIDEO JUEGO,NINTENDO WII U,887256014605,Just Dance 2016 Wii U,1,59.99,59.99
S13,VIDEO JUEGO,NINTENDO WII U,45496903367,Mario Kart 8 Wii U,1,69.99,69.99
S13,VIDEO JUEGO,NINTENDO WII U,45496903404,Super Smash Bros Wii U,1,59.99,59.99
S13,VIDEO JUEGO,NINTENDO WII U,45496903176,Zelda The Wind Waker Wii U,1,59.99,59.99
S13,VIDEO JUEGO,NINTENDO WII U,45496903527,Splatoon Wii U,2,34.995,69.99
S13,VIDEO JUEGO,NINTENDO WII U,45496903466,Bayonetta 2 Wii u,1,69.99,69.99
S13,VIDEO JUEGO,NINTENDO WII U,45496903756,Super Mario Maker Wii U,1,69.99,69.99
S13,VIDEO JUEGO,NINTENDO WII U,45496903404,Super Smash Bros Wii U,1,69.99,69.99
S13,VIDEO JUEGO,NINTENDO WII U,45496903190,Donkey Kong Coun T.F SEL WiiU,1,59.99,59.99
S13,VIDEO JUEGO,NINTENDO WII U,887256014605,Just Dance 2016 Wii U,1,39.99,39.99
S13,VIDEO JUEGO,NINTENDO WII U,45496903213,Super Mario 3D World SEL Wiiu,1,69.99,69.99
S13,VIDEO JUEGO,NINTENDO WII U,45496903664,Xenoblade Chronicles X Wiii U,1,69.99,69.99
S13,VIDEO JUEGO,NINTENDO WII U,45496903701,Mario Party 10 bundle Wii U,1,69.99,69.99
S13,VIDEO JUEGO,PLAYSTATION 3 - PS3 ,47875874565,COD BLACK OPS III PS3,1,49.99,49.99
S13,VIDEO JUEGO,PLAYSTATION 3 - PS3 ,47875874565,COD BLACK OPS III PS3,1,59.99,59.99
S13,VIDEO JUEGO,PLAYSTATION 3 - PS3 ,47875874565,COD BLACK OPS III PS3,1,59.99,59.99
S13,VIDEO JUEGO,NINTENDO Wii,887256014599,Just Dance 2016- Wii,1,49.99,49.99
S13,VIDEO JUEGO,NINTENDO Wii,887256014599,Just Dance 2016- Wii,-1,49.99,-49.99
S13,VIDEO JUEGO,NINTENDO Wii,887256014599,Just Dance 2016- Wii,1,49.99,49.99
S13,VIDEO JUEGO,NINTENDO Wii,887256014599,Just Dance 2016- Wii,1,49.99,49.99
S13,VIDEO JUEGO,NINTENDO Wii,887256014599,Just Dance 2016- Wii,1,49.99,49.99
S13,ACCESORIO,NINTENDO WII,45496891534,Wii Remote Plus Peach,1,49.99,49.99
S13,ACCESORIO,NINTENDO WII,45496891534,Wii Remote Plus Peach,-1,49.99,-49.99
S13,VIDEO JUEGO,PLAYSTATION 4- PS4,722674120388,Naruto Shippuden UNS4 PS4,1,69.99,69.99
S13,VIDEO JUEGO,PLAYSTATION 4- PS4,722674120388,Naruto Shippuden UNS4 PS4,1,69.99,69.99
S13,VIDEO JUEGO,PLAYSTATION 4- PS4,722674120388,Naruto Shippuden UNS4 PS4,1,69.99,69.99
S13,VIDEO JUEGO,PLAYSTATION 4- PS4,83717203063,PES 16 PS4,1,34.99,34.99
S13,ACCESORIO,TOYS 2 LIFE,712725027117,Disney infinity 3.0 Ultron,1,19.99,19.99
S13,ACCESORIO,TOYS 2 LIFE,712725026936,Disney infinity 3.0 Zeb Orreli,1,19.99,19.99
S13,ACCESORIO,TOYS 2 LIFE,712725027117,Disney infinity 3.0 Ultron,1,19.99,19.99
S13,ACCESORIO,TOYS 2 LIFE,712725027049,Disney infinity 3.0 Inside Out,1,49.99,49.99
S13,ACCESORIO,TARJETAS,711719478102,PSN $20,1,26.99,26.99
S13,VIDEO JUEGO,PLAYSTATION 4- PS4,722674120388,Naruto Shippuden UNS4 PS4,1,69.99,69.99
S13,ACCESORIO,NINTENDO WII,45496891534,Wii Remote Plus Peach,1,49.99,49.99
S13,ACCESORIO,NINTENDO WII,45496891534,Wii Remote Plus Peach,1,49.99,49.99
S13,ACCESORIO,TARJETAS,711719478102,PSN $20,2,29.99,59.98
S13,VIDEO JUEGO,XBOX 360,885370307993,Gears of War 3 - XBOX360,1,29.99,29.99
S13,VIDEO JUEGO,PLAYSTATION 4- PS4,47875874602,COD BLACK OPS III PS4,1,69.99,69.99
S13,VIDEO JUEGO,PLAYSTATION 4- PS4,47875874602,COD BLACK OPS III PS4,1,65.42,65.42
S13,VIDEO JUEGO,PLAYSTATION 4- PS4,887256014582,Just Dance 2016 PS4,1,59.99,59.99
S13,VIDEO JUEGO,PLAYSTATION 4- PS4,47875874831,GH Software + Guitar  PS4,1,129.99,129.99
S13,VIDEO JUEGO,PLAYSTATION 4- PS4,47875874602,COD BLACK OPS III PS4,1,69.99,69.99
S13,VIDEO JUEGO,PLAYSTATION 4- PS4,47875874602,COD BLACK OPS III PS4,1,69.99,69.99
S13,VIDEO JUEGO,PLAYSTATION 4- PS4,47875874602,COD BLACK OPS III PS4,1,69.99,69.99
S13,VIDEO JUEGO,PLAYSTATION 4- PS4,47875874602,COD BLACK OPS III PS4,1,69.99,69.99
S13,VIDEO JUEGO,PLAYSTATION 4- PS4,47875874602,COD BLACK OPS III PS4,1,69.99,69.99
S13,VIDEO JUEGO,PLAYSTATION 4- PS4,887256014582,Just Dance 2016 PS4,1,59.99,59.99
S13,VIDEO JUEGO,PLAYSTATION 4- PS4,887256014582,Just Dance 2016 PS4,1,59.99,59.99
S13,VIDEO JUEGO,PLAYSTATION 4- PS4,47875874602,COD BLACK OPS III PS4,1,65.42,65.42
S13,VIDEO JUEGO,PLAYSTATION 4- PS4,47875874602,COD BLACK OPS III PS4,1,69.99,69.99
S13,VIDEO JUEGO,PLAYSTATION 4- PS4,47875874602,COD BLACK OPS III PS4,1,59.99,59.99
S13,ACCESORIO,TOYS 2 LIFE,45496892715,Amiibo Lucas,1,19.99,19.99
S13,ACCESORIO,TOYS 2 LIFE,45496892043,Amiibo Super Bowser,1,19.99,19.99
S13,ACCESORIO,TOYS 2 LIFE,45496891817,Amiibo Lucario,1,19.99,19.99
S13,ACCESORIO,TOYS 2 LIFE,45496892340,Amiibo Falco,1,19.99,19.99
S13,ACCESORIO,TOYS 2 LIFE,45496892715,Amiibo Lucas,1,19.99,19.99
S13,ACCESORIO,TOYS 2 LIFE,45496892067,Amiibo Super mario Plata,1,19.99,19.99
S13,ACCESORIO,TOYS 2 LIFE,45496891947,Amiibo Shulk,1,19.99,19.99
S13,ACCESORIO,TOYS 2 LIFE,45496891855,Amiibo Capitan Falcon ,1,19.99,19.99
S13,ACCESORIO,TOYS 2 LIFE,45496892449,Amiibo Smash Retro 3 Pack ,1,45.0,45.0
S13,ACCESORIO,TOYS 2 LIFE,45496892517,Amiibo Mario Modern color,1,19.99,19.99
S13,ACCESORIO,TOYS 2 LIFE,45496891657,Amiibo Mario ,1,14.99,14.99
S13,ACCESORIO,TOYS 2 LIFE,45496891817,Amiibo Lucario,1,19.99,19.99
S13,ACCESORIO,TOYS 2 LIFE,45496891855,Amiibo Capitan Falcon ,1,19.99,19.99
S13,ACCESORIO,TOYS 2 LIFE,45496891947,Amiibo Shulk,1,19.99,19.99
S13,ACCESORIO,PLAYSTATION 4 - PS4,849172001787,Thumb Grips PS4 ,1,4.99,4.99
S13,ACCESORIO,PLAYSTATION 4 - PS4,849172003071,Siliconeskin azul controll PS4,1,9.99,9.99
S13,ACCESORIO,PLAYSTATION 4 - PS4,849172001787,Thumb Grips PS4 ,1,12.99,12.99
S13,ACCESORIO,PLAYSTATION 4 - PS4,849172003064,Siliconeskin negrocontroll PS4,2,10.0,20.0
S13,ACCESORIO,PLAYSTATION 4 - PS4,849172003071,Siliconeskin azul controll PS4,1,9.99,9.99
S13,AUDIFONOS,GAMING,728658041731,Headset Wired Kunai Rojo,1,79.99,79.99
S13,AUDIFONOS,GAMING,728658042066,Headset Kama PS4,1,39.99,39.99
S13,ACCESORIO,PSVita,849172004467,Ac Adacter Psvita KMD,1,19.99,19.99
S13,ACCESORIO,PSVita,849172004467,Ac Adacter Psvita KMD,-1,19.99,-19.99
S13,ACCESORIO,PSVita,849172003644,Ac Adacter Psvita,1,19.99,19.99
S13,ACCESORIO,PSVita,708056004958,Trigger Grips PSVITA 2000,-1,19.99,-19.99
S13,ACCESORIO,NINTENDO WII,45496891435,Wii Remote Plus Mario,1,49.99,49.99
S13,ACCESORIO,NINTENDO WII,45496891435,Wii Remote Plus Mario,1,49.99,49.99
S13,ACCESORIO,NINTENDO WII,45496891435,Wii Remote Plus Mario,1,49.99,49.99
S13,ACCESORIO,NINTENDO WIIU,849172000568,Silicone proctective bla Wiiu ,1,12.99,12.99
S13,ACCESORIO,NINTENDO WIIU,849172001251,Cable cargador KMD - Wiiu,1,12.99,12.99
S13,ACCESORIO,NINTENDO WIIU,849172001251,Cable cargador KMD - Wiiu,1,12.99,12.99
S13,ACCESORIO,XBOX ONE,849172003101,Controller Si. Grip BlacK XO,1,9.99,9.99
S13,ACCESORIO,XBOX 360,885370769050,Play & Charge KIt X360,1,29.99,29.99
S13,ACCESORIO,PLAYSTATION 4 - PS4,711719051503,Dualshock 4 Camo - PS4,1,79.99,79.99
S13,ACCESORIO,PLAYSTATION 4 - PS4,711719051503,Dualshock 4 Camo - PS4,1,79.99,79.99
S13,ACCESORIO,NINTENDO 3DS,617885009761,Starter Kit Zelda 3DS,1,29.99,29.99
S13,ACCESORIO,NINTENDO 3DS,708056054311,Clip Armor Super mario New3dsx,1,19.99,19.99
S13,ACCESORIO,NINTENDO 3DS,708056054311,Clip Armor Super mario New3dsx,1,19.99,19.99
S13,ACCESORIO,NINTENDO 3DS,617885009723,Neoprene icon Case 3DSXL,1,9.99,9.99
S13,ACCESORIO,NINTENDO 3DS,708056054311,Clip Armor Super mario New3dsx,1,19.99,19.99
S13,ACCESORIO,NINTENDO 3DS,617885009761,Starter Kit Zelda 3DS,1,26.99,26.99
S13,ACCESORIO,NINTENDO WIIU,617885007378,Wii Wheel Mario kart 8 Wiiu,1,15.99,15.99
S13,ACCESORIO,NINTENDO WIIU,849172001251,Cable cargador KMD - Wiiu,1,12.99,12.99
S13,ACCESORIO,NINTENDO WIIU,849172000551,Silicone proctective Whi Wiiu ,1,12.99,12.99
S13,ACCESORIO,NINTENDO WIIU,849172001251,Cable cargador KMD - Wiiu,1,12.99,12.99
S13,ACCESORIO,PLAYSTATION 4 - PS4,711719100423,Camara - PS4,1,60.03,60.03
S13,ACCESORIO,PLAYSTATION 4 - PS4,711719051503,Dualshock 4 Camo - PS4,1,74.77,74.77
S13,ACCESORIO,NINTENDO 3DS,617885009761,Starter Kit Zelda 3DS,1,29.99,29.99
S13,VIDEO JUEGO,NINTENDO 3DS,722674700634,Dragon Ball Z extr. butome 3DS,1,49.99,49.99
S13,VIDEO JUEGO,XBOX 360,14633730388,plants vs zombies GW xbox360,-1,39.99,-39.99
S13,VIDEO JUEGO,PLAYSTATION 3 - PS3 ,47875874251,COD Advanced Wa.15 BONU  PS3,1,49.99,49.99
S13,VIDEO JUEGO,NINTENDO 3DS,45496742768,Kirby Triple Deluxe 3DS,1,29.99,29.99
S13,ACCESORIO,NINTENDO 3DS,45496891503,AC Adapter Nintendo 3DS ,1,12.99,12.99
S13,ACCESORIO,NINTENDO 3DS,45496891503,AC Adapter Nintendo 3DS ,1,19.99,19.99
S13,ACCESORIO,TARJETAS,711719039792,PSN Plus 3 Month,1,24.99,24.99
S13,ACCESORIO,TARJETAS,711719039792,PSN Plus 3 Month,1,25.0,25.0
S13,VIDEO JUEGO,PLAYSTATION 3 - PS3 ,711719051343,Minecraft PS3,1,29.99,29.99
S13,ACCESORIO,TARJETAS,711719039792,PSN Plus 3 Month,1,24.99,24.99
S13,ACCESORIO,TARJETAS,711719039792,PSN Plus 3 Month,1,24.99,24.99
S13,VIDEO JUEGO,NINTENDO WII U,10086671063,Sonic Lost World Wiiu,1,59.99,59.99
S13,ACCESORIO,NINTENDO 2DS,873124004809,Screen Protective Filter 2DS,1,9.99,9.99
S13,CONSOLAS,XBOX ONE,889842020083,Xbox One Fallout 4 1TB,1,479.99,479.99
S13,ACCESORIO,TARJETAS,711719039808,PSN Plus 1 Year,1,69.99,69.99
S13,ACCESORIO,TARJETAS,711719039808,PSN Plus 1 Year,1,69.99,69.99
S13,ACCESORIO,TARJETAS,711719039808,PSN Plus 1 Year,1,69.99,69.99
S13,ACCESORIO,TARJETAS,711719039808,PSN Plus 1 Year,1,69.99,69.99
S13,ACCESORIO,TARJETAS,711719039808,PSN Plus 1 Year,1,69.99,69.99
S13,VIDEO JUEGO,PS VITA,883929243488,Mortal Kombat PSV,1,29.99,29.99
S13,VIDEO JUEGO,PS VITA,883929243488,Mortal Kombat PSV,1,29.99,29.99
S13,VIDEO JUEGO,PS VITA,14633197488,NFS Most Wanted PSV,1,49.99,49.99
S13,ACCESORIO,TARJETAS,711719039792,PSN Plus 3 Month,1,24.99,24.99
S13,ACCESORIO,TARJETAS,711719039792,PSN Plus 3 Month,1,24.99,24.99
S13,ACCESORIO,TARJETAS,711719039792,PSN Plus 3 Month,1,24.99,24.99
S13,VIDEO JUEGO,PLAYSTATION 3 - PS3 ,711719051343,Minecraft PS3,1,29.99,29.99
S13,VIDEO JUEGO,PLAYSTATION 3 - PS3 ,711719051343,Minecraft PS3,1,29.99,29.99
S13,VIDEO JUEGO,PLAYSTATION 3 - PS3 ,47875874251,COD Advanced Wa.15 BONU  PS3,1,49.99,49.99
S13,ACCESORIO,PLAYSTATION 4 - PS4,711719039617,Dualshock 4 Rojo - PS4,1,69.99,69.99
S13,ACCESORIO,PLAYSTATION 4 - PS4,711719039631,Dualshock 4 Azul - PS4,1,69.99,69.99
S13,VIDEO JUEGO,PLAYSTATION 4- PS4,711719100461,Infamous Second Son PS4,1,49.99,49.99
S13,VIDEO JUEGO,PLAYSTATION 4- PS4,711719100461,Infamous Second Son PS4,1,49.99,49.99
S13,ACCESORIO,PLAYSTATION 4 - PS4,711719039617,Dualshock 4 Rojo - PS4,1,69.99,69.99
S13,VIDEO JUEGO,PLAYSTATION 3 - PS3 ,722674111911,Saint Seiya Soldiers Soul PS3,1,39.99,39.99
S13,VIDEO JUEGO,PLAYSTATION 3 - PS3 ,722674111911,Saint Seiya Soldiers Soul PS3,1,39.99,39.99
S13,ACCESORIO,PLAYSTATION 3,711719984757,Dualshock 3 Azul PS3,1,59.99,59.99
S13,AUDIFONOS,GAMING,711719100294,Wireless Headset Gold ,1,129.99,129.99
S13,AUDIFONOS,GAMING,711719100294,Wireless Headset Gold ,1,139.99,139.99
S13,VIDEO JUEGO,PLAYSTATION 4- PS4,711719100461,Infamous Second Son PS4,1,49.99,49.99
S13,ACCESORIO,PLAYSTATION 4 - PS4,711719039617,Dualshock 4 Rojo - PS4,1,69.99,69.99
S13,ACCESORIO,PLAYSTATION 4 - PS4,711719039617,Dualshock 4 Rojo - PS4,1,69.99,69.99
S13,CONSOLAS,PLAYSTATION 4 - PS4,711719502470,PS4 Uncharted Collect Bundle ,1,399.99,399.99
S13,CONSOLAS,PLAYSTATION 4 - PS4,711719502470,PS4 Uncharted Collect Bundle ,1,499.99,499.99
 WESTLAND MALL,No data,No data,No data,No data,239,,14117.76
WESTLAND MALL,ACCESORIO,NINTENDO WIIU,4961818024731,WiiU Wheel Mario Plata Wiiu,1,15.99,15.99
WESTLAND MALL,ACCESORIO,NINTENDO 3DS,708056055165,Nerf Armor New 3DSXL,1,29.99,29.99
WESTLAND MALL,ACCESORIO,NINTENDO 3DS,708056055165,Nerf Armor New 3DSXL,1,29.99,29.99
WESTLAND MALL,ACCESORIO,NINTENDO WIIU,45496892456,Wii Remote Plus Bowser,1,49.99,49.99
WESTLAND MALL,ACCESORIO,NINTENDO WIIU,873124005417,WiiU Wheel Link Wiiu HORI,1,15.99,15.99
WESTLAND MALL,VIDEO JUEGO,PLAYSTATION 3 - PS3 ,710425473043,GTA V PS3,1,49.99,49.99
WESTLAND MALL,VIDEO JUEGO,PLAYSTATION 3 - PS3 ,722674111560,Dragon Ball Xenoverse PS3,1,59.99,59.99
WESTLAND MALL,VIDEO JUEGO,PLAYSTATION 3 - PS3 ,710425474064,BorderlandsThe Pre-Seque PS3,1,29.99,29.99
WESTLAND MALL,VIDEO JUEGO,PS VITA,883929474240,Lego marvel avengers PSVITA,1,39.99,39.99
WESTLAND MALL,VIDEO JUEGO,PLAYSTATION 4- PS4,722674120456,Digimon Story Cyber Sleuth PS4,1,69.99,69.99
WESTLAND MALL,VIDEO JUEGO,PLAYSTATION 4- PS4,883929530618,Dying Light the following  PS4,1,62.99,62.99
WESTLAND MALL,VIDEO JUEGO,PLAYSTATION 4- PS4,710425476785,WWE 2k16 -PS4,1,69.99,69.99
WESTLAND MALL,VIDEO JUEGO,PLAYSTATION 4- PS4,662248916514,Dragon Quest Heroes PS4,1,49.99,49.99
WESTLAND MALL,VIDEO JUEGO,PLAYSTATION 4- PS4,662248916682,Life is Strange PS4,1,49.99,49.99
WESTLAND MALL,VIDEO JUEGO,PLAYSTATION 4- PS4,662248916682,Life is Strange PS4,1,44.99,44.99
WESTLAND MALL,VIDEO JUEGO,PLAYSTATION 4- PS4,662248915869,Just Cause 3 PS4,1,69.99,69.99
WESTLAND MALL,VIDEO JUEGO,PLAYSTATION 4- PS4,662248916484,Final Fantasy X/X-2HD L.E  PS4,1,59.99,59.99
WESTLAND MALL,VIDEO JUEGO,PLAYSTATION 4- PS4,14633735499,Fifa 16 PS4,1,59.99,59.99
WESTLAND MALL,CONSOLAS,NINTENDO WII U,45496881733,Nintendo Wiiu Mario Kart 8 DL,1,369.99,369.99
WESTLAND MALL,CONSOLAS,NINTENDO WII U,45496881733,Nintendo Wiiu Mario Kart 8 DL,1,369.99,369.99
WESTLAND MALL,VIDEO JUEGO,PLAYSTATION 3 - PS3 ,883929326976,Lego Marvel Super Heroes PS3,1,29.99,29.99
WESTLAND MALL,VIDEO JUEGO,PLAYSTATION 3 - PS3 ,14633731804,Plants vs Zombies GW PS3,1,39.99,39.99
WESTLAND MALL,VIDEO JUEGO,PS VITA,10086620023,Sonic all stars racing PSVITA,1,29.99,29.99
WESTLAND MALL,VIDEO JUEGO,PLAYSTATION 3 - PS3 ,47875874367,COD Black Ops I + II C. PS3,1,49.99,49.99
WESTLAND MALL,VIDEO JUEGO,PLAYSTATION 3 - PS3 ,14633732290,Battlefield 4 PS3,1,29.99,29.99
WESTLAND MALL,VIDEO JUEGO,PLAYSTATION 3 - PS3 ,47875874367,COD Black Ops I + II C. PS3,1,49.99,49.99
WESTLAND MALL,VIDEO JUEGO,PS VITA,711719220268,Uncharted Golden Abyss PSV,1,29.99,29.99
WESTLAND MALL,VIDEO JUEGO,PLAYSTATION 4- PS4,711719053293,Minecraft PS4,1,29.99,29.99
WESTLAND MALL,VIDEO JUEGO,PLAYSTATION 4- PS4,887256014711,Rainbow Six PS4,1,69.99,69.99
WESTLAND MALL,VIDEO JUEGO,PLAYSTATION 3 - PS3 ,711719811626,Kill Zone 2 FAV - PS3,1,19.99,19.99
WESTLAND MALL,VIDEO JUEGO,PLAYSTATION 3 - PS3 ,711719039198,Bayonetta FAV PS3 ,1,19.99,19.99
WESTLAND MALL,VIDEO JUEGO,NINTENDO 3DS,662248916576,Final fantasy Explorers 3DS ,2,49.99,99.98
WESTLAND MALL,VIDEO JUEGO,PLAYSTATION 3 - PS3 ,710425476969,GTA San Andreas  PS3,1,29.99,29.99
WESTLAND MALL,VIDEO JUEGO,PLAYSTATION 3 - PS3 ,14633735444,Fifa 16 PS3,1,59.99,59.99
WESTLAND MALL,VIDEO JUEGO,PLAYSTATION 3 - PS3 ,14633152753,NFS Carbon - PS3,1,29.99,29.99
WESTLAND MALL,VIDEO JUEGO,NINTENDO 3DS,722674700641,Project X Zone 2 3DS ,1,49.99,49.99
WESTLAND MALL,ACCESORIO,TARJETAS,711719478102,PSN $20,1,29.99,29.99
WESTLAND MALL,ACCESORIO,TARJETAS,711719478102,PSN $20,1,29.99,29.99
WESTLAND MALL,ACCESORIO,TARJETAS,711719478102,PSN $20,1,29.99,29.99
WESTLAND MALL,ACCESORIO,TARJETAS,711719432500,PSN $10,1,15.99,15.99
WESTLAND MALL,ACCESORIO,TARJETAS,711719432500,PSN $10,2,15.99,31.98
WESTLAND MALL,ACCESORIO,TARJETAS,711719432500,PSN $10,1,15.99,15.99
WESTLAND MALL,ACCESORIO,TARJETAS,799366104667,Nintendo eShop $20,1,29.99,29.99
WESTLAND MALL,VIDEO JUEGO,PLAYSTATION 3 - PS3 ,83717203087,PES 16-PS3,1,59.99,59.99
WESTLAND MALL,VIDEO JUEGO,PS VITA,40198002516,Deception IV Blood Ties PSVITA,1,29.99,29.99
WESTLAND MALL,VIDEO JUEGO,PLAYSTATION 3 - PS3 ,710425476556,NBA 2K16 PS3,1,69.99,69.99
WESTLAND MALL,VIDEO JUEGO,PLAYSTATION 3 - PS3 ,710425473043,GTA V PS3,1,59.99,59.99
WESTLAND MALL,VIDEO JUEGO,PLAYSTATION 3 - PS3 ,710425476808,WWE 2k16 -PS3,1,69.99,69.99
WESTLAND MALL,VIDEO JUEGO,PLAYSTATION 3 - PS3 ,883929241309,Mortal Kombat Komplete Ed PS3,1,39.99,39.99
WESTLAND MALL,VIDEO JUEGO,PLAYSTATION 3 - PS3 ,710425476808,WWE 2k16 -PS3,1,69.99,69.99
WESTLAND MALL,VIDEO JUEGO,PLAYSTATION 3 - PS3 ,710425476969,GTA San Andreas  PS3,1,29.99,29.99
WESTLAND MALL,VIDEO JUEGO,PLAYSTATION 3 - PS3 ,14633735444,Fifa 16 PS3,1,59.99,59.99
WESTLAND MALL,VIDEO JUEGO,PLAYSTATION 3 - PS3 ,711719983941,Gran Turismo 5 XL E FAV PS3,1,19.99,19.99
WESTLAND MALL,VIDEO JUEGO,PLAYSTATION 3 - PS3 ,83717203087,PES 16-PS3,1,24.99,24.99
WESTLAND MALL,VIDEO JUEGO,PLAYSTATION 3 - PS3 ,14633197457,NFS Most Wanted PS3,1,29.99,29.99
WESTLAND MALL,VIDEO JUEGO,NINTENDO 3DS,45496743598,Mario & Luigi: Paper Jam 3DS,1,49.99,49.99
WESTLAND MALL,VIDEO JUEGO,NINTENDO 3DS,45496742904,Super Smash Bros 3DS,1,49.99,49.99
WESTLAND MALL,VIDEO JUEGO,NINTENDO 3DS,45496742423,Donkey kong cou returs SEL 3DS,1,39.99,39.99
WESTLAND MALL,VIDEO JUEGO,NINTENDO 3DS,45496741747,Mario Kart 7 3DS,1,39.99,39.99
WESTLAND MALL,VIDEO JUEGO,NINTENDO 3DS,45496743598,Mario & Luigi: Paper Jam 3DS,1,49.99,49.99
WESTLAND MALL,VIDEO JUEGO,NINTENDO 3DS,45496743314,Pokemon Super Mystery Dung.3DS,1,49.99,49.99
WESTLAND MALL,VIDEO JUEGO,NINTENDO 3DS,45496742317,Lego city Undercover SEL 3DS,1,29.99,29.99
WESTLAND MALL,VIDEO JUEGO,NINTENDO 3DS,45496743581,Fire Emblem Fates S.E 3DS,1,89.99,89.99
WESTLAND MALL,VIDEO JUEGO,NINTENDO 3DS,45496743154,Fire Emblem Fates Birth 3DS,1,49.99,49.99
WESTLAND MALL,VIDEO JUEGO,NINTENDO 3DS,45496743154,Fire Emblem Fates Birth 3DS,1,44.99,44.99
WESTLAND MALL,VIDEO JUEGO,NINTENDO 3DS,45496743581,Fire Emblem Fates S.E 3DS,1,89.99,89.99
WESTLAND MALL,CONSOLAS,NINTENDO 3DS,45496781927,NINTENDO NEW 3DSXL Fire Emblem,1,249.99,249.99
WESTLAND MALL,VIDEO JUEGO,NINTENDO 3DS,45496743154,Fire Emblem Fates Birth 3DS,1,49.99,49.99
WESTLAND MALL,VIDEO JUEGO,NINTENDO 3DS,45496743406,Fire Emblem Fates Conquest 3DS,1,49.99,49.99
WESTLAND MALL,VIDEO JUEGO,NINTENDO 3DS,45496743154,Fire Emblem Fates Birth 3DS,1,49.99,49.99
WESTLAND MALL,ACCESORIO,NINTENDO WIIU,45496892470,Wii Remote Plus Yoshi,1,49.99,49.99
WESTLAND MALL,VIDEO JUEGO,PLAYSTATION 4- PS4,722674120388,Naruto Shippuden UNS4 PS4,1,69.99,69.99
WESTLAND MALL,VIDEO JUEGO,PLAYSTATION 4- PS4,722674120388,Naruto Shippuden UNS4 PS4,1,69.99,69.99
WESTLAND MALL,VIDEO JUEGO,PLAYSTATION 4- PS4,722674120388,Naruto Shippuden UNS4 PS4,1,69.99,69.99
WESTLAND MALL,ACCESORIO,TARJETAS,799366114901,Nintendo eShop $10,1,15.99,15.99
WESTLAND MALL,ACCESORIO,TARJETAS,711719432500,PSN $10,2,15.99,31.98
WESTLAND MALL,ACCESORIO,TARJETAS,799366552260,PSN $50,1,62.99,62.99
WESTLAND MALL,ACCESORIO,TARJETAS,711719478102,PSN $20,1,29.99,29.99
WESTLAND MALL,ACCESORIO,TARJETAS,711719432500,PSN $10,1,15.99,15.99
WESTLAND MALL,ACCESORIO,TARJETAS,799366104667,Nintendo eShop $20,2,29.99,59.98
WESTLAND MALL,ACCESORIO,TARJETAS,799366114901,Nintendo eShop $10,1,15.99,15.99
WESTLAND MALL,ACCESORIO,TARJETAS,799366552260,PSN $50,1,69.99,69.99
WESTLAND MALL,ACCESORIO,TARJETAS,711719432500,PSN $10,1,15.99,15.99
WESTLAND MALL,ACCESORIO,TARJETAS,799366114901,Nintendo eShop $10,1,15.99,15.99
WESTLAND MALL,ACCESORIO,TARJETAS,711719432500,PSN $10,1,15.99,15.99
WESTLAND MALL,ACCESORIO,TARJETAS,799366552260,PSN $50,1,69.99,69.99
WESTLAND MALL,VIDEO JUEGO,PLAYSTATION 4- PS4,722674120388,Naruto Shippuden UNS4 PS4,1,69.99,69.99
WESTLAND MALL,VIDEO JUEGO,PLAYSTATION 4- PS4,722674120388,Naruto Shippuden UNS4 PS4,1,69.99,69.99
WESTLAND MALL,VIDEO JUEGO,PLAYSTATION 4- PS4,722674120388,Naruto Shippuden UNS4 PS4,1,69.99,69.99
WESTLAND MALL,VIDEO JUEGO,PLAYSTATION 4- PS4,722674120388,Naruto Shippuden UNS4 PS4,1,69.99,69.99
WESTLAND MALL,VIDEO JUEGO,PLAYSTATION 4- PS4,83717203063,PES 16 PS4,1,34.99,34.99
WESTLAND MALL,AUDIFONOS,GAMING,728658041182,Headset Wireless Kunai Blanco,1,89.99,89.99
WESTLAND MALL,VIDEO JUEGO,PLAYSTATION 4- PS4,722674120388,Naruto Shippuden UNS4 PS4,1,69.99,69.99
WESTLAND MALL,VIDEO JUEGO,PLAYSTATION 4- PS4,722674120388,Naruto Shippuden UNS4 PS4,1,62.99,62.99
WESTLAND MALL,VIDEO JUEGO,PLAYSTATION 4- PS4,710425476570,NBA 2K16 PS4,1,69.99,69.99
WESTLAND MALL,VIDEO JUEGO,PLAYSTATION 4- PS4,722674120388,Naruto Shippuden UNS4 PS4,1,69.99,69.99
WESTLAND MALL,VIDEO JUEGO,PLAYSTATION 4- PS4,722674120388,Naruto Shippuden UNS4 PS4,1,69.99,69.99
WESTLAND MALL,VIDEO JUEGO,PLAYSTATION 4- PS4,722674120371,J-STARS VICTORY + PS4,1,69.99,69.99
WESTLAND MALL,VIDEO JUEGO,PLAYSTATION 4- PS4,722674120388,Naruto Shippuden UNS4 PS4,1,69.99,69.99
WESTLAND MALL,VIDEO JUEGO,PLAYSTATION 4- PS4,722674120388,Naruto Shippuden UNS4 PS4,1,69.99,69.99
WESTLAND MALL,VIDEO JUEGO,PLAYSTATION 4- PS4,722674120388,Naruto Shippuden UNS4 PS4,1,69.99,69.99
WESTLAND MALL,VIDEO JUEGO,PLAYSTATION 4- PS4,83717203063,PES 16 PS4,1,34.99,34.99
WESTLAND MALL,VIDEO JUEGO,PLAYSTATION 4- PS4,722674120388,Naruto Shippuden UNS4 PS4,1,69.99,69.99
WESTLAND MALL,VIDEO JUEGO,PLAYSTATION 4- PS4,722674120388,Naruto Shippuden UNS4 PS4,1,69.99,69.99
WESTLAND MALL,VIDEO JUEGO,PLAYSTATION 4- PS4,722674120388,Naruto Shippuden UNS4 PS4,1,69.99,69.99
WESTLAND MALL,VIDEO JUEGO,PLAYSTATION 4- PS4,722674120388,Naruto Shippuden UNS4 PS4,1,69.99,69.99
WESTLAND MALL,VIDEO JUEGO,PLAYSTATION 4- PS4,83717203063,PES 16 PS4,1,34.99,34.99
WESTLAND MALL,VIDEO JUEGO,PLAYSTATION 4- PS4,722674120388,Naruto Shippuden UNS4 PS4,1,69.99,69.99
WESTLAND MALL,VIDEO JUEGO,PLAYSTATION 4- PS4,722674120388,Naruto Shippuden UNS4 PS4,1,69.99,69.99
WESTLAND MALL,VIDEO JUEGO,PLAYSTATION 4- PS4,722674120388,Naruto Shippuden UNS4 PS4,1,69.99,69.99
WESTLAND MALL,VIDEO JUEGO,PLAYSTATION 4- PS4,722674120388,Naruto Shippuden UNS4 PS4,1,69.99,69.99
WESTLAND MALL,VIDEO JUEGO,PLAYSTATION 4- PS4,722674120388,Naruto Shippuden UNS4 PS4,1,69.99,69.99
WESTLAND MALL,VIDEO JUEGO,PLAYSTATION 4- PS4,722674120388,Naruto Shippuden UNS4 PS4,1,69.99,69.99
WESTLAND MALL,VIDEO JUEGO,PLAYSTATION 4- PS4,722674120388,Naruto Shippuden UNS4 PS4,1,69.99,69.99
WESTLAND MALL,VIDEO JUEGO,PLAYSTATION 3 - PS3 ,83717203087,PES 16-PS3,1,24.99,24.99
WESTLAND MALL,VIDEO JUEGO,PLAYSTATION 3 - PS3 ,83717203087,PES 16-PS3,1,24.99,24.99
WESTLAND MALL,VIDEO JUEGO,PLAYSTATION 3 - PS3 ,83717203087,PES 16-PS3,1,24.99,24.99
WESTLAND MALL,VIDEO JUEGO,PLAYSTATION 3 - PS3 ,14633197457,NFS Most Wanted PS3,1,29.99,29.99
WESTLAND MALL,VIDEO JUEGO,PLAYSTATION 3 - PS3 ,887256301156,Just Dance 2015 PS3,1,39.99,39.99
WESTLAND MALL,VIDEO JUEGO,PLAYSTATION 3 - PS3 ,887256000172,Assassin Creed Rogue PS3,1,39.99,39.99
WESTLAND MALL,VIDEO JUEGO,PS VITA,859204005010,Hyperdimension Neptunia Psvita,1,19.99,19.99
WESTLAND MALL,VIDEO JUEGO,PS VITA,859204005003,Hyper noire PSVITA,1,29.99,29.99
WESTLAND MALL,VIDEO JUEGO,PS VITA,711719053095,MLB 15 The Show PSVITA,1,19.99,19.99
WESTLAND MALL,ACCESORIO,TOYS 2 LIFE,712725027476,Disney infinity 3.0 Hulkbuster,1,19.99,19.99
WESTLAND MALL,VIDEO JUEGO,NINTENDO WII U,8888188056,Watchdogs Wiiu,1,39.99,39.99
WESTLAND MALL,VIDEO JUEGO,NINTENDO WII U,45496903190,Donkey Kong Coun T.F SEL WiiU,1,59.99,59.99
WESTLAND MALL,VIDEO JUEGO,NINTENDO WII U,45496903213,Super Mario 3D World SEL Wiiu,1,69.99,69.99
WESTLAND MALL,VIDEO JUEGO,NINTENDO WII U,45496903756,Super Mario Maker Wii U,1,69.99,69.99
WESTLAND MALL,VIDEO JUEGO,NINTENDO WII U,45496903398,Wii Sports Club Wiiu ,1,29.99,29.99
WESTLAND MALL,VIDEO JUEGO,NINTENDO WII U,887256014605,Just Dance 2016 Wii U,1,59.99,59.99
WESTLAND MALL,VIDEO JUEGO,NINTENDO WII U,45496903510,MARIO PARTY 10 WII U,1,59.99,59.99
WESTLAND MALL,CONSOLAS,NINTENDO WII U,45496881726,Nintendo Wii u 32 GB Splatoon,1,369.99,369.99
WESTLAND MALL,ACCESORIO,NINTENDO WIIU,45496891046,Nunchuk Negro Wiiu,1,24.99,24.99
WESTLAND MALL,VIDEO JUEGO,PLAYSTATION 3 - PS3 ,887256014285,Just Dance 2016- PS3,1,49.99,49.99
WESTLAND MALL,VIDEO JUEGO,NINTENDO WII U,45496903367,Mario Kart 8 Wii U,1,69.99,69.99
WESTLAND MALL,VIDEO JUEGO,NINTENDO WII U,47875874893,GH Software + Guitar WiiU,1,129.99,129.99
WESTLAND MALL,VIDEO JUEGO,NINTENDO WII U,45496903367,Mario Kart 8 Wii U,-1,69.99,-69.99
WESTLAND MALL,VIDEO JUEGO,NINTENDO WII U,45496903404,Super Smash Bros Wii U,1,69.99,69.99
WESTLAND MALL,VIDEO JUEGO,NINTENDO Wii,887256014599,Just Dance 2016- Wii,1,49.99,49.99
WESTLAND MALL,VIDEO JUEGO,NINTENDO Wii,887256014599,Just Dance 2016- Wii,1,49.99,49.99
WESTLAND MALL,VIDEO JUEGO,PLAYSTATION 4- PS4,722674120388,Naruto Shippuden UNS4 PS4,1,69.99,69.99
WESTLAND MALL,VIDEO JUEGO,PLAYSTATION 4- PS4,722674120388,Naruto Shippuden UNS4 PS4,1,69.99,69.99
WESTLAND MALL,VIDEO JUEGO,PLAYSTATION 4- PS4,722674120388,Naruto Shippuden UNS4 PS4,1,69.99,69.99
WESTLAND MALL,VIDEO JUEGO,PLAYSTATION 4- PS4,14633368611,NFS PS4,1,69.99,69.99
WESTLAND MALL,VIDEO JUEGO,PLAYSTATION 4- PS4,711719500575,PES 15 PS4,1,0.01,0.01
WESTLAND MALL,VIDEO JUEGO,PLAYSTATION 4- PS4,710425475290,GTA V PS4,1,0.01,0.01
WESTLAND MALL,ACCESORIO,NINTENDO WII,45496890605,Wii Remote Plus Azul,1,49.99,49.99
WESTLAND MALL,VIDEO JUEGO,PLAYSTATION 4- PS4,722674120388,Naruto Shippuden UNS4 PS4,1,69.99,69.99
WESTLAND MALL,VIDEO JUEGO,PLAYSTATION 4- PS4,722674120388,Naruto Shippuden UNS4 PS4,1,69.99,69.99
WESTLAND MALL,VIDEO JUEGO,PLAYSTATION 4- PS4,13388937028,Street Fighter V - PS4,1,69.99,69.99
WESTLAND MALL,VIDEO JUEGO,PLAYSTATION 4- PS4,722674120401,Saint Seiya Soldiers Soul PS4,1,59.99,59.99
WESTLAND MALL,VIDEO JUEGO,PLAYSTATION 4- PS4,14633735499,Fifa 16 PS4,1,0.01,0.01
WESTLAND MALL,VIDEO JUEGO,PLAYSTATION 4- PS4,14633735499,Fifa 16 PS4,1,0.01,0.01
WESTLAND MALL,VIDEO JUEGO,PLAYSTATION 4- PS4,13388937028,Street Fighter V - PS4,1,69.99,69.99
WESTLAND MALL,ACCESORIO,TARJETAS,799366552260,PSN $50,1,69.99,69.99
WESTLAND MALL,ACCESORIO,TARJETAS,799366552260,PSN $50,1,69.99,69.99
WESTLAND MALL,ACCESORIO,TARJETAS,711719478102,PSN $20,1,29.99,29.99
WESTLAND MALL,ACCESORIO,TARJETAS,799366552260,PSN $50,1,69.99,69.99
WESTLAND MALL,ACCESORIO,TARJETAS,711719478102,PSN $20,1,29.99,29.99
WESTLAND MALL,ACCESORIO,TARJETAS,799366086444,Google Play $15,1,19.99,19.99
WESTLAND MALL,ACCESORIO,TARJETAS,711719478102,PSN $20,1,29.99,29.99
WESTLAND MALL,ACCESORIO,TARJETAS,711719478102,PSN $20,1,29.99,29.99
WESTLAND MALL,ACCESORIO,TARJETAS,711719478102,PSN $20,1,28.04,28.04
WESTLAND MALL,VIDEO JUEGO,PLAYSTATION 4- PS4,47875874602,COD BLACK OPS III PS4,1,69.99,69.99
WESTLAND MALL,VIDEO JUEGO,PLAYSTATION 4- PS4,47875874602,COD BLACK OPS III PS4,1,0.01,0.01
WESTLAND MALL,VIDEO JUEGO,PLAYSTATION 4- PS4,887256014582,Just Dance 2016 PS4,1,59.99,59.99
WESTLAND MALL,VIDEO JUEGO,PLAYSTATION 4- PS4,47875874602,COD BLACK OPS III PS4,1,69.99,69.99
WESTLAND MALL,ACCESORIO,TOYS 2 LIFE,45496891923,Amiibo Ike,1,19.99,19.99
WESTLAND MALL,ACCESORIO,TOYS 2 LIFE,45496892753,Amiibo  Mr Resetti,1,19.99,19.99
WESTLAND MALL,ACCESORIO,TOYS 2 LIFE,45496892722,Amiibo kicks,1,19.99,19.99
WESTLAND MALL,ACCESORIO,TOYS 2 LIFE,45496892746,Amiibo Celeste,1,19.99,19.99
WESTLAND MALL,ACCESORIO,TOYS 2 LIFE,45496892227,Amiibo Yoshi Pink Yarn,1,24.99,24.99
WESTLAND MALL,ACCESORIO,TOYS 2 LIFE,45496892739,Amiibo Blathers,1,19.99,19.99
WESTLAND MALL,ACCESORIO,TOYS 2 LIFE,45496892036,Amiibo Super Toad,1,19.99,19.99
WESTLAND MALL,ACCESORIO,TOYS 2 LIFE,45496892241,Amiibo Yoshi Green ,1,24.99,24.99
WESTLAND MALL,ACCESORIO,TOYS 2 LIFE,45496892227,Amiibo Yoshi Pink Yarn,1,24.99,24.99
WESTLAND MALL,ACCESORIO,PLAYSTATION 4 - PS4,663293106080,Mochila (SONY) - PS4,1,62.99,62.99
WESTLAND MALL,ACCESORIO,PLAYSTATION 4 - PS4,849172003064,Siliconeskin negrocontroll PS4,1,9.99,9.99
WESTLAND MALL,ACCESORIO,PLAYSTATION 4 - PS4,849172001787,Thumb Grips PS4 ,1,12.99,12.99
WESTLAND MALL,ACCESORIO,PLAYSTATION 4 - PS4,849172001787,Thumb Grips PS4 ,1,12.99,12.99
WESTLAND MALL,ACCESORIO,PLAYSTATION 4 - PS4,663293106080,Mochila (SONY) - PS4,1,69.99,69.99
WESTLAND MALL,ACCESORIO,PLAYSTATION 4 - PS4,849172003071,Siliconeskin azul controll PS4,1,9.99,9.99
WESTLAND MALL,AUDIFONOS,GAMING,728658042066,Headset Kama PS4,1,39.99,39.99
WESTLAND MALL,ACCESORIO,PSVita,708056004965,Silicone Skin Psvita,1,15.99,15.99
WESTLAND MALL,ACCESORIO,PSVita,849172003644,Ac Adacter Psvita,1,19.99,19.99
WESTLAND MALL,ACCESORIO,PSVita,849172003644,Ac Adacter Psvita,1,19.99,19.99
WESTLAND MALL,ACCESORIO,PSVita,708056004958,Trigger Grips PSVITA 2000,1,19.99,19.99
WESTLAND MALL,ACCESORIO,PLAYSTATION 3,849172003446,Cable cargador Twin  KMD - PS3,1,19.99,19.99
WESTLAND MALL,ACCESORIO,NINTENDO WIIU,873124005035,Wii Wheel Mario 8 Wiiu HORI,1,15.99,15.99
WESTLAND MALL,ACCESORIO,NINTENDO WIIU,849172003330,Sensor de Barra  Wiiu ,1,19.99,19.99
WESTLAND MALL,ACCESORIO,NINTENDO WIIU,849172001251,Cable cargador KMD - Wiiu,1,12.99,12.99
WESTLAND MALL,ACCESORIO,NINTENDO WIIU,849172001251,Cable cargador KMD - Wiiu,1,12.99,12.99
WESTLAND MALL,ACCESORIO,XBOX 360,885370145717,Wired Control - XBOX360,1,49.99,49.99
WESTLAND MALL,ACCESORIO,XBOX 360,885370114843,Control Inala/Negro - XBOX 360,1,59.99,59.99
WESTLAND MALL,ACCESORIO,XBOX 360,885370145717,Wired Control - XBOX360,-1,49.99,-49.99
WESTLAND MALL,ACCESORIO,XBOX 360,885370145717,Wired Control - XBOX360,1,49.99,49.99
WESTLAND MALL,VIDEO JUEGO,PLAYSTATION 4- PS4,883929408177,Shadow of Mordor PS4,1,39.99,39.99
WESTLAND MALL,VIDEO JUEGO,PLAYSTATION 4- PS4,883929366927,Lego MarvelSuper Heroes - PS4,1,39.99,39.99
WESTLAND MALL,ACCESORIO,TARJETAS,711719039792,PSN Plus 3 Month,1,24.99,24.99
WESTLAND MALL,ACCESORIO,TARJETAS,711719039792,PSN Plus 3 Month,1,24.99,24.99
WESTLAND MALL,ACCESORIO,XBOX 360,885370145717,Wired Control - XBOX360,1,49.99,49.99
WESTLAND MALL,ACCESORIO,NINTENDO 3DS,873124005288,Case dura flexi clear 3dsxl,1,12.99,12.99
WESTLAND MALL,ACCESORIO,NINTENDO WIIU,849172001251,Cable cargador KMD - Wiiu,1,12.99,12.99
WESTLAND MALL,VIDEO JUEGO,PLAYSTATION 4- PS4,883929412341,Batman:Arkham Knight PS4,1,62.99,62.99
WESTLAND MALL,VIDEO JUEGO,PLAYSTATION 4- PS4,883929366927,Lego MarvelSuper Heroes - PS4,1,39.99,39.99
WESTLAND MALL,ACCESORIO,PLAYSTATION 4 - PS4,711719100423,Camara - PS4,1,69.99,69.99
WESTLAND MALL,ACCESORIO,NINTENDO WIIU,873124005431,Wii Wheel Toad  Wiiu,1,15.99,15.99
WESTLAND MALL,VIDEO JUEGO,PLAYSTATION 4- PS4,883929366927,Lego MarvelSuper Heroes - PS4,1,39.99,39.99
WESTLAND MALL,ACCESORIO,NINTENDO 3DS,617885003691,Case Universal Star Wars,1,29.99,29.99
WESTLAND MALL,ACCESORIO,TARJETAS,711719039792,PSN Plus 3 Month,1,24.99,24.99
WESTLAND MALL,VIDEO JUEGO,PLAYSTATION 3 - PS3 ,722674111195,Dragon Ball Z Battle of Z-PS3,1,39.99,39.99
WESTLAND MALL,VIDEO JUEGO,NINTENDO 3DS,722674700634,Dragon Ball Z extr. butome 3DS,1,39.99,39.99
WESTLAND MALL,ACCESORIO,TARJETAS,711719039792,PSN Plus 3 Month,1,24.99,24.99
WESTLAND MALL,VIDEO JUEGO,PLAYSTATION 3 - PS3 ,711719051343,Minecraft PS3,1,29.99,29.99
WESTLAND MALL,VIDEO JUEGO,PLAYSTATION 3 - PS3 ,711719051343,Minecraft PS3,1,29.99,29.99
WESTLAND MALL,ACCESORIO,TARJETAS,711719039792,PSN Plus 3 Month,1,24.99,24.99
WESTLAND MALL,AUDIFONOS,SKULLCANDY,878615067813,SkullCandy Smokin´Buds 2 FLORA,1,29.99,29.99
WESTLAND MALL,AUDIFONOS,SKULLCANDY,878615067813,SkullCandy Smokin´Buds 2 FLORA,1,26.99,26.99
WESTLAND MALL,ACCESORIO,TARJETAS,711719039808,PSN Plus 1 Year,1,69.99,69.99
WESTLAND MALL,ACCESORIO,TARJETAS,711719039808,PSN Plus 1 Year,1,69.99,69.99
WESTLAND MALL,ACCESORIO,TARJETAS,711719039808,PSN Plus 1 Year,1,69.99,69.99
WESTLAND MALL,ACCESORIO,PLAYSTATION 3,711719990154,Dualshock 3 Rosado,1,59.99,59.99
WESTLAND MALL,ACCESORIO,TARJETAS,711719039792,PSN Plus 3 Month,1,24.99,24.99
WESTLAND MALL,ACCESORIO,TOYS 2 LIFE,712725027254,Disney infinity 3.0 The fo.3PA,1,49.99,49.99
WESTLAND MALL,ACCESORIO,TOYS 2 LIFE,45496892234,Amiibo Yoshi Ligth Blue Yarn ,1,24.99,24.99
WESTLAND MALL,ACCESORIO,TARJETAS,711719039808,PSN Plus 1 Year,1,69.99,69.99
WESTLAND MALL,ACCESORIO,PLAYSTATION 4 - PS4,711719039617,Dualshock 4 Rojo - PS4,1,69.99,69.99
WESTLAND MALL,VIDEO JUEGO,PLAYSTATION 4- PS4,711719501312,God of war III remast.PS4,1,49.99,49.99
WESTLAND MALL,ACCESORIO,PLAYSTATION 4 - PS4,711719039617,Dualshock 4 Rojo - PS4,1,69.99,69.99
WESTLAND MALL,VIDEO JUEGO,PLAYSTATION 3 - PS3 ,10086690552,Sonic Generations FAV PS3,1,19.99,19.99
WESTLAND MALL,ACCESORIO,PLAYSTATION 3,711719984757,Dualshock 3 Azul PS3,1,59.99,59.99
WESTLAND MALL,ACCESORIO,PLAYSTATION 3,711719984757,Dualshock 3 Azul PS3,1,59.99,59.99
WESTLAND MALL,ACCESORIO,PLAYSTATION 3,711719984757,Dualshock 3 Azul PS3,-1,59.99,-59.99
WESTLAND MALL,ACCESORIO,PLAYSTATION 3,711719984757,Dualshock 3 Azul PS3,1,59.99,59.99
WESTLAND MALL,ACCESORIO,PLAYSTATION 4 - PS4,711719051473,Dualshock 4 Blanco - PS4,1,69.99,69.99
WESTLAND MALL,CONSOLAS,PLAYSTATION 4 - PS4,711719502470,PS4 Uncharted Collect Bundle ,1,449.99,449.99
WESTLAND MALL,CONSOLAS,PLAYSTATION 4 - PS4,711719502470,PS4 Uncharted Collect Bundle ,1,449.99,449.99
WESTLAND MALL,CONSOLAS,PLAYSTATION 4 - PS4,711719502470,PS4 Uncharted Collect Bundle ,1,399.99,399.99
WESTLAND MALL,CONSOLAS,PLAYSTATION 4 - PS4,711719502470,PS4 Uncharted Collect Bundle ,1,449.99,449.99
WESTLAND MALL,CONSOLAS,PLAYSTATION 4 - PS4,711719502470,PS4 Uncharted Collect Bundle ,1,499.99,499.99
WESTLAND MALL,CONSOLAS,PLAYSTATION 4 - PS4,711719502470,PS4 Uncharted Collect Bundle ,1,399.99,399.99
